unix,date,symbol,open,high,low,close,Volume REP,Volume USD,Index
1599609600,9/9/2020,REP/USD,16.01,16.14,15.88,16.01,62194.32,3880.02,0
1599523200,9/8/2020,REP/USD,16.79,17.52,15.57,16.01,533282.99,32144.36,1
1599436800,9/7/2020,REP/USD,17.55,17.7,16.16,16.79,365938.1,22045.66,2
1599350400,9/6/2020,REP/USD,16.7,17.88,15.51,17.55,678786.97,40800.14,3
1599264000,9/5/2020,REP/USD,18.54,19.39,15.01,16.7,1148292.85,65590.95,4
1599177600,9/4/2020,REP/USD,16.98,18.98,15.74,18.54,1695077.34,98041.7,5
1599091200,9/3/2020,REP/USD,20.86,21.0,15.55,16.98,2728048.22,146246.75,6
1599004800,9/2/2020,REP/USD,21.87,22.54,20.15,20.86,1623920.62,76156.7,7
1598918400,9/1/2020,REP/USD,22.02,22.7,21.42,21.87,1733483.81,79067.29,8
1598832000,8/31/2020,REP/USD,22.68,23.0,22.02,22.02,796870.02,35748.54,9
1598745600,8/30/2020,REP/USD,23.01,23.46,21.9,22.68,1783531.53,78971.74,10
1598659200,8/29/2020,REP/USD,22.68,23.5,22.04,23.01,1705750.65,75319.57,11
1598572800,8/28/2020,REP/USD,21.65,23.19,21.19,22.68,2534808.53,113963.55,12
1598486400,8/27/2020,REP/USD,23.64,24.5,21.2,21.65,3039816.45,132619.24,13
1598400000,8/26/2020,REP/USD,22.08,27.0,21.1,23.64,6691103.21,283448.57,14
1598313600,8/25/2020,REP/USD,24.19,24.65,20.94,22.08,4538486.02,199256.88,15
1598227200,8/24/2020,REP/USD,24.97,27.45,23.3,24.19,6775010.8,268759.27,16
1598140800,8/23/2020,REP/USD,27.18,27.75,24.0,24.97,8458860.19,328198.73,17
1598054400,8/22/2020,REP/USD,31.8,37.0,25.2,27.18,44565717.18,1503088.53,18
1597968000,8/21/2020,REP/USD,20.72,34.79,20.57,31.8,30443146.36,1102865.79,19
1597881600,8/20/2020,REP/USD,19.96,21.4,19.56,20.72,1043053.92,51135.88,20
1597795200,8/19/2020,REP/USD,20.92,20.93,19.53,19.96,762283.75,37662.12,21
1597708800,8/18/2020,REP/USD,21.71,22.06,19.92,20.92,1533579.63,72746.72,22
1597622400,8/17/2020,REP/USD,22.47,22.51,21.32,21.71,1430569.54,65175.81,23
1597536000,8/16/2020,REP/USD,21.74,22.74,20.76,22.47,1796022.84,82336.07,24
1597449600,8/15/2020,REP/USD,21.7,22.55,20.67,21.74,2154074.51,97967.97,25
1597363200,8/14/2020,REP/USD,20.9,21.78,20.59,21.7,1564040.46,73660.52,26
1597276800,8/13/2020,REP/USD,20.86,21.67,20.0,20.9,1656078.19,79374.09,27
1597190400,8/12/2020,REP/USD,20.49,21.28,19.88,20.86,883197.35,42799.67,28
1597104000,8/11/2020,REP/USD,21.3,21.44,19.86,20.49,1252823.59,60867.23,29
1597017600,8/10/2020,REP/USD,21.93,22.3,20.75,21.3,1479037.51,68918.07,30
1596931200,8/9/2020,REP/USD,21.33,22.0,20.82,21.93,1626402.88,76367.45,31
1596844800,8/8/2020,REP/USD,20.82,21.45,20.73,21.33,1064247.54,50414.47,32
1596758400,8/7/2020,REP/USD,21.64,21.71,19.68,20.82,920930.22,44401.12,33
1596672000,8/6/2020,REP/USD,21.45,21.8,20.82,21.64,919593.67,43323.74,34
1596585600,8/5/2020,REP/USD,20.99,22.25,20.67,21.45,1167715.16,54661.78,35
1596499200,8/4/2020,REP/USD,20.43,23.6,20.25,20.99,2582544.29,118741.48,36
1596412800,8/3/2020,REP/USD,18.94,21.5,18.78,20.43,1501223.19,73383.64,37
1596326400,8/2/2020,REP/USD,20.7,21.05,18.8,18.94,1922364.95,97610.63,38
1596240000,8/1/2020,REP/USD,20.23,21.0,20.0,20.7,1625916.29,79733.11,39
1596153600,7/31/2020,REP/USD,20.44,20.8,19.75,20.23,1043546.51,51404.66,40
1596067200,7/30/2020,REP/USD,20.32,21.18,20.12,20.44,1532546.52,74506.98,41
1595980800,7/29/2020,REP/USD,21.56,21.68,20.1,20.32,1633672.97,79016.21,42
1595894400,7/28/2020,REP/USD,20.48,22.22,19.58,21.56,4528922.52,218108.29,43
1595808000,7/27/2020,REP/USD,22.54,23.54,19.42,20.48,3284174.06,156641.31,44
1595721600,7/26/2020,REP/USD,22.99,23.02,21.65,22.54,2038080.37,90492.5,45
1595635200,7/25/2020,REP/USD,23.19,24.4,22.82,22.99,2249010.33,96367.98,46
1595548800,7/24/2020,REP/USD,22.78,24.49,22.42,23.19,2531240.25,107314.33,47
1595462400,7/23/2020,REP/USD,23.46,23.97,22.19,22.78,3727163.47,162567.8,48
1595376000,7/22/2020,REP/USD,23.48,25.74,23.08,23.54,6059765.28,249415.92,49
1595289600,7/21/2020,REP/USD,19.38,25.91,19.35,23.48,7758539.42,348535.66,50
1595203200,7/20/2020,REP/USD,19.03,19.95,18.88,19.38,976717.74,50333.23,51
1595116800,7/19/2020,REP/USD,19.35,19.57,18.81,19.03,594341.2,31122.73,52
1595030400,7/18/2020,REP/USD,19.14,19.72,18.6,19.35,924541.27,48311.78,53
1594944000,7/17/2020,REP/USD,19.2,19.36,18.85,19.14,702946.54,36855.8,54
1594857600,7/16/2020,REP/USD,19.38,20.15,18.78,19.2,1524069.34,78789.93,55
1594771200,7/15/2020,REP/USD,20.03,20.37,19.05,19.38,1621545.98,82383.68,56
1594684800,7/14/2020,REP/USD,18.8,20.31,18.02,20.03,1133986.32,58508.46,57
1594598400,7/13/2020,REP/USD,19.49,19.86,18.46,18.8,943109.47,49309.5,58
1594512000,7/12/2020,REP/USD,19.35,19.98,19.21,19.49,665812.34,33968.63,59
1594425600,7/11/2020,REP/USD,19.21,19.43,18.84,19.35,755807.36,39520.3,60
1594339200,7/10/2020,REP/USD,19.25,19.92,18.64,19.21,1160460.21,60412.69,61
1594252800,7/9/2020,REP/USD,20.28,20.31,18.95,19.25,1329912.63,67865.28,62
1594166400,7/8/2020,REP/USD,19.9,21.19,19.28,20.28,2541787.92,124900.32,63
1594080000,7/7/2020,REP/USD,19.01,19.91,18.76,19.9,1169405.44,60452.69,64
1593993600,7/6/2020,REP/USD,18.2,19.73,18.2,19.01,1776892.93,93197.11,65
1593907200,7/5/2020,REP/USD,18.88,19.07,17.45,18.2,1576678.82,86888.32,66
1593820800,7/4/2020,REP/USD,18.15,20.0,18.09,18.88,4224586.49,222784.48,67
1593734400,7/3/2020,REP/USD,16.85,18.5,16.75,18.15,2303498.56,129358.05,68
1593648000,7/2/2020,REP/USD,16.88,17.42,16.39,16.85,1374300.09,81389.87,69
1593561600,7/1/2020,REP/USD,16.33,17.04,16.16,16.88,372074.43,22376.44,70
1593475200,6/30/2020,REP/USD,16.95,17.75,16.23,16.33,1322615.45,78393.24,71
1593388800,6/29/2020,REP/USD,15.95,16.97,15.91,16.95,1333807.05,80878.69,72
1593302400,6/28/2020,REP/USD,16.08,16.58,15.66,15.95,1056232.36,65899.73,73
1593216000,6/27/2020,REP/USD,17.58,17.86,15.51,16.08,2414037.32,143898.89,74
1593129600,6/26/2020,REP/USD,16.11,17.81,15.55,17.58,2039041.84,122923.95,75
1593043200,6/25/2020,REP/USD,16.8,16.84,15.85,16.11,1120761.76,69043.03,76
1592956800,6/24/2020,REP/USD,17.6,17.83,16.25,16.8,1689733.5,99929.01,77
1592870400,6/23/2020,REP/USD,18.13,18.92,17.34,17.6,2255624.44,124808.11,78
1592784000,6/22/2020,REP/USD,17.81,18.3,17.51,18.13,1682976.26,94368.58,79
1592697600,6/21/2020,REP/USD,17.63,18.21,17.29,17.81,2586477.63,145735.02,80
1592611200,6/20/2020,REP/USD,18.62,19.5,17.3,17.63,5555842.27,299915.94,81
1592524800,6/19/2020,REP/USD,16.33,18.78,15.83,18.62,5244024.09,300394.66,82
1592438400,6/18/2020,REP/USD,15.98,16.62,15.47,16.33,1277862.9,80258.05,83
1592352000,6/17/2020,REP/USD,15.69,16.41,15.29,15.98,1142829.99,71853.69,84
1592265600,6/16/2020,REP/USD,15.26,15.97,15.13,15.69,848533.03,54789.67,85
1592179200,6/15/2020,REP/USD,15.48,16.36,14.4,15.26,2173620.25,142638.8,86
1592092800,6/14/2020,REP/USD,16.82,17.18,15.25,15.48,2426720.51,150439.81,87
1592006400,6/13/2020,REP/USD,14.97,17.14,14.28,16.82,1860429.35,117031.62,88
1591920000,6/12/2020,REP/USD,13.8,15.33,13.59,14.97,1075409.91,73486.63,89
1591833600,6/11/2020,REP/USD,15.77,16.55,13.8,13.8,2860102.18,184198.22,90
1591747200,6/10/2020,REP/USD,14.76,16.29,14.42,15.77,2462863.35,159650.2,91
1591660800,6/9/2020,REP/USD,14.79,14.89,14.35,14.76,712162.12,48672.01,92
1591574400,6/8/2020,REP/USD,14.56,15.3,14.55,14.79,1041497.78,69938.19,93
1591488000,6/7/2020,REP/USD,14.25,14.69,14.12,14.56,751135.17,51968.32,94
1591401600,6/6/2020,REP/USD,14.02,14.45,13.96,14.25,340978.21,24084.83,95
1591315200,6/5/2020,REP/USD,14.25,14.93,14.0,14.02,843678.91,58698.53,96
1591228800,6/4/2020,REP/USD,14.32,15.48,13.95,14.25,1674330.64,114096.57,97
1591142400,6/3/2020,REP/USD,13.46,14.49,13.33,14.32,600430.7,42910.44,98
1591056000,6/2/2020,REP/USD,13.66,13.93,12.79,13.46,965637.23,71400.46,99
1590969600,6/1/2020,REP/USD,12.76,13.93,12.75,13.66,574995.69,43253.05,100
1590883200,5/31/2020,REP/USD,13.4,13.4,12.66,12.76,531934.47,40796.37,101
1590796800,5/30/2020,REP/USD,12.74,13.4,12.65,13.4,481594.71,36861.24,102
1590710400,5/29/2020,REP/USD,12.8,12.91,12.65,12.74,270604.86,21185.38,103
1590624000,5/28/2020,REP/USD,12.8,12.87,12.48,12.8,374267.43,29447.82,104
1590537600,5/27/2020,REP/USD,12.54,12.87,12.28,12.8,606500.88,48204.5,105
1590451200,5/26/2020,REP/USD,12.44,12.65,12.23,12.54,550348.01,44191.63,106
1590364800,5/25/2020,REP/USD,12.04,12.59,12.02,12.44,255610.07,20795.45,107
1590278400,5/24/2020,REP/USD,12.59,12.78,12.03,12.04,377274.8,30360.15,108
1590192000,5/23/2020,REP/USD,12.46,12.98,12.31,12.59,386485.92,30512.12,109
1590105600,5/22/2020,REP/USD,12.28,12.98,11.96,12.46,859083.62,69315.0,110
1590019200,5/21/2020,REP/USD,12.95,12.95,11.9,12.28,560542.23,45138.78,111
1589932800,5/20/2020,REP/USD,12.86,13.31,12.79,12.95,761282.5,58625.51,112
1589846400,5/19/2020,REP/USD,12.98,12.98,12.73,12.86,374306.13,29129.74,113
1589760000,5/18/2020,REP/USD,12.8,13.01,12.69,12.98,483852.57,37655.01,114
1589673600,5/17/2020,REP/USD,12.79,12.92,12.65,12.8,467127.74,36528.24,115
1589587200,5/16/2020,REP/USD,12.66,12.95,12.55,12.79,574306.21,44966.71,116
1589500800,5/15/2020,REP/USD,12.88,13.58,12.28,12.66,1553234.14,119702.75,117
1589414400,5/14/2020,REP/USD,13.12,13.14,12.52,12.88,1008917.31,78425.22,118
1589328000,5/13/2020,REP/USD,13.05,13.63,12.76,13.12,1310546.45,99861.36,119
1589241600,5/12/2020,REP/USD,13.53,14.32,12.7,13.05,2852809.04,213193.81,120
1589155200,5/11/2020,REP/USD,11.86,15.2,11.8,13.53,7246074.61,533290.64,121
1589068800,5/10/2020,REP/USD,12.91,12.94,11.03,11.86,1963446.05,166985.65,122
1588982400,5/9/2020,REP/USD,13.87,14.22,12.81,12.91,3834611.04,286744.89,123
1588896000,5/8/2020,REP/USD,11.2,16.7,10.84,13.87,6081332.89,444338.69,124
1588809600,5/7/2020,REP/USD,10.83,11.33,10.66,11.2,397544.42,36177.31,125
1588723200,5/6/2020,REP/USD,11.16,11.26,10.8,10.83,271993.83,24652.06,126
1588636800,5/5/2020,REP/USD,10.85,11.53,10.77,11.16,455844.62,40800.18,127
1588550400,5/4/2020,REP/USD,10.81,11.58,10.1,10.85,608051.47,55639.7,128
1588464000,5/3/2020,REP/USD,11.25,11.29,10.64,10.81,253976.38,23314.3,129
1588377600,5/2/2020,REP/USD,10.88,11.38,10.81,11.25,324820.71,29377.95,130
1588291200,5/1/2020,REP/USD,10.67,11.43,10.63,10.88,482539.87,43637.32,131
1588204800,4/30/2020,REP/USD,10.95,11.54,10.34,10.67,553620.62,50804.9,132
1588118400,4/29/2020,REP/USD,10.49,11.27,10.46,10.95,732302.11,67587.97,133
1588032000,4/28/2020,REP/USD,10.46,10.6,10.26,10.49,200335.28,19128.1,134
1587945600,4/27/2020,REP/USD,10.44,10.53,10.11,10.46,211195.37,20457.71,135
1587859200,4/26/2020,REP/USD,10.21,10.66,10.16,10.44,454597.36,43613.88,136
1587772800,4/25/2020,REP/USD,10.15,10.31,10.1,10.21,260866.36,25562.72,137
1587686400,4/24/2020,REP/USD,9.98,10.29,9.8,10.15,302051.09,29868.2,138
1587600000,4/23/2020,REP/USD,9.86,10.39,9.79,9.98,527775.5,52619.18,139
1587513600,4/22/2020,REP/USD,9.66,10.05,9.61,9.86,202300.76,20528.47,140
1587427200,4/21/2020,REP/USD,9.6,9.76,9.45,9.66,144644.24,15030.66,141
1587340800,4/20/2020,REP/USD,9.97,10.21,9.45,9.6,389837.92,39905.12,142
1587254400,4/19/2020,REP/USD,10.21,10.24,9.92,9.97,184082.04,18264.22,143
1587168000,4/18/2020,REP/USD,9.92,10.3,9.92,10.21,369147.92,36432.96,144
1587081600,4/17/2020,REP/USD,10.05,10.08,9.88,9.92,144997.27,14557.58,145
1586995200,4/16/2020,REP/USD,9.64,10.15,9.39,10.05,454090.65,45961.97,146
1586908800,4/15/2020,REP/USD,9.94,10.06,9.61,9.64,252322.19,25635.65,147
1586822400,4/14/2020,REP/USD,10.01,10.28,9.7,9.94,564569.62,56702.14,148
1586736000,4/13/2020,REP/USD,9.8,10.15,9.31,10.01,475375.97,49510.52,149
1586649600,4/12/2020,REP/USD,9.91,10.25,9.7,9.8,205075.27,20536.9,150
1586563200,4/11/2020,REP/USD,9.7,10.17,9.63,9.91,533717.34,53983.98,151
1586476800,4/10/2020,REP/USD,10.63,11.0,9.1,9.7,1779549.31,178472.51,152
1586390400,4/9/2020,REP/USD,10.36,10.67,10.1,10.63,673714.9,65404.05,153
1586304000,4/8/2020,REP/USD,10.13,10.44,10.07,10.36,390651.17,38112.11,154
1586217600,4/7/2020,REP/USD,10.2,10.5,10.0,10.13,831900.95,81046.04,155
1586131200,4/6/2020,REP/USD,9.7,10.21,9.68,10.2,597221.14,59505.54,156
1586044800,4/5/2020,REP/USD,9.89,9.95,9.67,9.7,269262.56,27483.2,157
1585958400,4/4/2020,REP/USD,9.91,10.1,9.61,9.89,498884.86,50857.81,158
1585872000,4/3/2020,REP/USD,10.07,10.21,9.62,9.91,531824.77,53280.71,159
1585785600,4/2/2020,REP/USD,10.2,10.45,9.77,10.07,677147.55,66862.47,160
1585699200,4/1/2020,REP/USD,10.17,10.25,9.76,10.2,490478.39,49207.36,161
1585612800,3/31/2020,REP/USD,10.01,10.75,10.0,10.17,1290720.0,125276.85,162
1585526400,3/30/2020,REP/USD,9.56,10.2,9.44,10.01,1304449.17,131774.74,163
1585440000,3/29/2020,REP/USD,10.06,10.12,9.16,9.56,759650.89,78661.81,164
1585353600,3/28/2020,REP/USD,9.94,10.99,9.28,10.06,2068230.48,206724.09,165
1585267200,3/27/2020,REP/USD,10.32,11.9,9.58,9.94,2728264.56,257894.16,166
1585180800,3/26/2020,REP/USD,9.23,12.2,8.99,10.32,3069386.33,303950.07,167
1585094400,3/25/2020,REP/USD,8.64,9.35,8.31,9.23,621295.29,69712.52,168
1585008000,3/24/2020,REP/USD,8.47,8.75,8.23,8.64,291724.04,34141.02,169
1584921600,3/23/2020,REP/USD,7.78,8.76,7.57,8.47,280808.73,34725.02,170
1584835200,3/22/2020,REP/USD,8.69,8.98,7.73,7.78,490551.65,58166.64,171
1584748800,3/21/2020,REP/USD,8.16,8.99,7.88,8.69,473653.34,55836.96,172
1584662400,3/20/2020,REP/USD,8.79,9.46,7.58,8.16,1168375.2,136990.2,173
1584576000,3/19/2020,REP/USD,8.08,9.25,7.99,8.79,974856.81,112755.91,174
1584489600,3/18/2020,REP/USD,7.32,8.58,6.81,8.08,742476.32,94575.55,175
1584403200,3/17/2020,REP/USD,6.74,7.49,6.66,7.32,288147.29,39819.32,176
1584316800,3/16/2020,REP/USD,7.49,7.58,6.11,6.74,309623.94,45402.5,177
1584230400,3/15/2020,REP/USD,7.32,8.18,7.05,7.49,371521.3,49725.68,178
1584144000,3/14/2020,REP/USD,7.91,8.55,7.2,7.32,453083.59,56693.54,179
1584057600,3/13/2020,REP/USD,6.58,8.89,5.56,7.91,1260738.06,167573.24,180
1583971200,3/12/2020,REP/USD,11.42,11.49,6.5,6.58,1328520.92,159825.81,181
1583884800,3/11/2020,REP/USD,11.62,11.95,10.73,11.42,513973.5,44915.41,182
1583798400,3/10/2020,REP/USD,12.02,13.23,11.23,11.62,1200250.36,98703.93,183
1583712000,3/9/2020,REP/USD,10.96,12.29,10.52,12.02,697828.5,61791.95,184
1583625600,3/8/2020,REP/USD,12.57,12.58,10.91,10.96,445530.34,37819.58,185
1583539200,3/7/2020,REP/USD,12.68,13.5,12.49,12.57,741880.46,57257.98,186
1583452800,3/6/2020,REP/USD,12.52,12.75,12.36,12.68,177580.07,14136.63,187
1583366400,3/5/2020,REP/USD,12.58,12.93,12.41,12.52,294462.33,23277.3,188
1583280000,3/4/2020,REP/USD,12.22,12.77,12.05,12.58,297932.81,24249.82,189
1583193600,3/3/2020,REP/USD,12.75,13.09,11.95,12.22,465953.67,37518.76,190
1583107200,3/2/2020,REP/USD,12.39,13.5,12.25,12.75,1051046.36,81812.74,191
1583020800,3/1/2020,REP/USD,11.07,13.89,11.03,12.39,2272957.94,178328.2,192
1582934400,2/29/2020,REP/USD,11.36,11.57,11.06,11.07,133098.68,11718.64,193
1582848000,2/28/2020,REP/USD,11.56,11.81,10.75,11.36,272688.29,24311.73,194
1582761600,2/27/2020,REP/USD,11.07,12.36,10.66,11.56,376850.89,32774.14,195
1582675200,2/26/2020,REP/USD,12.57,12.65,10.63,11.07,469372.65,40586.37,196
1582588800,2/25/2020,REP/USD,13.21,13.21,12.3,12.57,315796.34,24951.29,197
1582502400,2/24/2020,REP/USD,13.89,14.24,12.22,13.21,618016.88,46635.28,198
1582416000,2/23/2020,REP/USD,13.13,13.96,13.11,13.89,203829.93,14955.43,199
1582329600,2/22/2020,REP/USD,13.52,13.58,13.02,13.13,244824.03,18436.82,200
1582243200,2/21/2020,REP/USD,13.94,13.94,13.17,13.52,626832.23,46424.67,201
1582156800,2/20/2020,REP/USD,13.46,13.99,12.45,13.94,771021.52,58379.73,202
1582070400,2/19/2020,REP/USD,14.2,15.9,13.01,13.46,1075164.95,74191.02,203
1581984000,2/18/2020,REP/USD,13.92,14.58,13.47,14.2,1162344.67,82368.37,204
1581897600,2/17/2020,REP/USD,14.4,14.51,12.71,13.92,960098.41,70694.29,205
1581811200,2/16/2020,REP/USD,14.67,15.17,12.86,14.4,1126763.25,79768.29,206
1581724800,2/15/2020,REP/USD,16.43,17.18,14.5,14.67,1504218.07,95106.79,207
1581638400,2/14/2020,REP/USD,16.19,16.89,15.86,16.43,3145475.26,191800.33,208
1581552000,2/13/2020,REP/USD,17.35,18.03,16.05,16.19,1897731.83,112807.11,209
1581465600,2/12/2020,REP/USD,16.78,18.98,16.58,17.35,1448439.26,82963.05,210
1581379200,2/11/2020,REP/USD,16.31,16.97,15.64,16.78,976485.17,59672.21,211
1581292800,2/10/2020,REP/USD,16.41,16.5,15.57,16.31,383874.47,23820.39,212
1581206400,2/9/2020,REP/USD,16.21,16.75,16.03,16.41,724558.67,44149.81,213
1581120000,2/8/2020,REP/USD,15.87,16.42,15.06,16.21,761866.04,48203.18,214
1581033600,2/7/2020,REP/USD,15.68,16.14,15.53,15.87,548517.38,34627.64,215
1580947200,2/6/2020,REP/USD,15.73,16.71,15.48,15.68,806731.84,50634.32,216
1580860800,2/5/2020,REP/USD,15.46,15.92,14.85,15.73,1538773.14,99878.22,217
1580774400,2/4/2020,REP/USD,15.17,17.49,14.47,15.46,2364353.6,150606.0,218
1580688000,2/3/2020,REP/USD,14.27,15.25,14.26,15.17,531582.28,36114.54,219
1580601600,2/2/2020,REP/USD,14.15,14.73,13.92,14.27,591595.15,41067.57,220
1580515200,2/1/2020,REP/USD,14.12,14.37,14.0,14.15,475285.19,33641.91,221
1580428800,1/31/2020,REP/USD,14.65,14.65,14.0,14.12,381712.81,26779.21,222
1580342400,1/30/2020,REP/USD,14.02,14.75,13.87,14.65,639373.14,44600.03,223
1580256000,1/29/2020,REP/USD,14.63,14.72,13.91,14.02,1220970.52,85530.79,224
1580169600,1/28/2020,REP/USD,14.41,14.8,14.19,14.63,576995.74,39839.93,225
1580083200,1/27/2020,REP/USD,14.34,15.29,14.34,14.41,974717.75,66121.83,226
1579996800,1/26/2020,REP/USD,14.47,14.9,13.92,14.34,670695.52,46783.01,227
1579910400,1/25/2020,REP/USD,15.04,15.75,14.09,14.47,1489038.02,100764.77,228
1579824000,1/24/2020,REP/USD,13.66,15.2,12.86,15.04,1189846.92,84207.8,229
1579737600,1/23/2020,REP/USD,13.84,13.95,12.85,13.66,333769.18,25102.54,230
1579651200,1/22/2020,REP/USD,14.0,14.49,13.65,13.84,350755.85,25108.81,231
1579564800,1/21/2020,REP/USD,13.98,14.49,13.67,14.0,368365.74,26076.39,232
1579478400,1/20/2020,REP/USD,13.5,14.6,13.06,13.98,818806.31,58757.71,233
1579392000,1/19/2020,REP/USD,14.07,15.5,13.18,13.5,924100.61,65848.86,234
1579305600,1/18/2020,REP/USD,15.0,15.85,13.94,14.07,1504833.36,103300.39,235
1579219200,1/17/2020,REP/USD,15.83,16.73,14.5,15.0,4105156.32,265170.18,236
1579132800,1/16/2020,REP/USD,22.75,22.75,14.04,15.83,13041550.3,753854.6,237
1579046400,1/15/2020,REP/USD,10.08,23.2,10.01,22.75,3262687.44,232178.61,238
1578960000,1/14/2020,REP/USD,9.48,10.2,9.42,10.08,421059.66,42545.8,239
1578873600,1/13/2020,REP/USD,9.6,9.62,9.29,9.48,172510.26,18322.02,240
1578787200,1/12/2020,REP/USD,9.46,9.62,9.41,9.6,65568.62,6893.94,241
1578700800,1/11/2020,REP/USD,9.35,9.71,9.26,9.46,115361.1,12092.55,242
1578614400,1/10/2020,REP/USD,9.24,9.72,9.03,9.35,203750.62,21931.88,243
1578528000,1/9/2020,REP/USD,9.52,9.59,9.19,9.24,95823.21,10178.88,244
1578441600,1/8/2020,REP/USD,9.53,10.1,9.36,9.52,230504.08,23757.67,245
1578355200,1/7/2020,REP/USD,9.68,9.94,9.38,9.53,127191.8,13162.09,246
1578268800,1/6/2020,REP/USD,9.32,9.99,9.27,9.68,202223.79,21129.77,247
1578182400,1/5/2020,REP/USD,9.04,9.57,9.03,9.32,183044.13,19606.46,248
1578096000,1/4/2020,REP/USD,8.8,9.2,8.76,9.04,84714.94,9445.0,249
1578009600,1/3/2020,REP/USD,8.47,9.43,8.39,8.8,172706.39,19357.01,250
1577923200,1/2/2020,REP/USD,8.58,9.04,8.37,8.47,298943.23,34723.37,251
1577836800,1/1/2020,REP/USD,8.77,8.95,8.5,8.58,261692.44,29844.92,252
1577750400,12/31/2019,REP/USD,8.99,9.05,8.53,8.77,569522.1,64824.93,253
1577664000,12/30/2019,REP/USD,9.13,9.97,8.99,8.99,257933.48,27446.82,254
1577577600,12/29/2019,REP/USD,9.02,9.32,9.0,9.13,84182.83,9218.48,255
1577491200,12/28/2019,REP/USD,9.28,9.42,9.0,9.02,178427.65,19456.12,256
1577404800,12/27/2019,REP/USD,9.28,9.34,9.01,9.28,33251.34,3613.28,257
1577318400,12/26/2019,REP/USD,9.38,9.5,9.17,9.28,51127.26,5477.87,258
1577232000,12/25/2019,REP/USD,9.6,9.81,9.27,9.38,49690.73,5253.73,259
1577145600,12/24/2019,REP/USD,9.71,9.87,9.56,9.6,58206.94,6012.77,260
1577059200,12/23/2019,REP/USD,9.79,10.04,9.63,9.71,93329.9,9497.14,261
1576972800,12/22/2019,REP/USD,9.78,9.88,9.59,9.79,60646.08,6230.35,262
1576886400,12/21/2019,REP/USD,9.77,9.82,9.64,9.78,65632.19,6730.99,263
1576800000,12/20/2019,REP/USD,9.51,9.85,9.42,9.77,122676.22,12670.78,264
1576713600,12/19/2019,REP/USD,9.96,10.09,9.33,9.51,186802.7,19510.63,265
1576627200,12/18/2019,REP/USD,8.72,10.08,8.4,9.96,310991.79,33059.76,266
1576540800,12/17/2019,REP/USD,9.47,9.54,8.46,8.72,271600.87,30473.45,267
1576454400,12/16/2019,REP/USD,10.04,10.25,9.4,9.47,301091.06,30509.0,268
1576368000,12/15/2019,REP/USD,9.91,10.18,9.72,10.04,68468.69,6887.36,269
1576281600,12/14/2019,REP/USD,10.09,10.13,9.67,9.91,116084.35,11698.59,270
1576195200,12/13/2019,REP/USD,10.07,10.29,10.02,10.09,147137.72,14473.65,271
1576108800,12/12/2019,REP/USD,10.16,10.24,9.67,10.07,235604.57,23722.09,272
1576022400,12/11/2019,REP/USD,10.21,10.38,10.02,10.16,183615.74,18034.13,273
1575936000,12/10/2019,REP/USD,10.12,10.56,9.9,10.21,272241.54,26735.2,274
1575849600,12/9/2019,REP/USD,10.42,10.44,10.0,10.12,133468.57,13061.33,275
1575763200,12/8/2019,REP/USD,10.31,10.51,10.23,10.42,191094.75,18403.46,276
1575676800,12/7/2019,REP/USD,10.49,10.67,10.28,10.31,269299.93,25718.54,277
1575590400,12/6/2019,REP/USD,10.66,10.66,10.2,10.49,185999.23,17891.87,278
1575504000,12/5/2019,REP/USD,9.99,10.71,9.95,10.66,241217.64,23241.01,279
1575417600,12/4/2019,REP/USD,10.18,10.64,9.86,9.99,348717.88,34660.04,280
1575331200,12/3/2019,REP/USD,10.25,10.41,10.05,10.18,88650.25,8667.95,281
1575244800,12/2/2019,REP/USD,10.67,10.68,10.05,10.25,142744.8,13894.31,282
1575158400,12/1/2019,REP/USD,10.76,10.79,10.45,10.67,67080.58,6330.58,283
1575072000,11/30/2019,REP/USD,10.95,11.08,10.67,10.76,149254.67,13772.08,284
1574985600,11/29/2019,REP/USD,10.69,11.17,10.67,10.95,178877.62,16388.17,285
1574899200,11/28/2019,REP/USD,10.82,11.07,10.65,10.69,147056.0,13537.25,286
1574812800,11/27/2019,REP/USD,10.87,11.01,10.07,10.82,316514.8,29507.46,287
1574726400,11/26/2019,REP/USD,10.44,11.1,10.36,10.87,327093.36,30494.79,288
1574640000,11/25/2019,REP/USD,10.22,11.2,9.5,10.44,639304.83,62636.95,289
1574553600,11/24/2019,REP/USD,11.19,11.28,10.17,10.22,307600.81,28867.44,290
1574467200,11/23/2019,REP/USD,10.73,11.75,10.61,11.19,594827.88,53311.44,291
1574380800,11/22/2019,REP/USD,11.29,11.44,9.8,10.73,786739.32,73813.61,292
1574294400,11/21/2019,REP/USD,11.98,12.45,10.88,11.29,837079.96,71821.01,293
1574208000,11/20/2019,REP/USD,10.42,12.45,10.42,11.98,1459878.72,123247.34,294
1574121600,11/19/2019,REP/USD,10.9,10.97,9.87,10.42,486751.07,47252.48,295
1574035200,11/18/2019,REP/USD,11.6,11.85,10.59,10.9,385776.11,34409.08,296
1573948800,11/17/2019,REP/USD,11.1,11.61,10.97,11.6,245760.37,21712.45,297
1573862400,11/16/2019,REP/USD,10.76,11.36,10.75,11.1,230612.46,20775.06,298
1573776000,11/15/2019,REP/USD,11.25,11.44,10.53,10.76,271570.86,24813.8,299
1573689600,11/14/2019,REP/USD,11.54,11.71,10.83,11.25,482368.59,42808.39,300
1573603200,11/13/2019,REP/USD,11.68,12.0,11.36,11.54,282353.85,24439.09,301
1573516800,11/12/2019,REP/USD,11.76,12.21,11.36,11.68,243202.54,20685.36,302
1573430400,11/11/2019,REP/USD,12.12,12.27,11.64,11.76,343378.57,28808.3,303
1573344000,11/10/2019,REP/USD,12.32,12.74,11.84,12.12,744839.55,61002.3,304
1573257600,11/9/2019,REP/USD,11.2,12.7,11.02,12.32,1242642.78,102919.93,305
1573171200,11/8/2019,REP/USD,11.23,12.5,10.3,11.2,1424249.61,123081.01,306
1573084800,11/7/2019,REP/USD,11.37,12.1,10.7,11.23,1053892.2,94308.87,307
1572998400,11/6/2019,REP/USD,12.17,12.6,11.35,11.37,797060.4,67173.18,308
1572912000,11/5/2019,REP/USD,12.23,13.02,11.56,12.17,1611869.07,131923.44,309
1572825600,11/4/2019,REP/USD,10.3,12.95,10.25,12.23,2549096.29,216325.5,310
1572739200,11/3/2019,REP/USD,10.02,11.17,9.54,10.3,1069330.32,104504.49,311
1572652800,11/2/2019,REP/USD,9.12,10.5,9.1,10.02,736908.87,75958.74,312
1572566400,11/1/2019,REP/USD,8.98,9.25,8.75,9.12,371881.83,41282.34,313
1572480000,10/31/2019,REP/USD,9.05,9.36,8.85,8.98,273290.93,30247.85,314
1572393600,10/30/2019,REP/USD,9.31,9.7,8.82,9.05,344229.85,37822.13,315
1572307200,10/29/2019,REP/USD,9.09,10.35,8.77,9.31,938553.6,99278.53,316
1572220800,10/28/2019,REP/USD,8.4,9.68,8.35,9.09,585831.35,64790.43,317
1572134400,10/27/2019,REP/USD,8.29,8.6,8.06,8.4,158199.5,19001.29,318
1572048000,10/26/2019,REP/USD,8.01,8.9,7.52,8.29,460610.94,55711.69,319
1571961600,10/25/2019,REP/USD,7.53,8.33,7.46,8.01,253025.44,31727.71,320
1571875200,10/24/2019,REP/USD,7.38,7.63,7.36,7.53,67951.2,9078.39,321
1571788800,10/23/2019,REP/USD,8.02,8.04,7.3,7.38,218586.65,28658.67,322
1571702400,10/22/2019,REP/USD,8.22,8.27,8.0,8.02,121489.0,14963.91,323
1571616000,10/21/2019,REP/USD,8.17,8.32,8.07,8.22,75089.74,9170.21,324
1571529600,10/20/2019,REP/USD,8.11,8.23,8.03,8.17,44746.75,5518.5,325
1571443200,10/19/2019,REP/USD,8.28,8.33,8.03,8.11,91791.7,11255.91,326
1571356800,10/18/2019,REP/USD,8.15,8.31,8.0,8.28,126182.35,15386.93,327
1571270400,10/17/2019,REP/USD,8.09,8.22,7.97,8.15,139751.21,17274.2,328
1571184000,10/16/2019,REP/USD,8.16,8.31,7.75,8.09,158404.9,19714.35,329
1571097600,10/15/2019,REP/USD,8.34,8.55,8.1,8.16,195801.64,23556.49,330
1571011200,10/14/2019,REP/USD,8.2,8.42,8.01,8.34,227861.29,27658.65,331
1570924800,10/13/2019,REP/USD,8.24,8.54,8.13,8.2,120410.26,14531.78,332
1570838400,10/12/2019,REP/USD,8.12,8.33,8.12,8.24,50778.94,6164.21,333
1570752000,10/11/2019,REP/USD,8.48,8.59,8.1,8.12,208619.52,25227.94,334
1570665600,10/10/2019,REP/USD,8.66,9.0,8.38,8.48,195929.84,22650.87,335
1570579200,10/9/2019,REP/USD,8.49,8.85,8.38,8.66,306508.76,35689.47,336
1570492800,10/8/2019,REP/USD,8.33,8.87,8.12,8.49,191768.59,22706.53,337
1570406400,10/7/2019,REP/USD,8.0,8.45,7.88,8.33,141809.54,17230.23,338
1570320000,10/6/2019,REP/USD,8.15,8.18,7.81,8.0,105884.04,13242.0,339
1570233600,10/5/2019,REP/USD,8.14,8.26,8.0,8.15,109872.4,13558.02,340
1570147200,10/4/2019,REP/USD,8.2,8.27,8.02,8.14,115349.04,14151.01,341
1570060800,10/3/2019,REP/USD,8.39,8.99,8.1,8.2,192672.95,23031.34,342
1569974400,10/2/2019,REP/USD,8.29,8.45,8.11,8.39,108876.15,13213.4,343
1569888000,10/1/2019,REP/USD,8.51,8.78,8.26,8.29,89078.14,10494.56,344
1569801600,9/30/2019,REP/USD,8.2,8.51,7.88,8.51,89177.57,10817.24,345
1569715200,9/29/2019,REP/USD,8.4,8.41,7.99,8.2,57019.49,6983.17,346
1569628800,9/28/2019,REP/USD,8.42,8.52,8.25,8.4,61692.01,7392.09,347
1569542400,9/27/2019,REP/USD,8.0,8.43,7.83,8.42,153312.72,18974.1,348
1569456000,9/26/2019,REP/USD,8.61,8.98,7.61,8.0,230023.55,27926.85,349
1569369600,9/25/2019,REP/USD,8.84,9.12,8.02,8.61,159899.17,18652.19,350
1569283200,9/24/2019,REP/USD,10.52,10.53,8.55,8.84,297058.4,30814.92,351
1569196800,9/23/2019,REP/USD,10.55,11.0,10.36,10.52,170310.29,16135.25,352
1569110400,9/22/2019,REP/USD,10.75,10.76,10.39,10.55,127993.52,12160.74,353
1569024000,9/21/2019,REP/USD,10.86,10.94,10.48,10.75,93216.53,8729.12,354
1568937600,9/20/2019,REP/USD,10.74,11.0,10.66,10.86,220324.22,20289.42,355
1568851200,9/19/2019,REP/USD,10.73,10.93,10.25,10.74,301271.26,28596.3,356
1568764800,9/18/2019,REP/USD,10.61,11.69,10.58,10.73,466053.27,42184.94,357
1568678400,9/17/2019,REP/USD,10.4,12.15,10.16,10.61,541707.82,49792.21,358
1568592000,9/16/2019,REP/USD,10.39,10.58,10.29,10.4,108445.04,10398.27,359
1568505600,9/15/2019,REP/USD,10.68,10.74,10.33,10.39,76489.75,7256.05,360
1568419200,9/14/2019,REP/USD,10.49,10.7,10.26,10.68,117996.48,11296.62,361
1568332800,9/13/2019,REP/USD,10.6,10.65,10.17,10.49,227129.89,21764.14,362
1568246400,9/12/2019,REP/USD,10.23,11.5,10.13,10.6,544719.4,50471.6,363
1568160000,9/11/2019,REP/USD,10.34,10.48,10.0,10.23,182101.79,17798.47,364
1568073600,9/10/2019,REP/USD,10.62,10.77,9.91,10.34,321545.58,31434.12,365
1567987200,9/9/2019,REP/USD,10.89,10.95,10.35,10.62,342982.59,32269.39,366
1567900800,9/8/2019,REP/USD,10.83,11.25,10.62,10.89,518192.28,47312.49,367
1567814400,9/7/2019,REP/USD,11.13,12.0,10.5,10.83,995759.63,90078.86,368
1567728000,9/6/2019,REP/USD,9.12,12.76,9.09,11.13,2564466.18,237650.45,369
1567641600,9/5/2019,REP/USD,8.44,9.5,8.41,9.12,524817.69,58445.2,370
1567555200,9/4/2019,REP/USD,8.19,9.87,8.1,8.44,776567.36,87845.36,371
1567468800,9/3/2019,REP/USD,8.19,8.57,8.1,8.19,278575.82,33576.22,372
1567382400,9/2/2019,REP/USD,8.03,8.37,7.95,8.19,184814.7,22613.21,373
1567296000,9/1/2019,REP/USD,8.0,8.2,7.96,8.03,115916.96,14382.97,374
1567209600,8/31/2019,REP/USD,8.12,8.27,7.78,8.0,154130.4,19167.65,375
1567123200,8/30/2019,REP/USD,8.1,8.43,7.99,8.12,165476.02,20129.11,376
1567036800,8/29/2019,REP/USD,8.37,8.5,7.85,8.1,731673.36,90720.27,377
1566950400,8/28/2019,REP/USD,9.38,9.41,8.11,8.37,434865.06,49618.82,378
1566864000,8/27/2019,REP/USD,9.66,9.74,9.34,9.38,409281.45,42904.18,379
1566777600,8/26/2019,REP/USD,9.57,10.11,9.56,9.66,142865.62,14717.62,380
1566691200,8/25/2019,REP/USD,9.8,9.91,9.35,9.57,144518.23,14970.23,381
1566604800,8/24/2019,REP/USD,9.83,9.91,9.6,9.8,107556.81,11014.48,382
1566518400,8/23/2019,REP/USD,9.95,10.02,9.55,9.83,133660.55,13582.59,383
1566432000,8/22/2019,REP/USD,9.89,10.11,9.51,9.95,168359.76,17123.24,384
1566345600,8/21/2019,REP/USD,9.94,10.64,9.32,9.89,575383.8,58110.82,385
1566259200,8/20/2019,REP/USD,10.3,11.48,9.94,9.94,723165.29,67483.88,386
1566172800,8/19/2019,REP/USD,9.65,10.34,9.57,10.3,137597.35,13891.6,387
1566086400,8/18/2019,REP/USD,9.46,9.8,9.36,9.65,145404.62,15044.43,388
1566000000,8/17/2019,REP/USD,9.64,9.7,9.35,9.46,96259.92,10122.47,389
1565913600,8/16/2019,REP/USD,9.98,10.15,9.42,9.64,148102.16,15156.83,390
1565827200,8/15/2019,REP/USD,9.69,10.1,9.04,9.98,435367.49,45888.1,391
1565740800,8/14/2019,REP/USD,10.6,10.6,9.47,9.69,438344.77,43659.88,392
1565654400,8/13/2019,REP/USD,10.87,10.89,10.34,10.6,196707.5,18555.91,393
1565568000,8/12/2019,REP/USD,11.01,11.06,10.86,10.87,115177.49,10502.59,394
1565481600,8/11/2019,REP/USD,10.85,11.1,10.81,11.01,207510.02,18873.97,395
1565395200,8/10/2019,REP/USD,10.9,10.95,10.68,10.85,156555.71,14449.85,396
1565308800,8/9/2019,REP/USD,11.13,11.18,9.75,10.9,345608.5,32221.27,397
1565222400,8/8/2019,REP/USD,11.1,11.18,10.82,11.13,321574.61,29354.74,398
1565136000,8/7/2019,REP/USD,11.02,11.73,10.78,11.1,396648.37,35607.87,399
1565049600,8/6/2019,REP/USD,11.7,11.75,10.8,11.02,960487.09,86005.84,400
1564963200,8/5/2019,REP/USD,10.96,13.39,10.93,11.7,1583362.58,129975.38,401
1564876800,8/4/2019,REP/USD,11.13,11.15,10.62,10.96,312660.44,28697.71,402
1564790400,8/3/2019,REP/USD,11.13,11.35,10.95,11.13,334155.51,29988.59,403
1564704000,8/2/2019,REP/USD,11.08,11.5,10.99,11.13,292119.44,26127.77,404
1564617600,8/1/2019,REP/USD,11.48,11.59,11.05,11.08,320726.92,28354.49,405
1564531200,7/31/2019,REP/USD,11.71,11.94,11.24,11.48,553970.9,47860.0,406
1564444800,7/30/2019,REP/USD,11.14,11.78,10.98,11.71,300052.19,26377.39,407
1564358400,7/29/2019,REP/USD,11.08,11.53,10.89,11.14,209243.6,18782.95,408
1564272000,7/28/2019,REP/USD,11.11,11.17,10.58,11.08,164786.75,14986.87,409
1564185600,7/27/2019,REP/USD,11.52,11.92,10.85,11.11,257887.37,22796.02,410
1564099200,7/26/2019,REP/USD,11.42,11.69,11.17,11.52,253003.23,22149.01,411
1564012800,7/25/2019,REP/USD,11.72,12.07,11.34,11.42,260174.0,22158.91,412
1563926400,7/24/2019,REP/USD,11.59,11.91,11.11,11.72,277159.88,24134.71,413
1563840000,7/23/2019,REP/USD,12.02,12.32,11.55,11.59,208568.71,17526.33,414
1563753600,7/22/2019,REP/USD,12.61,12.74,11.8,12.02,225665.08,18426.07,415
1563667200,7/21/2019,REP/USD,12.75,12.89,12.24,12.61,225889.71,18045.1,416
1563580800,7/20/2019,REP/USD,12.37,13.2,12.17,12.75,374691.36,29322.15,417
1563494400,7/19/2019,REP/USD,12.05,12.62,11.5,12.37,452691.57,37615.28,418
1563408000,7/18/2019,REP/USD,11.18,13.05,10.85,12.05,607524.67,50612.8,419
1563321600,7/17/2019,REP/USD,10.76,11.66,9.96,11.18,535061.9,48913.1,420
1563235200,7/16/2019,REP/USD,12.85,13.21,10.37,10.76,592866.5,52359.51,421
1563148800,7/15/2019,REP/USD,13.15,13.26,12.31,12.85,556232.22,43351.18,422
1563062400,7/14/2019,REP/USD,14.65,14.79,13.13,13.15,384409.09,27644.02,423
1562976000,7/13/2019,REP/USD,15.51,15.79,14.2,14.65,400327.37,26547.18,424
1562889600,7/12/2019,REP/USD,14.24,15.54,13.95,15.51,667250.12,45144.53,425
1562803200,7/11/2019,REP/USD,15.26,15.69,14.01,14.24,851863.53,57495.22,426
1562716800,7/10/2019,REP/USD,16.39,17.25,14.98,15.26,1624512.1,100832.21,427
1562630400,7/9/2019,REP/USD,14.6,18.5,14.56,16.39,3262149.73,199472.61,428
1562544000,7/8/2019,REP/USD,14.82,14.97,14.34,14.6,351321.58,23995.9,429
1562457600,7/7/2019,REP/USD,14.39,14.84,14.2,14.82,188026.48,12922.09,430
1562371200,7/6/2019,REP/USD,14.22,15.14,14.2,14.39,568997.63,38761.8,431
1562284800,7/5/2019,REP/USD,14.29,14.47,13.76,14.22,533142.34,37880.96,432
1562198400,7/4/2019,REP/USD,14.5,15.3,14.16,14.29,437215.27,29637.25,433
1562112000,7/3/2019,REP/USD,14.81,15.25,14.5,14.5,420934.39,28190.65,434
1562025600,7/2/2019,REP/USD,15.2,15.39,12.56,14.81,784683.98,53371.37,435
1561939200,7/1/2019,REP/USD,15.55,16.26,14.5,15.2,473360.37,30887.96,436
1561852800,6/30/2019,REP/USD,16.76,17.21,15.53,15.55,476942.35,29193.32,437
1561766400,6/29/2019,REP/USD,16.92,17.17,15.73,16.76,703192.12,42980.32,438
1561680000,6/28/2019,REP/USD,16.58,17.36,15.81,16.92,528787.93,31618.44,439
1561593600,6/27/2019,REP/USD,17.67,19.59,16.23,16.58,2057045.08,115315.01,440
1561507200,6/26/2019,REP/USD,17.89,18.2,16.89,17.67,1187952.66,66869.68,441
1561420800,6/25/2019,REP/USD,18.2,18.2,17.33,17.89,450900.72,25360.25,442
1561334400,6/24/2019,REP/USD,18.17,18.27,17.61,18.2,406721.52,22599.84,443
1561248000,6/23/2019,REP/USD,18.5,18.5,18.02,18.17,354101.6,19333.81,444
1561161600,6/22/2019,REP/USD,18.25,18.98,18.06,18.5,754430.94,40809.56,445
1561075200,6/21/2019,REP/USD,17.97,18.5,17.81,18.25,407573.21,22537.26,446
1560988800,6/20/2019,REP/USD,18.32,18.37,17.82,17.97,278199.83,15416.26,447
1560902400,6/19/2019,REP/USD,18.08,18.52,18.02,18.32,168617.99,9221.22,448
1560816000,6/18/2019,REP/USD,18.76,19.14,17.79,18.08,472611.63,25857.28,449
1560729600,6/17/2019,REP/USD,18.76,18.97,18.52,18.76,350763.4,18758.2,450
1560643200,6/16/2019,REP/USD,18.79,19.58,18.11,18.76,352129.1,18836.22,451
1560556800,6/15/2019,REP/USD,18.3,18.85,18.05,18.79,424829.95,22996.21,452
1560470400,6/14/2019,REP/USD,18.44,19.22,17.65,18.3,400263.99,21796.95,453
1560384000,6/13/2019,REP/USD,18.59,18.75,18.24,18.44,237042.86,12800.63,454
1560297600,6/12/2019,REP/USD,18.63,18.84,18.24,18.59,310075.82,16747.48,455
1560211200,6/11/2019,REP/USD,18.9,19.69,18.11,18.63,351019.36,18682.07,456
1560124800,6/10/2019,REP/USD,17.98,19.05,17.57,18.9,466882.96,25207.96,457
1560038400,6/9/2019,REP/USD,19.23,20.97,17.5,17.98,1082335.52,56925.39,458
1559952000,6/8/2019,REP/USD,18.48,19.3,18.24,19.23,315093.19,16722.31,459
1559865600,6/7/2019,REP/USD,17.63,18.6,17.5,18.48,315937.34,17527.66,460
1559779200,6/6/2019,REP/USD,17.62,17.89,16.89,17.63,221276.93,12712.85,461
1559692800,6/5/2019,REP/USD,17.1,18.99,17.02,17.62,357019.68,20033.46,462
1559606400,6/4/2019,REP/USD,18.52,18.52,16.67,17.1,462517.61,26213.82,463
1559520000,6/3/2019,REP/USD,19.78,19.86,18.4,18.52,267142.29,13889.2,464
1559433600,6/2/2019,REP/USD,19.46,20.0,19.27,19.78,223105.49,11392.21,465
1559347200,6/1/2019,REP/USD,19.7,19.78,19.29,19.46,213862.3,10950.98,466
1559260800,5/31/2019,REP/USD,19.28,19.75,18.21,19.7,528210.2,27745.35,467
1559174400,5/30/2019,REP/USD,20.55,21.2,18.9,19.28,1186806.18,57922.49,468
1559088000,5/29/2019,REP/USD,20.45,21.17,19.93,20.55,861767.78,41984.07,469
1559001600,5/28/2019,REP/USD,20.3,20.64,20.06,20.45,536293.99,26384.83,470
1558915200,5/27/2019,REP/USD,20.12,20.98,19.54,20.3,1132040.87,55668.46,471
1558828800,5/26/2019,REP/USD,19.57,20.5,19.13,20.12,611065.56,30563.88,472
1558742400,5/25/2019,REP/USD,19.29,20.0,19.29,19.57,279237.7,14206.34,473
1558656000,5/24/2019,REP/USD,19.63,20.69,19.21,19.29,681327.4,34322.49,474
1558569600,5/23/2019,REP/USD,19.34,19.76,18.38,19.63,452889.94,23630.45,475
1558483200,5/22/2019,REP/USD,20.53,21.35,19.25,19.34,578341.7,28511.23,476
1558396800,5/21/2019,REP/USD,21.25,21.25,20.0,20.53,1056287.96,51380.46,477
1558310400,5/20/2019,REP/USD,22.65,22.82,20.58,21.25,308102.6,14197.13,478
1558224000,5/19/2019,REP/USD,21.75,22.9,21.75,22.65,600192.58,26751.02,479
1558137600,5/18/2019,REP/USD,21.21,22.19,20.91,21.75,399171.18,18304.13,480
1558051200,5/17/2019,REP/USD,22.95,23.21,19.0,21.21,822020.0,39726.1,481
1557964800,5/16/2019,REP/USD,24.35,26.0,21.35,22.95,1134511.4,47017.98,482
1557878400,5/15/2019,REP/USD,21.19,25.0,20.92,24.35,1203481.35,52048.22,483
1557792000,5/14/2019,REP/USD,20.69,21.4,20.47,21.19,673353.89,32011.8,484
1557705600,5/13/2019,REP/USD,20.11,21.35,19.9,20.69,573129.17,27721.08,485
1557619200,5/12/2019,REP/USD,21.26,21.5,19.83,20.11,629054.66,30475.97,486
1557532800,5/11/2019,REP/USD,19.88,21.9,19.71,21.26,921149.21,44306.44,487
1557446400,5/10/2019,REP/USD,19.09,20.16,18.66,19.88,350412.27,18071.15,488
1557360000,5/9/2019,REP/USD,19.81,20.16,18.79,19.09,200065.89,10331.26,489
1557273600,5/8/2019,REP/USD,19.91,20.0,19.52,19.81,181160.08,9172.87,490
1557187200,5/7/2019,REP/USD,20.73,21.1,19.69,19.91,309787.19,15136.44,491
1557100800,5/6/2019,REP/USD,20.0,20.75,19.5,20.73,288673.33,14443.49,492
1557014400,5/5/2019,REP/USD,20.06,20.32,19.83,20.0,107341.57,5349.22,493
1556928000,5/4/2019,REP/USD,20.45,21.14,19.72,20.06,271255.72,13270.41,494
1556841600,5/3/2019,REP/USD,20.04,20.82,19.61,20.45,435058.15,21380.58,495
1556755200,5/2/2019,REP/USD,20.36,20.79,19.96,20.04,222043.37,10922.4,496
1556668800,5/1/2019,REP/USD,21.01,21.2,19.97,20.36,363113.02,17728.18,497
1556582400,4/30/2019,REP/USD,20.28,21.65,20.08,21.01,549481.79,26504.29,498
1556496000,4/29/2019,REP/USD,21.09,21.35,19.45,20.28,517712.6,25350.87,499
1556409600,4/28/2019,REP/USD,21.39,21.95,20.83,21.09,308399.73,14415.48,500
1556323200,4/27/2019,REP/USD,21.69,22.0,21.15,21.39,211750.76,9824.0,501
1556236800,4/26/2019,REP/USD,21.1,22.14,20.51,21.69,645434.55,30341.56,502
1556150400,4/25/2019,REP/USD,21.83,23.1,20.48,21.1,953413.69,43313.62,503
1556064000,4/24/2019,REP/USD,21.75,22.27,20.35,21.83,558470.58,26329.71,504
1555977600,4/23/2019,REP/USD,22.87,22.92,21.37,21.75,630797.39,28528.55,505
1555891200,4/22/2019,REP/USD,20.96,25.0,20.95,22.87,1948964.76,85740.06,506
1555804800,4/21/2019,REP/USD,21.68,21.73,20.04,20.96,416163.3,20096.93,507
1555718400,4/20/2019,REP/USD,22.11,22.43,21.3,21.68,670220.86,30792.46,508
1555632000,4/19/2019,REP/USD,21.36,22.69,20.6,22.11,913535.61,42228.25,509
1555545600,4/18/2019,REP/USD,20.34,29.0,20.24,21.36,2810552.16,124265.99,510
1555459200,4/17/2019,REP/USD,19.06,20.34,18.97,20.34,286438.5,14506.06,511
1555372800,4/16/2019,REP/USD,18.69,20.26,18.21,19.06,71955.68,3828.03,512
1555286400,4/15/2019,REP/USD,20.26,20.7,18.24,18.69,132392.93,6755.67,513
1555200000,4/14/2019,REP/USD,18.78,20.35,18.67,20.26,84722.45,4363.41,514
1555113600,4/13/2019,REP/USD,19.18,19.19,18.59,18.78,59062.68,3142.43,515
