unix,date,symbol,open,high,low,close,Volume EOS,Volume USD,Index
1599609600,9/9/2020,EOS/USD,2.763,2.7739999999999996,2.696,2.728,193699.39,70780.3,0
1599523200,9/8/2020,EOS/USD,2.853,2.861,2.67,2.763,2023050.82,736211.9,1
1599436800,9/7/2020,EOS/USD,2.904,2.9389999999999996,2.661,2.853,2431853.75,873486.3,2
1599350400,9/6/2020,EOS/USD,2.9410000000000003,3.03,2.813,2.904,1932214.15,665214.2,3
1599264000,9/5/2020,EOS/USD,3.0069999999999997,3.15,2.781,2.9410000000000003,7485803.13,2541891.1,4
1599177600,9/4/2020,EOS/USD,2.625,3.24,2.59,3.0069999999999997,5586432.83,1903716.3,5
1599091200,9/3/2020,EOS/USD,3.1039999999999996,3.161,2.502,2.625,4215821.21,1468006.3,6
1599004800,9/2/2020,EOS/USD,3.4739999999999998,3.5,2.895,3.1039999999999996,5135367.16,1633567.6,7
1598918400,9/1/2020,EOS/USD,3.2110000000000003,3.557,3.155,3.4739999999999998,4035854.11,1192119.2,8
1598832000,8/31/2020,EOS/USD,3.262,3.2939999999999996,3.195,3.2110000000000003,1328413.68,409710.0,9
1598745600,8/30/2020,EOS/USD,3.127,3.272,3.1260000000000003,3.262,2303706.21,716020.7,10
1598659200,8/29/2020,EOS/USD,3.117,3.205,3.0860000000000003,3.127,1803194.65,573284.8,11
1598572800,8/28/2020,EOS/USD,2.98,3.176,2.9419999999999997,3.117,1905539.9,617851.6,12
1598486400,8/27/2020,EOS/USD,3.1180000000000003,3.15,2.86,2.98,2847996.22,952266.7,13
1598400000,8/26/2020,EOS/USD,3.123,3.1689999999999996,3.0610000000000004,3.1180000000000003,1668510.39,533808.8,14
1598313600,8/25/2020,EOS/USD,3.387,3.391,2.964,3.123,3803224.57,1204109.8,15
1598227200,8/24/2020,EOS/USD,3.322,3.424,3.286,3.387,1811381.84,536360.9,16
1598140800,8/23/2020,EOS/USD,3.367,3.386,3.23,3.322,1377389.45,414427.0,17
1598054400,8/22/2020,EOS/USD,3.248,3.3810000000000002,3.168,3.367,2753335.52,842559.5,18
1597968000,8/21/2020,EOS/USD,3.446,3.627,3.217,3.248,5920356.92,1721910.8,19
1597881600,8/20/2020,EOS/USD,3.35,3.4610000000000003,3.35,3.446,2702123.54,792629.9,20
1597795200,8/19/2020,EOS/USD,3.5869999999999997,3.6289999999999996,3.218,3.35,4990605.28,1467565.8,21
1597708800,8/18/2020,EOS/USD,3.778,3.825,3.523,3.5869999999999997,4911597.8,1342760.8,22
1597622400,8/17/2020,EOS/USD,3.8819999999999997,3.9139999999999997,3.68,3.778,7094570.32,1859047.6,23
1597536000,8/16/2020,EOS/USD,3.719,3.949,3.5010000000000003,3.8819999999999997,12910726.9,3418758.7,24
1597449600,8/15/2020,EOS/USD,3.267,3.8560000000000003,3.265,3.719,14506817.36,4070494.0,25
1597363200,8/14/2020,EOS/USD,3.139,3.295,3.089,3.267,4581759.83,1433309.9,26
1597276800,8/13/2020,EOS/USD,3.0260000000000002,3.1489999999999996,2.92,3.139,3836159.76,1256035.0,27
1597190400,8/12/2020,EOS/USD,3.005,3.052,2.889,3.0260000000000002,2514558.65,835887.4,28
1597104000,8/11/2020,EOS/USD,3.2430000000000003,3.3,2.8510000000000004,3.005,4639422.72,1494046.6,29
1597017600,8/10/2020,EOS/USD,3.033,3.301,3.0039999999999996,3.2430000000000003,5781597.05,1815379.3,30
1596931200,8/9/2020,EOS/USD,3.0669999999999997,3.0860000000000003,2.9330000000000003,3.033,1901418.69,628905.1,31
1596844800,8/8/2020,EOS/USD,3.012,3.094,2.978,3.0669999999999997,1246722.32,410654.7,32
1596758400,8/7/2020,EOS/USD,3.09,3.2489999999999997,2.767,3.012,4063399.63,1342497.7,33
1596672000,8/6/2020,EOS/USD,3.0580000000000003,3.182,3.0039999999999996,3.09,2551341.95,827806.2,34
1596585600,8/5/2020,EOS/USD,3.037,3.102,3.002,3.0580000000000003,1533273.31,502205.5,35
1596499200,8/4/2020,EOS/USD,3.049,3.1060000000000003,2.9610000000000003,3.037,2054273.48,676336.1,36
1596412800,8/3/2020,EOS/USD,2.946,3.128,2.904,3.049,2844048.45,936087.2,37
1596326400,8/2/2020,EOS/USD,3.3089999999999997,3.5,2.62,2.946,5285058.43,1739228.5,38
1596240000,8/1/2020,EOS/USD,3.097,3.33,3.075,3.3089999999999997,3316396.54,1031572.6,39
1596153600,7/31/2020,EOS/USD,3.051,3.147,3.014,3.097,1548387.94,503231.4,40
1596067200,7/30/2020,EOS/USD,3.025,3.105,2.958,3.051,1610524.99,534778.0,41
1595980800,7/29/2020,EOS/USD,3.0010000000000003,3.1489999999999996,2.958,3.025,2893954.48,943681.8,42
1595894400,7/28/2020,EOS/USD,2.852,3.08,2.779,3.0010000000000003,3257753.57,1104174.9,43
1595808000,7/27/2020,EOS/USD,2.714,2.9330000000000003,2.6460000000000004,2.852,3456132.7,1231852.8,44
1595721600,7/26/2020,EOS/USD,2.7310000000000003,2.8080000000000003,2.679,2.714,1637192.83,599034.5,45
1595635200,7/25/2020,EOS/USD,2.6,2.7489999999999997,2.594,2.7310000000000003,1095060.83,406935.9,46
1595548800,7/24/2020,EOS/USD,2.658,2.658,2.537,2.6,783802.82,300924.4,47
1595462400,7/23/2020,EOS/USD,2.6630000000000003,2.693,2.63,2.658,1174261.68,441244.6,48
1595376000,7/22/2020,EOS/USD,2.623,2.6719999999999997,2.58,2.6630000000000003,725780.28,277142.7,49
1595289600,7/21/2020,EOS/USD,2.5639999999999996,2.636,2.556,2.623,1237628.75,473639.2,50
1595203200,7/20/2020,EOS/USD,2.583,2.61,2.536,2.5639999999999996,785015.08,305498.9,51
1595116800,7/19/2020,EOS/USD,2.503,2.61,2.472,2.583,1093730.01,428026.1,52
1595030400,7/18/2020,EOS/USD,2.494,2.521,2.48,2.503,327669.29,130892.4,53
1594944000,7/17/2020,EOS/USD,2.497,2.519,2.4730000000000003,2.494,401067.71,160681.7,54
1594857600,7/16/2020,EOS/USD,2.5340000000000003,2.6,2.427,2.497,1163542.91,466474.6,55
1594771200,7/15/2020,EOS/USD,2.56,2.585,2.44,2.5340000000000003,891289.71,351640.8,56
1594684800,7/14/2020,EOS/USD,2.552,2.573,2.503,2.56,769716.93,302268.8,57
1594598400,7/13/2020,EOS/USD,2.614,2.6460000000000004,2.4419999999999997,2.552,2002931.64,779464.2,58
1594512000,7/12/2020,EOS/USD,2.6180000000000003,2.657,2.563,2.614,1111159.63,424308.7,59
1594425600,7/11/2020,EOS/USD,2.62,2.639,2.592,2.6180000000000003,455224.42,173985.9,60
1594339200,7/10/2020,EOS/USD,2.648,2.6489999999999996,2.572,2.62,918030.82,351781.8,61
1594252800,7/9/2020,EOS/USD,2.679,2.725,2.5810000000000004,2.648,1463820.3,550342.1,62
1594166400,7/8/2020,EOS/USD,2.556,2.7030000000000003,2.54,2.679,1718476.88,650058.8,63
1594080000,7/7/2020,EOS/USD,2.611,2.625,2.523,2.556,1131448.47,440519.4,64
1593993600,7/6/2020,EOS/USD,2.41,2.639,2.4019999999999997,2.611,1578645.05,626919.5,65
1593907200,7/5/2020,EOS/USD,2.46,2.474,2.3280000000000003,2.41,497110.79,206108.3,66
1593820800,7/4/2020,EOS/USD,2.418,2.497,2.411,2.46,651762.61,265061.3,67
1593734400,7/3/2020,EOS/USD,2.359,2.458,2.35,2.418,940187.91,388971.7,68
1593648000,7/2/2020,EOS/USD,2.378,2.388,2.3040000000000003,2.359,1094597.35,465490.7,69
1593561600,7/1/2020,EOS/USD,2.367,2.4,2.354,2.378,184618.4,77603.5,70
1593475200,6/30/2020,EOS/USD,2.379,2.387,2.343,2.367,426429.47,180463.5,71
1593388800,6/29/2020,EOS/USD,2.3680000000000003,2.417,2.322,2.379,848608.6,358336.8,72
1593302400,6/28/2020,EOS/USD,2.329,2.461,2.25,2.3680000000000003,656863.12,277513.4,73
1593216000,6/27/2020,EOS/USD,2.477,2.481,2.18,2.329,1765745.66,752700.4,74
1593129600,6/26/2020,EOS/USD,2.478,2.51,2.385,2.477,1052799.24,428409.2,75
1593043200,6/25/2020,EOS/USD,2.496,2.5269999999999997,2.428,2.478,928704.29,374202.4,76
1592956800,6/24/2020,EOS/USD,2.569,2.596,2.455,2.496,970353.01,385581.9,77
1592870400,6/23/2020,EOS/USD,2.5860000000000003,2.597,2.556,2.569,719719.36,279550.4,78
1592784000,6/22/2020,EOS/USD,2.512,2.605,2.506,2.5860000000000003,1003816.99,391421.7,79
1592697600,6/21/2020,EOS/USD,2.537,2.555,2.506,2.512,309210.33,122286.0,80
1592611200,6/20/2020,EOS/USD,2.522,2.555,2.45,2.537,805622.68,320901.8,81
1592524800,6/19/2020,EOS/USD,2.5340000000000003,2.548,2.499,2.522,695063.79,275249.6,82
1592438400,6/18/2020,EOS/USD,2.5669999999999997,2.573,2.495,2.5340000000000003,730413.04,287690.0,83
1592352000,6/17/2020,EOS/USD,2.552,2.605,2.513,2.5669999999999997,752975.86,294024.8,84
1592265600,6/16/2020,EOS/USD,2.531,2.5669999999999997,2.521,2.552,752373.82,295607.9,85
1592179200,6/15/2020,EOS/USD,2.5660000000000003,2.568,2.42,2.531,1916309.64,769742.5,86
1592092800,6/14/2020,EOS/USD,2.603,2.608,2.525,2.5660000000000003,781213.04,304590.0,87
1592006400,6/13/2020,EOS/USD,2.5980000000000003,2.6189999999999998,2.551,2.603,714163.6,276086.7,88
1591920000,6/12/2020,EOS/USD,2.512,2.622,2.485,2.5980000000000003,1176204.25,459002.2,89
1591833600,6/11/2020,EOS/USD,2.759,2.7760000000000002,2.423,2.512,2632192.17,1016042.4,90
1591747200,6/10/2020,EOS/USD,2.752,2.787,2.7089999999999996,2.759,1788978.32,650640.7,91
1591660800,6/9/2020,EOS/USD,2.7889999999999997,2.803,2.678,2.752,1865212.73,679041.7,92
1591574400,6/8/2020,EOS/USD,2.812,2.82,2.752,2.7889999999999997,1089365.1,392173.1,93
1591488000,6/7/2020,EOS/USD,2.798,2.8280000000000003,2.733,2.812,816578.77,293496.3,94
1591401600,6/6/2020,EOS/USD,2.8139999999999996,2.843,2.7680000000000002,2.798,1074786.21,382684.3,95
1591315200,6/5/2020,EOS/USD,2.722,2.8680000000000003,2.707,2.8139999999999996,2583371.86,922955.6,96
1591228800,6/4/2020,EOS/USD,2.698,2.7489999999999997,2.6639999999999997,2.722,1170228.83,430377.0,97
1591142400,6/3/2020,EOS/USD,2.681,2.708,2.635,2.698,904608.93,338541.0,98
1591056000,6/2/2020,EOS/USD,2.821,2.889,2.585,2.681,2582430.73,943072.8,99
1590969600,6/1/2020,EOS/USD,2.6719999999999997,2.8360000000000003,2.662,2.821,1653425.66,605652.1,100
1590883200,5/31/2020,EOS/USD,2.77,2.772,2.645,2.6719999999999997,1189345.88,437856.3,101
1590796800,5/30/2020,EOS/USD,2.615,2.783,2.596,2.77,1202948.93,445483.6,102
1590710400,5/29/2020,EOS/USD,2.611,2.6689999999999996,2.589,2.615,1058333.67,402198.1,103
1590624000,5/28/2020,EOS/USD,2.571,2.62,2.5180000000000002,2.611,1194108.01,463846.9,104
1590537600,5/27/2020,EOS/USD,2.503,2.577,2.5,2.571,812729.58,319940.0,105
1590451200,5/26/2020,EOS/USD,2.53,2.536,2.456,2.503,776077.21,309941.9,106
1590364800,5/25/2020,EOS/USD,2.488,2.5469999999999997,2.447,2.53,819797.9,326625.0,107
1590278400,5/24/2020,EOS/USD,2.565,2.61,2.485,2.488,1278883.41,500732.3,108
1590192000,5/23/2020,EOS/USD,2.593,2.6239999999999997,2.545,2.565,729023.32,282405.2,109
1590105600,5/22/2020,EOS/USD,2.459,2.638,2.439,2.593,2254339.46,886411.5,110
1590019200,5/21/2020,EOS/USD,2.597,2.615,2.4019999999999997,2.459,1601458.93,641767.8,111
1589932800,5/20/2020,EOS/USD,2.654,2.676,2.5,2.597,1999691.17,762647.2,112
1589846400,5/19/2020,EOS/USD,2.6630000000000003,2.668,2.569,2.654,1299857.68,495929.8,113
1589760000,5/18/2020,EOS/USD,2.617,2.748,2.6069999999999998,2.6630000000000003,1807548.64,676209.9,114
1589673600,5/17/2020,EOS/USD,2.636,2.674,2.597,2.617,824473.81,312494.2,115
1589587200,5/16/2020,EOS/USD,2.582,2.6839999999999997,2.57,2.636,1224473.18,464707.3,116
1589500800,5/15/2020,EOS/USD,2.623,2.6660000000000004,2.533,2.582,2284206.96,879176.5,117
1589414400,5/14/2020,EOS/USD,2.524,2.653,2.4730000000000003,2.623,1953421.02,766003.3,118
1589328000,5/13/2020,EOS/USD,2.4419999999999997,2.562,2.426,2.524,1375426.3,550674.6,119
1589241600,5/12/2020,EOS/USD,2.4019999999999997,2.472,2.399,2.4419999999999997,1096406.59,449940.2,120
1589155200,5/11/2020,EOS/USD,2.445,2.494,2.2769999999999997,2.4019999999999997,2225249.57,933960.5,121
1589068800,5/10/2020,EOS/USD,2.7510000000000003,2.7539999999999996,2.168,2.445,3538366.46,1451033.0,122
1588982400,5/9/2020,EOS/USD,2.7560000000000002,2.838,2.735,2.7510000000000003,1556361.16,558328.5,123
1588896000,5/8/2020,EOS/USD,2.762,2.826,2.702,2.7560000000000002,2291518.73,829131.7,124
1588809600,5/7/2020,EOS/USD,2.66,2.8,2.591,2.762,2337279.26,861313.4,125
1588723200,5/6/2020,EOS/USD,2.7739999999999996,2.825,2.622,2.66,1304704.77,474377.8,126
1588636800,5/5/2020,EOS/USD,2.775,2.8310000000000004,2.72,2.7739999999999996,765575.47,276263.2,127
1588550400,5/4/2020,EOS/USD,2.843,2.8489999999999998,2.634,2.775,1734253.98,635696.8,128
1588464000,5/3/2020,EOS/USD,2.943,3.012,2.775,2.843,1357882.29,471001.4,129
1588377600,5/2/2020,EOS/USD,2.873,2.951,2.8569999999999998,2.943,924183.93,318067.4,130
1588291200,5/1/2020,EOS/USD,2.824,2.932,2.821,2.873,1130319.53,393260.0,131
1588204800,4/30/2020,EOS/USD,3.01,3.12,2.75,2.824,3291307.84,1122576.9,132
1588118400,4/29/2020,EOS/USD,2.7710000000000004,3.1,2.755,3.01,3985411.86,1362914.1,133
1588032000,4/28/2020,EOS/USD,2.7489999999999997,2.78,2.6910000000000003,2.7710000000000004,1169711.58,427779.4,134
1587945600,4/27/2020,EOS/USD,2.742,2.822,2.6839999999999997,2.7489999999999997,1432311.61,520956.8,135
1587859200,4/26/2020,EOS/USD,2.705,2.782,2.675,2.742,1056593.5,388267.7,136
1587772800,4/25/2020,EOS/USD,2.7089999999999996,2.8160000000000003,2.66,2.705,1311015.07,481835.2,137
1587686400,4/24/2020,EOS/USD,2.682,2.739,2.661,2.7089999999999996,752212.51,277802.6,138
1587600000,4/23/2020,EOS/USD,2.6260000000000003,2.7680000000000002,2.5789999999999997,2.682,1442463.81,538920.2,139
1587513600,4/22/2020,EOS/USD,2.524,2.657,2.509,2.6260000000000003,970378.15,373769.1,140
1587427200,4/21/2020,EOS/USD,2.513,2.574,2.485,2.524,859847.22,339739.6,141
1587340800,4/20/2020,EOS/USD,2.602,2.71,2.439,2.513,2221082.44,859182.4,142
1587254400,4/19/2020,EOS/USD,2.7289999999999996,2.739,2.536,2.602,1798925.19,684411.4,143
1587168000,4/18/2020,EOS/USD,2.615,2.7689999999999997,2.614,2.7289999999999996,1556478.85,576344.0,144
1587081600,4/17/2020,EOS/USD,2.661,2.677,2.5839999999999996,2.615,877007.48,333995.8,145
1586995200,4/16/2020,EOS/USD,2.401,2.725,2.333,2.661,2295437.7,888470.4,146
1586908800,4/15/2020,EOS/USD,2.469,2.502,2.391,2.401,769445.12,314621.4,147
1586822400,4/14/2020,EOS/USD,2.448,2.5069999999999997,2.42,2.469,686655.62,278245.5,148
1586736000,4/13/2020,EOS/USD,2.497,2.497,2.333,2.448,1384528.43,573953.7,149
1586649600,4/12/2020,EOS/USD,2.5140000000000002,2.5980000000000003,2.461,2.497,807325.82,317358.2,150
1586563200,4/11/2020,EOS/USD,2.499,2.559,2.425,2.5140000000000002,1176888.06,470313.7,151
1586476800,4/10/2020,EOS/USD,2.7260000000000004,2.75,2.415,2.499,2233699.26,881762.4,152
1586390400,4/9/2020,EOS/USD,2.75,2.763,2.685,2.7260000000000004,931835.78,341890.9,153
1586304000,4/8/2020,EOS/USD,2.636,2.798,2.5869999999999997,2.75,1979284.65,727798.5,154
1586217600,4/7/2020,EOS/USD,2.763,2.827,2.55,2.636,2250815.13,830180.7,155
1586131200,4/6/2020,EOS/USD,2.356,2.772,2.351,2.763,2378809.73,913275.6,156
1586044800,4/5/2020,EOS/USD,2.362,2.395,2.315,2.356,682350.91,290670.5,157
1585958400,4/4/2020,EOS/USD,2.335,2.408,2.289,2.362,559873.97,238503.8,158
1585872000,4/3/2020,EOS/USD,2.294,2.385,2.274,2.335,586865.05,252121.7,159
1585785600,4/2/2020,EOS/USD,2.26,2.5,2.253,2.294,1031991.82,442465.2,160
1585699200,4/1/2020,EOS/USD,2.22,2.271,2.137,2.26,521798.73,237309.2,161
1585612800,3/31/2020,EOS/USD,2.2319999999999998,2.255,2.191,2.22,338409.54,152262.6,162
1585526400,3/30/2020,EOS/USD,2.114,2.285,2.108,2.2319999999999998,478909.11,215422.4,163
1585440000,3/29/2020,EOS/USD,2.205,2.213,2.0980000000000003,2.114,956325.29,439172.4,164
1585353600,3/28/2020,EOS/USD,2.1919999999999997,2.246,2.094,2.205,1617947.53,747067.8,165
1585267200,3/27/2020,EOS/USD,2.335,2.378,2.14,2.1919999999999997,966271.8,422252.6,166
1585180800,3/26/2020,EOS/USD,2.298,2.347,2.267,2.335,376633.34,163478.2,167
1585094400,3/25/2020,EOS/USD,2.351,2.377,2.237,2.298,689595.72,298966.6,168
1585008000,3/24/2020,EOS/USD,2.296,2.386,2.281,2.351,714159.24,306341.0,169
1584921600,3/23/2020,EOS/USD,2.136,2.35,2.062,2.296,1169368.93,524070.2,170
1584835200,3/22/2020,EOS/USD,2.2769999999999997,2.394,2.115,2.136,1429385.2,648546.4,171
1584748800,3/21/2020,EOS/USD,2.2030000000000003,2.36,2.106,2.2769999999999997,1322768.1,592822.4,172
1584662400,3/20/2020,EOS/USD,2.29,2.53,1.9080000000000001,2.2030000000000003,2631298.28,1165460.6,173
1584576000,3/19/2020,EOS/USD,2.002,2.406,1.979,2.29,2917022.54,1318273.5,174
1584489600,3/18/2020,EOS/USD,1.9769999999999999,2.01,1.876,2.002,1474793.94,755389.6,175
1584403200,3/17/2020,EOS/USD,1.9,2.041,1.869,1.9769999999999999,1718153.17,869175.2,176
1584316800,3/16/2020,EOS/USD,2.039,2.041,1.704,1.9,2552212.34,1383754.1,177
1584230400,3/15/2020,EOS/USD,1.9580000000000002,2.155,1.9369999999999998,2.039,1578423.79,780724.6,178
1584144000,3/14/2020,EOS/USD,2.126,2.144,1.9269999999999998,1.9580000000000002,2264447.9,1118774.3,179
1584057600,3/13/2020,EOS/USD,1.786,2.25,1.426,2.126,8783929.79,4626719.6,180
1583971200,3/12/2020,EOS/USD,3.073,3.08,1.693,1.786,5274714.53,2274391.3,181
1583884800,3/11/2020,EOS/USD,3.069,3.114,2.847,3.073,2388799.85,798488.4,182
1583798400,3/10/2020,EOS/USD,3.06,3.153,2.997,3.069,2278692.18,741485.4,183
1583712000,3/9/2020,EOS/USD,3.045,3.167,2.843,3.06,3877152.68,1283665.0,184
1583625600,3/8/2020,EOS/USD,3.648,3.648,2.995,3.045,4300651.66,1320077.1,185
1583539200,3/7/2020,EOS/USD,3.845,3.85,3.6210000000000004,3.648,1359904.65,364735.6,186
1583452800,3/6/2020,EOS/USD,3.7680000000000002,3.862,3.713,3.845,1226908.65,324428.9,187
1583366400,3/5/2020,EOS/USD,3.592,3.844,3.592,3.7680000000000002,2236570.1,602027.7,188
1583280000,3/4/2020,EOS/USD,3.622,3.6689999999999996,3.52,3.592,1507955.41,419502.7,189
1583193600,3/3/2020,EOS/USD,3.714,3.72,3.553,3.622,1569949.98,432406.4,190
1583107200,3/2/2020,EOS/USD,3.51,3.762,3.485,3.714,1335452.5,364522.1,191
1583020800,3/1/2020,EOS/USD,3.509,3.65,3.411,3.51,1240131.03,352051.4,192
1582934400,2/29/2020,EOS/USD,3.512,3.662,3.5,3.509,1091442.26,305941.3,193
1582848000,2/28/2020,EOS/USD,3.612,3.68,3.343,3.512,1722481.84,492590.5,194
1582761600,2/27/2020,EOS/USD,3.534,3.735,3.3760000000000003,3.612,3154544.12,880612.2,195
1582675200,2/26/2020,EOS/USD,4.071000000000001,4.105,3.313,3.534,6766889.33,1844616.1,196
1582588800,2/25/2020,EOS/USD,4.12,4.24,3.878,4.071000000000001,2936054.77,721231.0,197
1582502400,2/24/2020,EOS/USD,4.3919999999999995,4.418,3.911,4.12,4043110.19,979085.7,198
1582416000,2/23/2020,EOS/USD,4.1160000000000005,4.416,4.09,4.3919999999999995,2296263.0,536006.4,199
1582329600,2/22/2020,EOS/USD,4.063,4.16,3.977,4.1160000000000005,1089175.13,267674.1,200
1582243200,2/21/2020,EOS/USD,4.006,4.198,3.95,4.063,2360420.55,576673.5,201
1582156800,2/20/2020,EOS/USD,3.9789999999999996,4.061,3.803,4.006,4202380.58,1055974.9,202
1582070400,2/19/2020,EOS/USD,4.593999999999999,4.615,3.653,3.9789999999999996,8057455.69,1983890.4,203
1581984000,2/18/2020,EOS/USD,4.343999999999999,4.66,4.2589999999999995,4.593999999999999,3707364.76,823578.1,204
1581897600,2/17/2020,EOS/USD,4.39,4.419,4.038,4.343999999999999,4001788.68,941110.8,205
1581811200,2/16/2020,EOS/USD,4.75,4.863,4.008,4.39,5254617.28,1187697.7,206
1581724800,2/15/2020,EOS/USD,5.385,5.41,4.498,4.75,7036027.16,1455657.0,207
1581638400,2/14/2020,EOS/USD,5.372000000000001,5.444,5.235,5.385,2033951.67,380807.2,208
1581552000,2/13/2020,EOS/USD,5.34,5.506,5.178,5.372000000000001,3330923.62,624392.5,209
1581465600,2/12/2020,EOS/USD,5.272,5.486000000000001,5.254,5.34,3619810.08,674914.6,210
1581379200,2/11/2020,EOS/USD,4.894,5.325,4.788,5.272,3331354.75,654437.5,211
1581292800,2/10/2020,EOS/USD,5.013999999999999,5.05,4.73,4.894,3218220.05,663086.2,212
1581206400,2/9/2020,EOS/USD,4.768,5.047,4.7669999999999995,5.013999999999999,3089159.67,624816.3,213
1581120000,2/8/2020,EOS/USD,4.588,4.849,4.4239999999999995,4.768,1967880.45,418905.9,214
1581033600,2/7/2020,EOS/USD,4.592,4.699,4.512,4.588,1677773.25,364641.4,215
1580947200,2/6/2020,EOS/USD,4.521,4.665,4.419,4.592,2358126.53,518852.2,216
1580860800,2/5/2020,EOS/USD,4.215,4.587,4.164,4.521,2680062.69,606509.5,217
1580774400,2/4/2020,EOS/USD,4.195,4.255,4.058,4.215,1483344.14,356895.7,218
1580688000,2/3/2020,EOS/USD,4.206,4.379,4.128,4.195,2120656.04,502312.8,219
1580601600,2/2/2020,EOS/USD,4.148,4.329,4.035,4.206,1756682.59,417345.7,220
1580515200,2/1/2020,EOS/USD,4.138999999999999,4.263999999999999,4.062,4.148,1148570.44,275735.6,221
1580428800,1/31/2020,EOS/USD,4.321000000000001,4.368,4.012,4.138999999999999,3069383.06,736010.6,222
1580342400,1/30/2020,EOS/USD,3.9560000000000004,4.4,3.8789999999999996,4.321000000000001,3226598.55,772108.9,223
1580256000,1/29/2020,EOS/USD,4.05,4.119,3.949,3.9560000000000004,1797219.66,445782.9,224
1580169600,1/28/2020,EOS/USD,3.9539999999999997,4.145,3.861,4.05,2706763.28,674560.6,225
1580083200,1/27/2020,EOS/USD,3.639,4.0489999999999995,3.637,3.9539999999999997,2855457.16,733297.9,226
1579996800,1/26/2020,EOS/USD,3.487,3.661,3.423,3.639,662360.55,185342.0,227
1579910400,1/25/2020,EOS/USD,3.6289999999999996,3.633,3.4819999999999998,3.487,777853.24,219458.9,228
1579824000,1/24/2020,EOS/USD,3.568,3.699,3.35,3.6289999999999996,1094068.32,308640.4,229
1579737600,1/23/2020,EOS/USD,3.64,3.645,3.485,3.568,792157.07,223471.2,230
1579651200,1/22/2020,EOS/USD,3.6489999999999996,3.742,3.5839999999999996,3.64,1804788.0,494743.5,231
1579564800,1/21/2020,EOS/USD,3.613,3.6839999999999997,3.5460000000000003,3.6489999999999996,670673.0,185186.2,232
1579478400,1/20/2020,EOS/USD,3.61,3.698,3.4819999999999998,3.613,915527.3,254338.7,233
1579392000,1/19/2020,EOS/USD,3.798,3.935,3.412,3.61,2486339.39,682077.3,234
1579305600,1/18/2020,EOS/USD,3.8989999999999996,4.0,3.7,3.798,2239599.85,582122.4,235
1579219200,1/17/2020,EOS/USD,3.8280000000000003,4.067,3.737,3.8989999999999996,3730677.2,953347.4,236
1579132800,1/16/2020,EOS/USD,3.7680000000000002,3.955,3.528,3.8280000000000003,3393724.7,909657.7,237
1579046400,1/15/2020,EOS/USD,3.813,3.948,3.574,3.7680000000000002,2853147.83,759857.5,238
1578960000,1/14/2020,EOS/USD,3.1039999999999996,4.072,3.1039999999999996,3.813,5435171.17,1499719.9,239
1578873600,1/13/2020,EOS/USD,3.2089999999999996,3.2110000000000003,3.0669999999999997,3.1039999999999996,963028.35,309337.1,240
1578787200,1/12/2020,EOS/USD,2.988,3.213,2.927,3.2089999999999996,1020827.31,326054.1,241
1578700800,1/11/2020,EOS/USD,2.9789999999999996,3.137,2.935,2.988,1163523.28,385053.6,242
1578614400,1/10/2020,EOS/USD,2.7439999999999998,3.0,2.6489999999999996,2.9789999999999996,1092145.45,381737.6,243
1578528000,1/9/2020,EOS/USD,2.77,2.793,2.69,2.7439999999999998,697178.5,255687.6,244
1578441600,1/8/2020,EOS/USD,2.8510000000000004,2.975,2.71,2.77,1381334.87,488280.7,245
1578355200,1/7/2020,EOS/USD,2.8510000000000004,2.89,2.755,2.8510000000000004,1111720.45,391275.0,246
1578268800,1/6/2020,EOS/USD,2.6860000000000004,2.859,2.679,2.8510000000000004,994061.82,357141.7,247
1578182400,1/5/2020,EOS/USD,2.647,2.7710000000000004,2.647,2.6860000000000004,578478.37,213400.0,248
1578096000,1/4/2020,EOS/USD,2.6319999999999997,2.8,2.62,2.647,565595.83,213984.1,249
1578009600,1/3/2020,EOS/USD,2.452,2.66,2.425,2.6319999999999997,670681.44,263084.7,250
1577923200,1/2/2020,EOS/USD,2.59,2.6,2.412,2.452,718611.64,286403.4,251
1577836800,1/1/2020,EOS/USD,2.571,2.6289999999999996,2.562,2.59,341967.89,131518.7,252
1577750400,12/31/2019,EOS/USD,2.615,2.6439999999999997,2.5540000000000003,2.571,350694.39,134938.6,253
1577664000,12/30/2019,EOS/USD,2.6830000000000003,2.7110000000000003,2.593,2.615,277170.6,104994.9,254
1577577600,12/29/2019,EOS/USD,2.6260000000000003,2.7119999999999997,2.612,2.6830000000000003,288272.54,107975.0,255
1577491200,12/28/2019,EOS/USD,2.5669999999999997,2.66,2.5669999999999997,2.6260000000000003,366728.92,139411.6,256
1577404800,12/27/2019,EOS/USD,2.513,2.58,2.5,2.5669999999999997,351245.1,137980.4,257
1577318400,12/26/2019,EOS/USD,2.48,2.633,2.458,2.513,648312.28,255371.3,258
1577232000,12/25/2019,EOS/USD,2.537,2.5469999999999997,2.4459999999999997,2.48,317895.16,127710.3,259
1577145600,12/24/2019,EOS/USD,2.516,2.5669999999999997,2.478,2.537,671003.31,265521.0,260
1577059200,12/23/2019,EOS/USD,2.537,2.605,2.494,2.516,668581.06,262431.7,261
1576972800,12/22/2019,EOS/USD,2.445,2.549,2.439,2.537,289508.01,115549.6,262
1576886400,12/21/2019,EOS/USD,2.4859999999999998,2.4859999999999998,2.432,2.445,391336.87,159742.5,263
1576800000,12/20/2019,EOS/USD,2.448,2.546,2.42,2.4859999999999998,444034.98,178859.6,264
1576713600,12/19/2019,EOS/USD,2.4619999999999997,2.498,2.401,2.448,689514.02,282476.0,265
1576627200,12/18/2019,EOS/USD,2.189,2.519,2.1519999999999997,2.4619999999999997,1786588.44,759770.0,266
1576540800,12/17/2019,EOS/USD,2.362,2.365,2.148,2.189,1372801.78,607716.4,267
1576454400,12/16/2019,EOS/USD,2.56,2.565,2.27,2.362,1743265.16,732563.3,268
1576368000,12/15/2019,EOS/USD,2.5639999999999996,2.591,2.537,2.56,254912.85,99585.6,269
1576281600,12/14/2019,EOS/USD,2.62,2.6289999999999996,2.544,2.5639999999999996,381858.79,147745.1,270
1576195200,12/13/2019,EOS/USD,2.5810000000000004,2.64,2.569,2.62,404929.43,155231.0,271
1576108800,12/12/2019,EOS/USD,2.571,2.612,2.506,2.5810000000000004,713124.51,277798.1,272
1576022400,12/11/2019,EOS/USD,2.603,2.6180000000000003,2.54,2.571,611134.23,236926.3,273
1575936000,12/10/2019,EOS/USD,2.658,2.67,2.572,2.603,652093.89,248696.6,274
1575849600,12/9/2019,EOS/USD,2.7439999999999998,2.752,2.615,2.658,639155.98,239101.0,275
1575763200,12/8/2019,EOS/USD,2.7230000000000003,2.786,2.695,2.7439999999999998,217261.0,79448.3,276
1575676800,12/7/2019,EOS/USD,2.733,2.763,2.7089999999999996,2.7230000000000003,210144.34,76859.8,277
1575590400,12/6/2019,EOS/USD,2.6839999999999997,2.7489999999999997,2.665,2.733,679770.34,250992.4,278
1575504000,12/5/2019,EOS/USD,2.6289999999999996,2.7039999999999997,2.622,2.6839999999999997,405419.6,151975.7,279
1575417600,12/4/2019,EOS/USD,2.698,2.7680000000000002,2.568,2.6289999999999996,1175259.94,443646.6,280
1575331200,12/3/2019,EOS/USD,2.678,2.74,2.65,2.698,511232.08,189084.5,281
1575244800,12/2/2019,EOS/USD,2.7760000000000002,2.792,2.6439999999999997,2.678,717780.25,265273.3,282
1575158400,12/1/2019,EOS/USD,2.752,2.855,2.661,2.7760000000000002,803749.62,292715.6,283
1575072000,11/30/2019,EOS/USD,2.7960000000000003,2.824,2.719,2.752,346050.97,125288.4,284
1574985600,11/29/2019,EOS/USD,2.627,2.8289999999999997,2.623,2.7960000000000003,700455.33,253783.0,285
1574899200,11/28/2019,EOS/USD,2.68,2.699,2.6,2.627,782052.65,294452.6,286
1574812800,11/27/2019,EOS/USD,2.615,2.748,2.492,2.68,1262215.35,477780.0,287
1574726400,11/26/2019,EOS/USD,2.524,2.635,2.519,2.615,618262.11,238182.8,288
1574640000,11/25/2019,EOS/USD,2.414,2.6189999999999998,2.3369999999999997,2.524,1669274.17,674768.2,289
1574553600,11/24/2019,EOS/USD,2.687,2.6919999999999997,2.3609999999999998,2.414,1525254.57,602502.1,290
1574467200,11/23/2019,EOS/USD,2.6189999999999998,2.7089999999999996,2.568,2.687,841325.14,318612.1,291
1574380800,11/22/2019,EOS/USD,2.8160000000000003,2.841,2.452,2.6189999999999998,4029036.05,1527174.9,292
1574294400,11/21/2019,EOS/USD,3.073,3.113,2.718,2.8160000000000003,2801545.31,970475.0,293
1574208000,11/20/2019,EOS/USD,3.114,3.15,3.0439999999999996,3.073,580423.6,187898.3,294
1574121600,11/19/2019,EOS/USD,3.175,3.1919999999999997,3.017,3.114,1148781.39,370520.0,295
1574035200,11/18/2019,EOS/USD,3.3930000000000002,3.4019999999999997,3.005,3.175,2206142.51,693728.0,296
1573948800,11/17/2019,EOS/USD,3.3689999999999998,3.435,3.325,3.3930000000000002,494873.19,145854.1,297
1573862400,11/16/2019,EOS/USD,3.33,3.397,3.306,3.3689999999999998,747065.17,223714.1,298
1573776000,11/15/2019,EOS/USD,3.387,3.505,3.2760000000000002,3.33,1916422.89,571265.8,299
1573689600,11/14/2019,EOS/USD,3.465,3.475,3.323,3.387,878985.27,259616.9,300
1573603200,11/13/2019,EOS/USD,3.4739999999999998,3.483,3.417,3.465,626082.89,181734.1,301
1573516800,11/12/2019,EOS/USD,3.4330000000000003,3.513,3.3810000000000002,3.4739999999999998,1115212.27,323417.6,302
1573430400,11/11/2019,EOS/USD,3.5839999999999996,3.5980000000000003,3.395,3.4330000000000003,863635.05,249072.6,303
1573344000,11/10/2019,EOS/USD,3.491,3.665,3.449,3.5839999999999996,1116339.86,314129.4,304
1573257600,11/9/2019,EOS/USD,3.403,3.5,3.398,3.491,808985.91,234147.8,305
1573171200,11/8/2019,EOS/USD,3.463,3.55,3.32,3.403,1248443.87,363555.9,306
1573084800,11/7/2019,EOS/USD,3.6010000000000004,3.633,3.4189999999999996,3.463,1495121.57,427493.5,307
1572998400,11/6/2019,EOS/USD,3.625,3.676,3.553,3.6010000000000004,1347996.74,374593.8,308
1572912000,11/5/2019,EOS/USD,3.443,3.698,3.4,3.625,2371904.47,664795.2,309
1572825600,11/4/2019,EOS/USD,3.2710000000000004,3.5069999999999997,3.24,3.443,1569215.1,459815.5,310
1572739200,11/3/2019,EOS/USD,3.327,3.345,3.197,3.2710000000000004,525440.89,160328.4,311
1572652800,11/2/2019,EOS/USD,3.352,3.389,3.301,3.327,588464.3,175894.1,312
1572566400,11/1/2019,EOS/USD,3.259,3.3960000000000004,3.207,3.352,791382.94,239891.5,313
1572480000,10/31/2019,EOS/USD,3.273,3.33,3.175,3.259,1024743.83,314336.6,314
1572393600,10/30/2019,EOS/USD,3.409,3.426,3.188,3.273,1530621.48,463985.5,315
1572307200,10/29/2019,EOS/USD,3.292,3.4560000000000004,3.28,3.409,1361033.77,402332.8,316
1572220800,10/28/2019,EOS/USD,3.3369999999999997,3.555,3.255,3.292,2126610.63,627944.0,317
1572134400,10/27/2019,EOS/USD,3.1460000000000004,3.495,3.076,3.3369999999999997,2213631.44,669133.7,318
1572048000,10/26/2019,EOS/USD,3.181,3.6,3.0010000000000003,3.1460000000000004,3545538.54,1086922.0,319
1571961600,10/25/2019,EOS/USD,2.727,3.33,2.722,3.181,2672479.73,875210.9,320
1571875200,10/24/2019,EOS/USD,2.714,2.784,2.654,2.727,659152.59,241386.8,321
1571788800,10/23/2019,EOS/USD,2.8930000000000002,2.911,2.535,2.714,2620120.03,966835.2,322
1571702400,10/22/2019,EOS/USD,2.93,3.0260000000000002,2.85,2.8930000000000002,1230878.53,418873.6,323
1571616000,10/21/2019,EOS/USD,2.926,2.9730000000000003,2.87,2.93,699943.8,239514.9,324
1571529600,10/20/2019,EOS/USD,2.8680000000000003,2.943,2.8169999999999997,2.926,502951.41,173217.0,325
1571443200,10/19/2019,EOS/USD,2.883,2.929,2.832,2.8680000000000003,323001.15,112474.9,326
1571356800,10/18/2019,EOS/USD,2.95,2.955,2.71,2.883,1183327.77,415978.1,327
1571270400,10/17/2019,EOS/USD,2.9219999999999997,2.9619999999999997,2.8810000000000002,2.95,558756.74,190925.0,328
1571184000,10/16/2019,EOS/USD,2.9619999999999997,3.009,2.8480000000000003,2.9219999999999997,1443704.24,495089.0,329
1571097600,10/15/2019,EOS/USD,3.1630000000000003,3.174,2.813,2.9619999999999997,1370954.18,459567.9,330
1571011200,10/14/2019,EOS/USD,3.0989999999999998,3.202,3.097,3.1630000000000003,795738.46,253079.8,331
1570924800,10/13/2019,EOS/USD,3.07,3.14,3.037,3.0989999999999998,524377.66,169134.8,332
1570838400,10/12/2019,EOS/USD,3.063,3.1439999999999997,3.043,3.07,315843.54,102379.2,333
1570752000,10/11/2019,EOS/USD,3.115,3.2030000000000003,3.03,3.063,786785.82,254017.3,334
1570665600,10/10/2019,EOS/USD,3.255,3.255,3.029,3.115,667804.55,213259.0,335
1570579200,10/9/2019,EOS/USD,3.162,3.315,3.114,3.255,1461492.93,454025.8,336
1570492800,10/8/2019,EOS/USD,3.1839999999999997,3.25,3.11,3.162,704968.73,222104.0,337
1570406400,10/7/2019,EOS/USD,2.9160000000000004,3.259,2.897,3.1839999999999997,1500166.2,481573.6,338
1570320000,10/6/2019,EOS/USD,2.9930000000000003,3.0010000000000003,2.844,2.9160000000000004,651894.86,222098.1,339
1570233600,10/5/2019,EOS/USD,3.009,3.04,2.927,2.9930000000000003,672406.07,226521.6,340
1570147200,10/4/2019,EOS/USD,2.928,3.085,2.8710000000000004,3.009,785860.57,262482.8,341
1570060800,10/3/2019,EOS/USD,3.0060000000000002,3.017,2.81,2.928,1017452.53,348640.0,342
1569974400,10/2/2019,EOS/USD,2.945,3.04,2.891,3.0060000000000002,781958.92,262998.3,343
1569888000,10/1/2019,EOS/USD,2.966,3.123,2.865,2.945,2025072.39,672424.4,344
1569801600,9/30/2019,EOS/USD,2.778,3.0380000000000003,2.719,2.966,2083697.43,718973.1,345
1569715200,9/29/2019,EOS/USD,2.833,2.846,2.6860000000000004,2.778,883198.96,321949.6,346
1569628800,9/28/2019,EOS/USD,2.833,2.8760000000000003,2.775,2.833,471848.13,166441.4,347
1569542400,9/27/2019,EOS/USD,2.78,2.89,2.6860000000000004,2.833,2091281.09,750337.7,348
1569456000,9/26/2019,EOS/USD,2.865,2.8689999999999998,2.588,2.78,2387446.67,871840.0,349
1569369600,9/25/2019,EOS/USD,2.7739999999999996,2.9589999999999996,2.6860000000000004,2.865,2422502.42,850479.5,350
1569283200,9/24/2019,EOS/USD,3.6830000000000003,3.716,2.688,2.7739999999999996,8053438.45,2636972.7,351
1569196800,9/23/2019,EOS/USD,3.812,3.8560000000000003,3.655,3.6830000000000003,1109672.76,295476.9,352
1569110400,9/22/2019,EOS/USD,3.997,4.0,3.735,3.812,1244838.21,323630.8,353
1569024000,9/21/2019,EOS/USD,4.013,4.075,3.9530000000000003,3.997,1348700.32,336214.3,354
1568937600,9/20/2019,EOS/USD,3.964,4.039,3.83,4.013,1048804.55,267660.7,355
1568851200,9/19/2019,EOS/USD,4.081,4.091,3.805,3.964,2385913.85,609227.7,356
1568764800,9/18/2019,EOS/USD,4.067,4.171,4.05,4.081,2013266.38,489902.9,357
1568678400,9/17/2019,EOS/USD,4.093,4.23,4.026,4.067,1570668.46,380800.9,358
1568592000,9/16/2019,EOS/USD,4.073,4.167,3.945,4.093,1197709.05,295271.4,359
1568505600,9/15/2019,EOS/USD,4.03,4.15,4.0089999999999995,4.073,1362404.4,335264.6,360
1568419200,9/14/2019,EOS/USD,3.7310000000000003,4.143,3.694,4.03,1979158.63,496159.8,361
1568332800,9/13/2019,EOS/USD,3.742,3.755,3.679,3.7310000000000003,406312.43,109251.9,362
1568246400,9/12/2019,EOS/USD,3.75,3.7889999999999997,3.67,3.742,631717.21,169010.2,363
1568160000,9/11/2019,EOS/USD,3.7689999999999997,3.802,3.645,3.75,936077.6,251974.9,364
1568073600,9/10/2019,EOS/USD,3.8810000000000002,3.923,3.645,3.7689999999999997,1243693.3,328004.0,365
1567987200,9/9/2019,EOS/USD,3.79,3.946,3.6069999999999998,3.8810000000000002,2059656.16,536585.6,366
1567900800,9/8/2019,EOS/USD,3.5639999999999996,3.81,3.511,3.79,1405682.61,383068.3,367
1567814400,9/7/2019,EOS/USD,3.214,3.68,3.195,3.5639999999999996,1624423.06,468116.7,368
1567728000,9/6/2019,EOS/USD,3.2689999999999997,3.375,3.109,3.214,1057902.27,326093.1,369
1567641600,9/5/2019,EOS/USD,3.31,3.341,3.201,3.2689999999999997,818585.61,251383.9,370
1567555200,9/4/2019,EOS/USD,3.359,3.364,3.24,3.31,606670.67,182879.8,371
1567468800,9/3/2019,EOS/USD,3.3339999999999996,3.467,3.301,3.359,1196135.54,354050.1,372
1567382400,9/2/2019,EOS/USD,3.2680000000000002,3.3989999999999996,3.222,3.3339999999999996,673799.23,203948.6,373
1567296000,9/1/2019,EOS/USD,3.3280000000000003,3.345,3.103,3.2680000000000002,692519.84,213329.7,374
1567209600,8/31/2019,EOS/USD,3.208,3.4130000000000003,3.188,3.3280000000000003,648572.48,199042.6,375
1567123200,8/30/2019,EOS/USD,3.1910000000000003,3.283,3.16,3.208,730326.9,226979.4,376
1567036800,8/29/2019,EOS/USD,3.2510000000000003,3.261,3.0439999999999996,3.1910000000000003,1225999.0,384492.1,377
1566950400,8/28/2019,EOS/USD,3.55,3.554,3.09,3.2510000000000003,2298120.33,704895.3,378
1566864000,8/27/2019,EOS/USD,3.577,3.5869999999999997,3.489,3.55,427218.38,120618.1,379
1566777600,8/26/2019,EOS/USD,3.553,3.7,3.535,3.577,717589.79,198295.6,380
1566691200,8/25/2019,EOS/USD,3.659,3.697,3.46,3.553,658990.46,184997.5,381
1566604800,8/24/2019,EOS/USD,3.678,3.694,3.5469999999999997,3.659,564251.53,155746.3,382
1566518400,8/23/2019,EOS/USD,3.636,3.77,3.603,3.678,949907.38,257659.0,383
1566432000,8/22/2019,EOS/USD,3.505,3.707,3.449,3.636,1236150.75,343256.5,384
1566345600,8/21/2019,EOS/USD,3.673,3.6839999999999997,3.3569999999999998,3.505,1795160.31,512798.8,385
1566259200,8/20/2019,EOS/USD,3.725,3.7260000000000004,3.5980000000000003,3.673,751618.47,205666.4,386
1566172800,8/19/2019,EOS/USD,3.695,3.787,3.6489999999999996,3.725,1119865.87,302205.7,387
1566086400,8/18/2019,EOS/USD,3.5589999999999997,3.77,3.512,3.695,2475637.1,670512.4,388
1566000000,8/17/2019,EOS/USD,3.589,3.613,3.4810000000000003,3.5589999999999997,1128936.96,317696.4,389
1565913600,8/16/2019,EOS/USD,3.6260000000000003,3.659,3.4810000000000003,3.589,1470868.59,412933.7,390
1565827200,8/15/2019,EOS/USD,3.66,3.707,3.3,3.6260000000000003,3253652.7,910662.3,391
1565740800,8/14/2019,EOS/USD,4.066,4.114,3.5069999999999997,3.66,3148994.29,835705.8,392
1565654400,8/13/2019,EOS/USD,4.123,4.137,3.946,4.066,1369015.66,339479.0,393
1565568000,8/12/2019,EOS/USD,4.195,4.199,4.0760000000000005,4.123,960217.96,233063.2,394
1565481600,8/11/2019,EOS/USD,4.047,4.263999999999999,4.041,4.195,2022098.01,487659.7,395
1565395200,8/10/2019,EOS/USD,3.8989999999999996,4.132,3.843,4.047,1601859.04,399138.1,396
1565308800,8/9/2019,EOS/USD,4.158,4.171,3.772,3.8989999999999996,1990949.26,506284.1,397
1565222400,8/8/2019,EOS/USD,4.218999999999999,4.2330000000000005,4.07,4.158,924629.79,223020.1,398
1565136000,8/7/2019,EOS/USD,4.184,4.282,4.123,4.218999999999999,1297948.47,308338.6,399
1565049600,8/6/2019,EOS/USD,4.4510000000000005,4.499,4.045,4.184,1574933.76,369880.8,400
1564963200,8/5/2019,EOS/USD,4.235,4.5760000000000005,4.231,4.4510000000000005,2031710.22,459957.6,401
1564876800,8/4/2019,EOS/USD,4.288,4.312,4.178999999999999,4.235,958305.99,226101.1,402
1564790400,8/3/2019,EOS/USD,4.184,4.363,4.17,4.288,897924.43,209513.6,403
1564704000,8/2/2019,EOS/USD,4.308,4.349,4.045,4.184,1111146.95,264480.3,404
1564617600,8/1/2019,EOS/USD,4.4239999999999995,4.4430000000000005,4.217,4.308,1209313.93,280940.0,405
1564531200,7/31/2019,EOS/USD,4.203,4.445,4.194,4.4239999999999995,1006163.67,233599.6,406
1564444800,7/30/2019,EOS/USD,4.204,4.49,4.133,4.203,925555.91,219331.4,407
1564358400,7/29/2019,EOS/USD,4.263999999999999,4.397,4.1,4.204,771502.68,182358.5,408
1564272000,7/28/2019,EOS/USD,4.2669999999999995,4.338,3.793,4.263999999999999,1789842.93,431438.8,409
1564185600,7/27/2019,EOS/USD,4.626,4.77,4.166,4.2669999999999995,1925804.15,437580.2,410
1564099200,7/26/2019,EOS/USD,4.567,4.713,4.417,4.626,1437447.5,315117.7,411
1564012800,7/25/2019,EOS/USD,4.577,4.7139999999999995,4.44,4.567,2571157.42,561113.7,412
1563926400,7/24/2019,EOS/USD,4.141,4.647,4.004,4.577,2686220.59,615697.3,413
1563840000,7/23/2019,EOS/USD,4.1160000000000005,4.298,3.96,4.141,1728805.21,417424.2,414
1563753600,7/22/2019,EOS/USD,4.328,4.417,3.9530000000000003,4.1160000000000005,1261932.31,303759.8,415
1563667200,7/21/2019,EOS/USD,4.313,4.362,4.16,4.328,1020971.22,238571.5,416
1563580800,7/20/2019,EOS/USD,4.056,4.524,4.004,4.313,2102201.89,486431.3,417
1563494400,7/19/2019,EOS/USD,4.1160000000000005,4.159,3.799,4.056,1038412.7,259529.5,418
1563408000,7/18/2019,EOS/USD,3.844,4.249,3.7569999999999997,4.1160000000000005,1929920.31,478888.6,419
1563321600,7/17/2019,EOS/USD,3.6639999999999997,4.12,3.5239999999999996,3.844,2261827.08,593172.1,420
1563235200,7/16/2019,EOS/USD,4.29,4.363,3.3,3.6639999999999997,3374290.68,895164.2,421
1563148800,7/15/2019,EOS/USD,4.104,4.43,3.98,4.29,2225576.93,525873.5,422
1563062400,7/14/2019,EOS/USD,4.763999999999999,4.777,4.053,4.104,2255796.16,521686.4,423
1562976000,7/13/2019,EOS/USD,4.805,4.821000000000001,4.55,4.763999999999999,1381506.15,293089.0,424
1562889600,7/12/2019,EOS/USD,4.692,4.876,4.6,4.805,1779490.06,372042.7,425
1562803200,7/11/2019,EOS/USD,5.272,5.272,4.378,4.692,4800363.02,1025928.8,426
1562716800,7/10/2019,EOS/USD,5.897,5.936,5.026,5.272,3097632.9,575323.5,427
1562630400,7/9/2019,EOS/USD,5.966,6.037999999999999,5.85,5.897,1000994.53,168559.5,428
1562544000,7/8/2019,EOS/USD,5.962000000000001,6.035,5.85,5.966,967731.3,162981.2,429
1562457600,7/7/2019,EOS/USD,5.765,6.077000000000001,5.75,5.962000000000001,813741.05,137947.0,430
1562371200,7/6/2019,EOS/USD,5.763999999999999,6.0,5.728,5.765,989872.84,169726.4,431
1562284800,7/5/2019,EOS/USD,5.718999999999999,5.89,5.666,5.763999999999999,836443.03,145416.2,432
1562198400,7/4/2019,EOS/USD,6.067,6.087000000000001,5.624,5.718999999999999,1171411.34,198425.0,433
1562112000,7/3/2019,EOS/USD,5.8839999999999995,6.119,5.832000000000001,6.067,1883448.18,316139.9,434
1562025600,7/2/2019,EOS/USD,6.025,6.127000000000001,5.55,5.8839999999999995,2723713.87,467531.7,435
1561939200,7/1/2019,EOS/USD,5.724,6.0520000000000005,5.502000000000001,6.025,3020921.14,522969.6,436
1561852800,6/30/2019,EOS/USD,6.317,6.398,5.615,5.724,2199939.41,367009.6,437
1561766400,6/29/2019,EOS/USD,6.21,6.417000000000001,5.928,6.317,3219355.76,523647.8,438
1561680000,6/28/2019,EOS/USD,5.871,6.292000000000001,5.65,6.21,3131942.84,523552.1,439
1561593600,6/27/2019,EOS/USD,6.75,6.8,5.51,5.871,5253988.64,864431.6,440
1561507200,6/26/2019,EOS/USD,7.149,7.468999999999999,6.03,6.75,6408099.48,928420.9,441
1561420800,6/25/2019,EOS/USD,7.229,7.3,6.9239999999999995,7.149,1776288.54,250355.2,442
1561334400,6/24/2019,EOS/USD,7.23,7.245,6.994,7.229,1566072.98,219841.3,443
1561248000,6/23/2019,EOS/USD,7.465,7.584,7.15,7.23,2335393.05,317635.6,444
1561161600,6/22/2019,EOS/USD,7.061,7.6,7.011,7.465,4256660.13,581037.7,445
1561075200,6/21/2019,EOS/USD,6.848,7.148,6.83,7.061,2834439.05,404911.0,446
1560988800,6/20/2019,EOS/USD,6.879,6.901,6.7,6.848,1255027.92,184546.7,447
1560902400,6/19/2019,EOS/USD,6.801,6.9670000000000005,6.755,6.879,1454815.55,212516.7,448
1560816000,6/18/2019,EOS/USD,7.141,7.162999999999999,6.614,6.801,2313165.28,336199.4,449
1560729600,6/17/2019,EOS/USD,6.972,7.263,6.971,7.141,2888639.38,406235.0,450
1560643200,6/16/2019,EOS/USD,6.925,7.21,6.801,6.972,3059631.89,435457.0,451
1560556800,6/15/2019,EOS/USD,6.572,6.965,6.51,6.925,2329176.13,343583.6,452
1560470400,6/14/2019,EOS/USD,6.472,6.582000000000001,6.358,6.572,1648595.79,255622.5,453
1560384000,6/13/2019,EOS/USD,6.454,6.644,6.39,6.472,2017813.94,308937.6,454
1560297600,6/12/2019,EOS/USD,6.332999999999999,6.494,6.24,6.454,2379806.41,373235.6,455
1560211200,6/11/2019,EOS/USD,6.465,6.517,6.159,6.332999999999999,1708303.91,270043.3,456
1560124800,6/10/2019,EOS/USD,6.148,6.51,6.042000000000001,6.465,2307197.59,364868.0,457
1560038400,6/9/2019,EOS/USD,6.362,6.495,6.001,6.148,3008389.15,487120.0,458
1559952000,6/8/2019,EOS/USD,6.656000000000001,6.699,6.207999999999999,6.362,2262532.21,353281.2,459
1559865600,6/7/2019,EOS/USD,6.377999999999999,6.81,6.303,6.656000000000001,3944705.24,601499.4,460
1559779200,6/6/2019,EOS/USD,6.4239999999999995,6.492999999999999,5.92,6.377999999999999,3478163.41,560732.8,461
1559692800,6/5/2019,EOS/USD,6.289,6.695,6.15,6.4239999999999995,3428143.48,539042.6,462
1559606400,6/4/2019,EOS/USD,6.681,6.867000000000001,5.989,6.289,7249119.84,1120549.3,463
1559520000,6/3/2019,EOS/USD,7.749,7.749,6.5,6.681,6835794.54,954154.1,464
1559433600,6/2/2019,EOS/USD,7.724,7.9879999999999995,7.48,7.749,8002396.11,1033653.2,465
1559347200,6/1/2019,EOS/USD,8.597999999999999,8.72,7.362,7.724,10255742.92,1249735.8,466
1559260800,5/31/2019,EOS/USD,7.317,8.98,7.19,8.597999999999999,12001818.86,1494257.5,467
1559174400,5/30/2019,EOS/USD,7.977,8.5,6.808,7.317,8181237.54,1058309.4,468
1559088000,5/29/2019,EOS/USD,8.1,8.229,7.41,7.977,2880052.13,360411.8,469
1559001600,5/28/2019,EOS/USD,7.976,8.21,7.56,8.1,2959083.97,371002.9,470
1558915200,5/27/2019,EOS/USD,6.966,8.263,6.885,7.976,4448121.21,591006.6,471
1558828800,5/26/2019,EOS/USD,6.399,7.039,6.231,6.966,1203832.5,180470.6,472
1558742400,5/25/2019,EOS/USD,6.41,6.5489999999999995,6.319,6.399,383135.99,59582.7,473
1558656000,5/24/2019,EOS/USD,6.056,6.6,5.999,6.41,783649.18,122885.6,474
1558569600,5/23/2019,EOS/USD,5.949,6.131,5.742999999999999,6.056,423730.17,71477.1,475
1558483200,5/22/2019,EOS/USD,6.312,6.374,5.702000000000001,5.949,790187.65,130009.5,476
1558396800,5/21/2019,EOS/USD,6.2620000000000005,6.395,6.122000000000001,6.312,326647.32,52072.5,477
1558310400,5/20/2019,EOS/USD,6.504,6.504,6.013,6.2620000000000005,626753.56,100165.1,478
1558224000,5/19/2019,EOS/USD,5.91,6.597,5.886,6.504,718913.86,113869.2,479
1558137600,5/18/2019,EOS/USD,6.045,6.146,5.83,5.91,473739.9,79566.9,480
1558051200,5/17/2019,EOS/USD,6.506,6.58,5.605,6.045,1595991.01,267789.4,481
1557964800,5/16/2019,EOS/USD,6.5120000000000005,6.944,6.247999999999999,6.506,2317303.15,350880.7,482
1557878400,5/15/2019,EOS/USD,6.05,6.635,5.98,6.5120000000000005,2135014.66,341782.0,483
1557792000,5/14/2019,EOS/USD,5.544,6.335,5.53,6.05,1683138.96,284718.5,484
1557705600,5/13/2019,EOS/USD,5.327999999999999,5.8260000000000005,5.303,5.544,1524620.56,272384.5,485
1557619200,5/12/2019,EOS/USD,5.537999999999999,5.778,5.205,5.327999999999999,1095282.0,201376.3,486
1557532800,5/11/2019,EOS/USD,4.794,5.854,4.794,5.537999999999999,1664282.71,310744.3,487
1557446400,5/10/2019,EOS/USD,4.822,4.946000000000001,4.511,4.794,980451.05,206049.5,488
1557360000,5/9/2019,EOS/USD,4.859,4.974,4.75,4.822,476102.82,98417.6,489
1557273600,5/8/2019,EOS/USD,4.76,4.895,4.7,4.859,326698.91,68431.7,490
1557187200,5/7/2019,EOS/USD,4.837,5.01,4.752,4.76,504614.63,103462.4,491
1557100800,5/6/2019,EOS/USD,4.83,4.958,4.606,4.837,444700.92,92905.9,492
1557014400,5/5/2019,EOS/USD,4.888,4.948,4.773,4.83,151872.06,31407.3,493
1556928000,5/4/2019,EOS/USD,4.9910000000000005,5.106,4.726,4.888,642798.12,131512.3,494
1556841600,5/3/2019,EOS/USD,4.6930000000000005,5.098,4.662,4.9910000000000005,725291.57,146747.5,495
1556755200,5/2/2019,EOS/USD,4.702,4.737,4.57,4.6930000000000005,274617.29,58852.4,496
1556668800,5/1/2019,EOS/USD,4.771,4.819,4.617,4.702,329721.49,69927.3,497
1556582400,4/30/2019,EOS/USD,4.435,4.79,4.435,4.771,486176.56,105607.4,498
1556496000,4/29/2019,EOS/USD,4.596,4.629,4.375,4.435,240553.01,53625.0,499
1556409600,4/28/2019,EOS/USD,4.617,4.67,4.519,4.596,166624.82,36156.8,500
1556323200,4/27/2019,EOS/USD,4.649,4.726,4.596,4.617,218571.34,47035.5,501
1556236800,4/26/2019,EOS/USD,4.524,4.788,4.44,4.649,901446.17,196691.7,502
1556150400,4/25/2019,EOS/USD,4.822,4.88,4.486000000000001,4.524,639366.83,137793.6,503
1556064000,4/24/2019,EOS/USD,5.162000000000001,5.199,4.603,4.822,722429.79,149435.9,504
1555977600,4/23/2019,EOS/USD,5.25,5.381,5.114,5.162000000000001,432826.72,82355.3,505
1555891200,4/22/2019,EOS/USD,5.242999999999999,5.321000000000001,5.136,5.25,231275.44,44024.7,506
1555804800,4/21/2019,EOS/USD,5.457000000000001,5.468999999999999,5.0,5.242999999999999,377421.32,72288.7,507
1555718400,4/20/2019,EOS/USD,5.4879999999999995,5.529,5.399,5.457000000000001,161459.97,29536.3,508
1555632000,4/19/2019,EOS/USD,5.486000000000001,5.5,5.398,5.4879999999999995,179472.99,32928.4,509
1555545600,4/18/2019,EOS/USD,5.452999999999999,5.599,5.439,5.486000000000001,309907.59,56256.6,510
1555459200,4/17/2019,EOS/USD,5.537000000000001,5.63,5.391,5.452999999999999,206452.37,37700.2,511
1555372800,4/16/2019,EOS/USD,5.334,5.5489999999999995,5.295,5.537000000000001,179133.18,33092.0,512
1555286400,4/15/2019,EOS/USD,5.574,5.627999999999999,5.236000000000001,5.334,400997.68,73258.9,513
1555200000,4/14/2019,EOS/USD,5.327000000000001,5.598,5.25,5.574,289758.82,53809.3,514
1555113600,4/13/2019,EOS/USD,5.392,5.483,5.239,5.327000000000001,242698.32,45359.4,515
1555027200,4/12/2019,EOS/USD,5.31,5.461,5.086,5.392,431763.85,81149.1,516
1554940800,4/11/2019,EOS/USD,5.869,5.869,5.12,5.31,856154.71,156974.9,517
1554854400,4/10/2019,EOS/USD,5.912999999999999,6.0489999999999995,5.566,5.869,1427198.62,243499.0,518
