unix,date,symbol,open,high,low,close,Volume XRP,Volume USD
1599609600,9/9/2020,XRP/USD,0.2367,0.2377,0.233,0.2368,1807299.53,7680581.63
1599523200,9/8/2020,XRP/USD,0.2422,0.2437,0.2312,0.2367,13587535.93,57461389.67
1599436800,9/7/2020,XRP/USD,0.24,0.2431,0.23,0.2422,12397376.55,52223772.38
1599350400,9/6/2020,XRP/USD,0.2376,0.2436,0.23,0.24,16017077.05,67251220.08
1599264000,9/5/2020,XRP/USD,0.2549,0.2586,0.2311,0.2376,27389190.22,113535306.6
1599177600,9/4/2020,XRP/USD,0.2453,0.266,0.2403,0.2549,28666780.64,114073517.6
1599091200,9/3/2020,XRP/USD,0.2762,0.2768,0.2389,0.2453,33142150.89,127408796.4
1599004800,9/2/2020,XRP/USD,0.2954,0.3039,0.2635,0.2762,31096055.08,109375712
1598918400,9/1/2020,XRP/USD,0.2814,0.2989,0.2761,0.2954,23660437.71,81382798.79
1598832000,8/31/2020,XRP/USD,0.2832,0.2846,0.2784,0.2814,25556997.97,90780319.12
1598745600,8/30/2020,XRP/USD,0.2741,0.284,0.2739,0.2832,21589170.96,77202433.35
1598659200,8/29/2020,XRP/USD,0.272,0.277,0.2691,0.2741,11281162.18,41293254.98
1598572800,8/28/2020,XRP/USD,0.2648,0.2735,0.2602,0.272,16150418.87,60093052.98
1598486400,8/27/2020,XRP/USD,0.2765,0.2786,0.2549,0.2648,22033864.67,82840866.36
1598400000,8/26/2020,XRP/USD,0.2766,0.281,0.2741,0.2765,17468034.36,62923151.89
1598313600,8/25/2020,XRP/USD,0.2887,0.2895,0.2702,0.2766,20928964.78,75107235.65
1598227200,8/24/2020,XRP/USD,0.285,0.2922,0.2823,0.2887,13849389.24,48153622.32
1598140800,8/23/2020,XRP/USD,0.2862,0.2883,0.2773,0.285,13909873.32,49040637.78
1598054400,8/22/2020,XRP/USD,0.2794,0.2869,0.2731,0.2862,18251089.81,65298286.94
1597968000,8/21/2020,XRP/USD,0.2921,0.2962,0.277,0.2794,31536743.65,109757011.1
1597881600,8/20/2020,XRP/USD,0.29,0.2949,0.2842,0.2921,22947913.38,78880776.75
1597795200,8/19/2020,XRP/USD,0.3027,0.3063,0.279,0.29,33451618.42,114691638.8
1597708800,8/18/2020,XRP/USD,0.3159,0.3219,0.2974,0.3027,38771148.17,125287738.7
1597622400,8/17/2020,XRP/USD,0.3046,0.3283,0.2972,0.3159,59670004.09,189442329
1597536000,8/16/2020,XRP/USD,0.2991,0.305,0.2921,0.3046,28079032.67,93875999.19
1597449600,8/15/2020,XRP/USD,0.3004,0.3057,0.2916,0.2991,27601824.45,92031695.59
1597363200,8/14/2020,XRP/USD,0.2949,0.3077,0.2899,0.3004,38979187.79,130409771.2
1597276800,8/13/2020,XRP/USD,0.2823,0.2961,0.2719,0.2949,36555848.01,128987779.9
1597190400,8/12/2020,XRP/USD,0.2831,0.2874,0.2716,0.2823,26237099.82,93135375.96
1597104000,8/11/2020,XRP/USD,0.2949,0.308,0.2672,0.2831,37168532.77,127821903.1
1597017600,8/10/2020,XRP/USD,0.288,0.3006,0.2848,0.2949,24133026.68,81959599.41
1596931200,8/9/2020,XRP/USD,0.2954,0.299,0.2825,0.288,23160902.33,79943732.8
1596844800,8/8/2020,XRP/USD,0.2949,0.2991,0.2902,0.2954,18913636.88,64297951.25
1596758400,8/7/2020,XRP/USD,0.3034,0.3103,0.278,0.2949,31467689.53,106305101.3
1596672000,8/6/2020,XRP/USD,0.3028,0.3115,0.2976,0.3034,22242063.68,73100502.59
1596585600,8/5/2020,XRP/USD,0.3017,0.3084,0.2902,0.3028,27766417.17,92297579.05
1596499200,8/4/2020,XRP/USD,0.3104,0.3194,0.2911,0.3017,38133077.09,125037414.7
1596412800,8/3/2020,XRP/USD,0.2881,0.32,0.2839,0.3104,55894606.3,181393360.3
1596326400,8/2/2020,XRP/USD,0.2913,0.328,0.2439,0.2881,83784092.92,285714698
1596240000,8/1/2020,XRP/USD,0.26,0.2985,0.2561,0.2913,57260757.73,205082893
1596153600,7/31/2020,XRP/USD,0.2444,0.2613,0.2421,0.26,20812478.56,82845775.7
1596067200,7/30/2020,XRP/USD,0.2437,0.25,0.2343,0.2444,18297293.31,75256701.18
1595980800,7/29/2020,XRP/USD,0.2309,0.251,0.2296,0.2437,30576620.39,126728023.8
1595894400,7/28/2020,XRP/USD,0.2248,0.235,0.217,0.2309,22950834.8,101289174.4
1595808000,7/27/2020,XRP/USD,0.2155,0.2299,0.2091,0.2248,24814796.46,112249089.8
1595721600,7/26/2020,XRP/USD,0.215,0.2253,0.213,0.2155,15591327.02,71346118.93
1595635200,7/25/2020,XRP/USD,0.2043,0.218,0.2039,0.215,13652178.53,64422117.13
1595548800,7/24/2020,XRP/USD,0.2088,0.2089,0.2021,0.2043,7511852.18,36576967.07
1595462400,7/23/2020,XRP/USD,0.204,0.2106,0.2019,0.2088,14428904.93,69917447.46
1595376000,7/22/2020,XRP/USD,0.1997,0.205,0.1961,0.204,7902087.77,39418886.9
1595289600,7/21/2020,XRP/USD,0.1948,0.201,0.194,0.1997,8130071.28,40988211.15
1595203200,7/20/2020,XRP/USD,0.1998,0.2003,0.1918,0.1948,7021629.12,35682274.59
1595116800,7/19/2020,XRP/USD,0.2,0.202,0.1959,0.1998,5717954.37,28812204.61
1595030400,7/18/2020,XRP/USD,0.1946,0.2025,0.1938,0.2,8852353.91,44649745.83
1594944000,7/17/2020,XRP/USD,0.1943,0.1981,0.1911,0.1946,7063259.09,36357002.55
1594857600,7/16/2020,XRP/USD,0.1971,0.1974,0.1882,0.1943,9214352.05,47774375.41
1594771200,7/15/2020,XRP/USD,0.1991,0.1998,0.1963,0.1971,6843440.96,34575851.33
1594684800,7/14/2020,XRP/USD,0.1986,0.1998,0.195,0.1991,7012078.54,35374929.5
1594598400,7/13/2020,XRP/USD,0.2012,0.2066,0.1923,0.1986,12215245.76,60881958.81
1594512000,7/12/2020,XRP/USD,0.2012,0.204,0.1978,0.2012,7116482.25,35504607.07
1594425600,7/11/2020,XRP/USD,0.199,0.2055,0.1979,0.2012,7594535.88,37753069.69
1594339200,7/10/2020,XRP/USD,0.2026,0.2027,0.1924,0.199,8671278.91,43877987.72
1594252800,7/9/2020,XRP/USD,0.2058,0.2117,0.1966,0.2026,20211303.69,99591056.14
1594166400,7/8/2020,XRP/USD,0.1852,0.2069,0.1837,0.2058,21078756.4,106083876.1
1594080000,7/7/2020,XRP/USD,0.1889,0.1897,0.1831,0.1852,6123127.36,32946031.63
1593993600,7/6/2020,XRP/USD,0.1772,0.1893,0.1765,0.1889,9472184.41,51333490.4
1593907200,7/5/2020,XRP/USD,0.1781,0.179,0.1739,0.1772,4406702.35,24983246.21
1593820800,7/4/2020,XRP/USD,0.1763,0.1798,0.176,0.1781,4771550.56,26820162.38
1593734400,7/3/2020,XRP/USD,0.1749,0.1787,0.1744,0.1763,5463253.9,30945929.63
1593648000,7/2/2020,XRP/USD,0.1765,0.1775,0.1721,0.1749,6418585.29,36612565.92
1593561600,7/1/2020,XRP/USD,0.1754,0.1779,0.1731,0.1765,2077061.15,11793142.04
1593475200,6/30/2020,XRP/USD,0.1771,0.1779,0.1747,0.1754,4669515.08,26498631.35
1593388800,6/29/2020,XRP/USD,0.1767,0.1794,0.1749,0.1771,5105021.71,28829357.15
1593302400,6/28/2020,XRP/USD,0.1751,0.18,0.1731,0.1767,5563949.95,31502416.21
1593216000,6/27/2020,XRP/USD,0.1825,0.1833,0.169,0.1751,7569774.23,42790879.12
1593129600,6/26/2020,XRP/USD,0.1814,0.1868,0.1781,0.1825,6978976.1,38264680.71
1593043200,6/25/2020,XRP/USD,0.1833,0.184,0.1782,0.1814,6633268.48,36489936.31
1592956800,6/24/2020,XRP/USD,0.1889,0.1901,0.1813,0.1833,7577938.16,40989969.02
1592870400,6/23/2020,XRP/USD,0.1893,0.1906,0.1882,0.1889,5251356.66,27779668
1592784000,6/22/2020,XRP/USD,0.1858,0.1908,0.1852,0.1893,6048575.19,32100198
1592697600,6/21/2020,XRP/USD,0.188,0.1885,0.1855,0.1858,3346307.97,17870636
1592611200,6/20/2020,XRP/USD,0.1871,0.189,0.1845,0.188,4108112.52,21929001
1592524800,6/19/2020,XRP/USD,0.1897,0.1901,0.1863,0.1871,6965622.78,37003053
1592438400,6/18/2020,XRP/USD,0.1932,0.1932,0.188,0.1897,7255961.25,38102586
1592352000,6/17/2020,XRP/USD,0.1924,0.199,0.1883,0.1932,9052983.92,46940235
1592265600,6/16/2020,XRP/USD,0.1924,0.1942,0.19,0.1924,6312364.79,32891410
1592179200,6/15/2020,XRP/USD,0.1901,0.1937,0.1817,0.1924,8929522.25,47616283
1592092800,6/14/2020,XRP/USD,0.1924,0.1926,0.1887,0.1901,4392830,23012457
1592006400,6/13/2020,XRP/USD,0.193,0.194,0.1908,0.1924,4331600.52,22500777
1591920000,6/12/2020,XRP/USD,0.1879,0.1951,0.1866,0.193,8032545.5,41752300
1591833600,6/11/2020,XRP/USD,0.203,0.2037,0.1837,0.1879,12412485.85,63918558
1591747200,6/10/2020,XRP/USD,0.2015,0.204,0.1999,0.203,8507586.11,42134501
1591660800,6/9/2020,XRP/USD,0.2041,0.2054,0.1998,0.2015,8481294.6,41965204
1591574400,6/8/2020,XRP/USD,0.2035,0.2045,0.2013,0.2041,5532061.43,27312993
1591488000,6/7/2020,XRP/USD,0.2039,0.205,0.1985,0.2035,5790883.85,28664506
1591401600,6/6/2020,XRP/USD,0.2027,0.205,0.2011,0.2039,3879976.62,19087834
1591315200,6/5/2020,XRP/USD,0.2043,0.2058,0.2012,0.2027,5911665.88,29042290
1591228800,6/4/2020,XRP/USD,0.2042,0.2072,0.2,0.2043,6449530.54,31544128
1591142400,6/3/2020,XRP/USD,0.203,0.2047,0.2007,0.2042,4103115.26,20195964
1591056000,6/2/2020,XRP/USD,0.2111,0.2146,0.1971,0.203,10385054.37,50261186
1590969600,6/1/2020,XRP/USD,0.2024,0.213,0.2011,0.2111,7815404.26,37882585
1590883200,5/31/2020,XRP/USD,0.2071,0.2137,0.2003,0.2024,8080880.87,39099762
1590796800,5/30/2020,XRP/USD,0.1973,0.2082,0.1961,0.2071,4683443.02,22974859
1590710400,5/29/2020,XRP/USD,0.2005,0.203,0.1963,0.1973,5883717.33,29598948
1590624000,5/28/2020,XRP/USD,0.198,0.2011,0.1949,0.2005,6402822.18,32346107
1590537600,5/27/2020,XRP/USD,0.1938,0.2005,0.1937,0.198,7176091.34,36377269
1590451200,5/26/2020,XRP/USD,0.1962,0.1971,0.1914,0.1938,6194079,31899686
1590364800,5/25/2020,XRP/USD,0.1924,0.1973,0.1897,0.1962,6947261.73,35781847
1590278400,5/24/2020,XRP/USD,0.199,0.2015,0.1921,0.1924,6264605.36,31678176
1590192000,5/23/2020,XRP/USD,0.2003,0.2024,0.198,0.199,5929098.59,29625878
1590105600,5/22/2020,XRP/USD,0.1942,0.2025,0.1918,0.2003,9608068.12,48295549
1590019200,5/21/2020,XRP/USD,0.2017,0.2031,0.1889,0.1942,9743471.37,49795075
1589932800,5/20/2020,XRP/USD,0.205,0.2061,0.1965,0.2017,8248768.78,40645790
1589846400,5/19/2020,XRP/USD,0.2054,0.2066,0.2007,0.205,7019916.38,34456549
1589760000,5/18/2020,XRP/USD,0.2014,0.2087,0.2011,0.2054,8166935.22,39871518
1589673600,5/17/2020,XRP/USD,0.1998,0.205,0.1989,0.2014,5324536.72,26330968
1589587200,5/16/2020,XRP/USD,0.1981,0.2023,0.1966,0.1998,5712238.02,28612896
1589500800,5/15/2020,XRP/USD,0.204,0.2048,0.1948,0.1981,8826456.69,44097195
1589414400,5/14/2020,XRP/USD,0.2023,0.2065,0.1984,0.204,8588095.24,42310427
1589328000,5/13/2020,XRP/USD,0.1974,0.2044,0.1959,0.2023,7844471.35,39104446
1589241600,5/12/2020,XRP/USD,0.1928,0.2001,0.1914,0.1974,8201028.49,41724770
1589155200,5/11/2020,XRP/USD,0.1973,0.2005,0.1842,0.1928,14009739.61,72387172
1589068800,5/10/2020,XRP/USD,0.2166,0.2166,0.1802,0.1973,21122769.03,107613010
1588982400,5/9/2020,XRP/USD,0.2189,0.2252,0.2157,0.2166,12529199.99,56872522
1588896000,5/8/2020,XRP/USD,0.2189,0.2225,0.2145,0.2189,15238265.31,69558563
1588809600,5/7/2020,XRP/USD,0.2121,0.2222,0.2086,0.2189,14209666.21,65622358
1588723200,5/6/2020,XRP/USD,0.2172,0.2228,0.2105,0.2121,9719402.39,44496830
1588636800,5/5/2020,XRP/USD,0.2184,0.2225,0.2134,0.2172,8357002.37,38413635
1588550400,5/4/2020,XRP/USD,0.2195,0.221,0.2074,0.2184,10859323.37,50522678
1588464000,5/3/2020,XRP/USD,0.2241,0.2269,0.2155,0.2195,8619580.63,38890624
1588377600,5/2/2020,XRP/USD,0.218,0.226,0.2155,0.2241,10279082.04,46375845
1588291200,5/1/2020,XRP/USD,0.2115,0.2244,0.2113,0.218,13265253.07,61004693
1588204800,4/30/2020,XRP/USD,0.2269,0.2361,0.2081,0.2115,24776250.52,111871841
1588118400,4/29/2020,XRP/USD,0.2146,0.2318,0.2141,0.2269,26456092.05,119074729
1588032000,4/28/2020,XRP/USD,0.198,0.2188,0.1949,0.2146,18568824.1,89208442
1587945600,4/27/2020,XRP/USD,0.1966,0.2,0.1945,0.198,8350664.18,42413621
1587859200,4/26/2020,XRP/USD,0.1945,0.198,0.1922,0.1966,6430799.16,32905336
1587772800,4/25/2020,XRP/USD,0.1936,0.1984,0.1918,0.1945,6324737.29,32466960
1587686400,4/24/2020,XRP/USD,0.1928,0.1971,0.1922,0.1936,8359403.02,43029745
1587600000,4/23/2020,XRP/USD,0.1884,0.2,0.1858,0.1928,12767415.03,65934527
1587513600,4/22/2020,XRP/USD,0.1838,0.19,0.1823,0.1884,6002252.23,32123786
1587427200,4/21/2020,XRP/USD,0.1819,0.1868,0.1814,0.1838,7535903.64,40946473
1587340800,4/20/2020,XRP/USD,0.1894,0.195,0.1783,0.1819,11898761.26,63602877
1587254400,4/19/2020,XRP/USD,0.1956,0.1966,0.1881,0.1894,6049589,31454222
1587168000,4/18/2020,XRP/USD,0.1888,0.1975,0.1885,0.1956,7897699.37,40942978
1587081600,4/17/2020,XRP/USD,0.1908,0.192,0.1864,0.1888,7353300.79,38839517
1586995200,4/16/2020,XRP/USD,0.1807,0.1937,0.1738,0.1908,14465046.88,77710450
1586908800,4/15/2020,XRP/USD,0.1865,0.1902,0.1801,0.1807,9335676.97,50514280
1586822400,4/14/2020,XRP/USD,0.1883,0.1896,0.1838,0.1865,6203225.69,33141806
1586736000,4/13/2020,XRP/USD,0.1896,0.19,0.1802,0.1883,8561878.82,46173705
1586649600,4/12/2020,XRP/USD,0.189,0.1965,0.1864,0.1896,7853005.02,40769169
1586563200,4/11/2020,XRP/USD,0.1879,0.1926,0.1852,0.189,6316046.9,33454364
1586476800,4/10/2020,XRP/USD,0.1984,0.199,0.1816,0.1879,13184696.76,69572253
1586390400,4/9/2020,XRP/USD,0.2023,0.2026,0.1926,0.1984,10074382.99,50642559
1586304000,4/8/2020,XRP/USD,0.193,0.2032,0.1915,0.2023,11135114.18,55913455
1586217600,4/7/2020,XRP/USD,0.1984,0.206,0.1896,0.193,18564779.88,93359327
1586131200,4/6/2020,XRP/USD,0.1796,0.1987,0.1795,0.1984,15372734.4,80764813
1586044800,4/5/2020,XRP/USD,0.1815,0.1826,0.1764,0.1796,4740712.22,26362074
1585958400,4/4/2020,XRP/USD,0.1797,0.1843,0.1777,0.1815,7854207.4,43591444
1585872000,4/3/2020,XRP/USD,0.1787,0.1832,0.176,0.1797,7059338.2,39342911
1585785600,4/2/2020,XRP/USD,0.1756,0.1873,0.1746,0.1787,10492589.6,58604028
1585699200,4/1/2020,XRP/USD,0.1739,0.177,0.1679,0.1756,8939906.56,51872380
1585612800,3/31/2020,XRP/USD,0.1714,0.1785,0.1706,0.1739,8470144.56,48377759
1585526400,3/30/2020,XRP/USD,0.1627,0.1759,0.1625,0.1714,9977441.97,58248459
1585440000,3/29/2020,XRP/USD,0.1758,0.177,0.1614,0.1627,10561616.18,62357133
1585353600,3/28/2020,XRP/USD,0.1729,0.1806,0.1651,0.1758,15971669.18,92730036
1585267200,3/27/2020,XRP/USD,0.1767,0.1879,0.1699,0.1729,19529976.07,109973931
1585180800,3/26/2020,XRP/USD,0.1621,0.179,0.16,0.1767,13305800.25,79402458
1585094400,3/25/2020,XRP/USD,0.1628,0.1659,0.1573,0.1621,9987613.07,62005966
1585008000,3/24/2020,XRP/USD,0.1592,0.1644,0.1577,0.1628,12385118.78,76776576
1584921600,3/23/2020,XRP/USD,0.1479,0.1625,0.1449,0.1592,9951870.16,64480505
1584835200,3/22/2020,XRP/USD,0.1581,0.1618,0.1463,0.1479,8226395.47,53442638
1584748800,3/21/2020,XRP/USD,0.157,0.1622,0.1516,0.1581,8018848.75,51106300
1584662400,3/20/2020,XRP/USD,0.1652,0.176,0.145,0.157,22195668.77,136784709
1584576000,3/19/2020,XRP/USD,0.1482,0.1734,0.1447,0.1652,20772146.73,130234229
1584489600,3/18/2020,XRP/USD,0.1477,0.1498,0.1403,0.1482,9625653.64,66258008
1584403200,3/17/2020,XRP/USD,0.1414,0.1527,0.1399,0.1477,13560882.01,91917517
1584316800,3/16/2020,XRP/USD,0.1528,0.1529,0.127,0.1414,22368068.34,159555288
1584230400,3/15/2020,XRP/USD,0.1456,0.1654,0.1438,0.1528,11363145.56,74461207
1584144000,3/14/2020,XRP/USD,0.1605,0.1619,0.1431,0.1456,10115784.46,66156500
1584057600,3/13/2020,XRP/USD,0.1388,0.1708,0.1105,0.1605,36072191.14,245257035
1583971200,3/12/2020,XRP/USD,0.2083,0.21,0.1287,0.1388,43157499.04,260665308
1583884800,3/11/2020,XRP/USD,0.2117,0.2138,0.1992,0.2083,8619677.69,41775392
1583798400,3/10/2020,XRP/USD,0.2095,0.2163,0.205,0.2117,9642371.94,45721750
1583712000,3/9/2020,XRP/USD,0.2038,0.2117,0.198,0.2095,15952845.11,77694899
1583625600,3/8/2020,XRP/USD,0.2368,0.2368,0.2007,0.2038,16789403.22,77655523
1583539200,3/7/2020,XRP/USD,0.2454,0.2458,0.2349,0.2368,6051118.12,25123773
1583452800,3/6/2020,XRP/USD,0.2395,0.2465,0.2384,0.2454,7637179.86,31482851
1583366400,3/5/2020,XRP/USD,0.2348,0.2435,0.2346,0.2395,9790789.78,40881035
1583280000,3/4/2020,XRP/USD,0.2342,0.2384,0.23,0.2348,7485738.46,32017274
1583193600,3/3/2020,XRP/USD,0.2398,0.2398,0.2295,0.2342,7171329.04,30559801
1583107200,3/2/2020,XRP/USD,0.2269,0.2416,0.2256,0.2398,9349004.4,39671578
1583020800,3/1/2020,XRP/USD,0.2288,0.2362,0.2238,0.2269,10761477.19,46894240
1582934400,2/29/2020,XRP/USD,0.237,0.2427,0.2285,0.2288,7331275.46,31074391
1582848000,2/28/2020,XRP/USD,0.2384,0.244,0.2281,0.237,11670406.92,49459932
1582761600,2/27/2020,XRP/USD,0.229,0.248,0.2228,0.2384,17185422.27,72385720
1582675200,2/26/2020,XRP/USD,0.2519,0.255,0.2221,0.229,25084029.37,106379133
1582588800,2/25/2020,XRP/USD,0.2706,0.2711,0.2504,0.2519,14527435.09,56125108
1582502400,2/24/2020,XRP/USD,0.2839,0.2851,0.2636,0.2706,11634433.01,42782641
1582416000,2/23/2020,XRP/USD,0.2752,0.2855,0.2751,0.2839,7951316.51,28263297
1582329600,2/22/2020,XRP/USD,0.2749,0.2789,0.2704,0.2752,6686036.92,24394448
1582243200,2/21/2020,XRP/USD,0.2713,0.2798,0.2682,0.2749,11100945.58,40411459
1582156800,2/20/2020,XRP/USD,0.2746,0.2819,0.26,0.2713,18408673.94,67803883
1582070400,2/19/2020,XRP/USD,0.299,0.3092,0.268,0.2746,19576383.58,67253033
1581984000,2/18/2020,XRP/USD,0.2875,0.3034,0.2756,0.299,18515441.88,63380718
1581897600,2/17/2020,XRP/USD,0.293,0.2953,0.269,0.2875,21313058.26,76047913
1581811200,2/16/2020,XRP/USD,0.3074,0.3193,0.2651,0.293,29183640.88,98826825
1581724800,2/15/2020,XRP/USD,0.3369,0.3478,0.2936,0.3074,34751649.94,108169044
1581638400,2/14/2020,XRP/USD,0.3274,0.34,0.3107,0.3369,29546988.47,89715705
1581552000,2/13/2020,XRP/USD,0.3051,0.34,0.3,0.3274,55566717.12,171498468
1581465600,2/12/2020,XRP/USD,0.2824,0.31,0.2821,0.3051,30349979.68,102179510
1581379200,2/11/2020,XRP/USD,0.2735,0.2845,0.267,0.2824,14803143.26,53655350
1581292800,2/10/2020,XRP/USD,0.283,0.2837,0.2674,0.2735,11084174.04,40324143
1581206400,2/9/2020,XRP/USD,0.2778,0.2898,0.2761,0.283,12069907.96,42826372
1581120000,2/8/2020,XRP/USD,0.2795,0.2819,0.2632,0.2778,14061956.36,51128884
1581033600,2/7/2020,XRP/USD,0.283,0.2884,0.2773,0.2795,12386796.51,44038641
1580947200,2/6/2020,XRP/USD,0.278,0.288,0.2692,0.283,18852537.25,67318388
1580860800,2/5/2020,XRP/USD,0.266,0.2817,0.266,0.278,26427398.69,95911920
1580774400,2/4/2020,XRP/USD,0.2544,0.27,0.2472,0.266,19383503.37,74336927
1580688000,2/3/2020,XRP/USD,0.2505,0.26,0.2467,0.2544,10831744.97,43078407
1580601600,2/2/2020,XRP/USD,0.2413,0.2619,0.2354,0.2505,13907726.46,55285749
1580515200,2/1/2020,XRP/USD,0.2393,0.2428,0.2367,0.2413,6462372.96,26868128
1580428800,1/31/2020,XRP/USD,0.2435,0.245,0.233,0.2393,7102798.83,29731333
1580342400,1/30/2020,XRP/USD,0.2351,0.2468,0.23,0.2435,9612234.45,40316799
1580256000,1/29/2020,XRP/USD,0.2399,0.2418,0.2337,0.2351,7658456.1,32230283
1580169600,1/28/2020,XRP/USD,0.2304,0.2411,0.2304,0.2399,7564262.32,32168738
1580083200,1/27/2020,XRP/USD,0.2308,0.2335,0.2259,0.2304,5570276.62,24155708
1579996800,1/26/2020,XRP/USD,0.2191,0.2319,0.2177,0.2308,3962267.48,17681285
1579910400,1/25/2020,XRP/USD,0.2221,0.2223,0.216,0.2191,3485845.32,15916670
1579824000,1/24/2020,XRP/USD,0.2254,0.2258,0.213,0.2221,8507456.05,38498223
1579737600,1/23/2020,XRP/USD,0.2368,0.2368,0.2204,0.2254,7517711.61,33153482
1579651200,1/22/2020,XRP/USD,0.2369,0.2395,0.2319,0.2368,4535425.78,19256773
1579564800,1/21/2020,XRP/USD,0.2328,0.2416,0.2294,0.2369,7327981.81,31071525
1579478400,1/20/2020,XRP/USD,0.2356,0.2363,0.2235,0.2328,7603525.98,32848901
1579392000,1/19/2020,XRP/USD,0.2433,0.2517,0.2268,0.2356,10748849.82,44927222
1579305600,1/18/2020,XRP/USD,0.2386,0.2559,0.2314,0.2433,13322504.52,54987140
1579219200,1/17/2020,XRP/USD,0.2287,0.2442,0.2264,0.2386,14922325.53,63242169
1579132800,1/16/2020,XRP/USD,0.2335,0.2348,0.2211,0.2287,10500899.83,46237207
1579046400,1/15/2020,XRP/USD,0.235,0.2437,0.226,0.2335,14153809.04,60146303
1578960000,1/14/2020,XRP/USD,0.2116,0.2462,0.2115,0.235,20482950.99,89271488
1578873600,1/13/2020,XRP/USD,0.2154,0.2158,0.2096,0.2116,4084093.34,19287862
1578787200,1/12/2020,XRP/USD,0.2119,0.217,0.21,0.2154,3932615.83,18393811
1578700800,1/11/2020,XRP/USD,0.213,0.2199,0.2084,0.2119,6622028.91,30920815
1578614400,1/10/2020,XRP/USD,0.2036,0.213,0.2,0.213,6995284.89,33912788
1578528000,1/9/2020,XRP/USD,0.2073,0.2087,0.201,0.2036,5579803.57,27319450
1578441600,1/8/2020,XRP/USD,0.2137,0.2187,0.2028,0.2073,9389308.84,44590795
1578355200,1/7/2020,XRP/USD,0.2234,0.2257,0.207,0.2137,10120498.18,47044434
1578268800,1/6/2020,XRP/USD,0.1946,0.224,0.1942,0.2234,12242205.95,57409724
1578182400,1/5/2020,XRP/USD,0.193,0.1974,0.1929,0.1946,2495095.58,12784939
1578096000,1/4/2020,XRP/USD,0.1931,0.1936,0.191,0.193,1874727.92,9747988
1578009600,1/3/2020,XRP/USD,0.1872,0.1938,0.1842,0.1931,4921521.1,25773976
1577923200,1/2/2020,XRP/USD,0.1925,0.1925,0.1846,0.1872,3511204.36,18626855
1577836800,1/1/2020,XRP/USD,0.1923,0.1949,0.1908,0.1925,2388184.27,12350446
1577750400,12/31/2019,XRP/USD,0.1926,0.1937,0.1892,0.1923,3799619.13,19864426
1577664000,12/30/2019,XRP/USD,0.1964,0.1975,0.1913,0.1926,2741393.75,14161611
1577577600,12/29/2019,XRP/USD,0.193,0.1984,0.1907,0.1964,3060118.6,15702783
1577491200,12/28/2019,XRP/USD,0.1904,0.1945,0.1898,0.193,3670405.38,19040435
1577404800,12/27/2019,XRP/USD,0.189,0.1905,0.1844,0.1904,2858766.45,15173070
1577318400,12/26/2019,XRP/USD,0.1886,0.194,0.1869,0.189,3546742.1,18690795
1577232000,12/25/2019,XRP/USD,0.1907,0.1912,0.1861,0.1886,2530586.14,13437714
1577145600,12/24/2019,XRP/USD,0.1896,0.1938,0.1867,0.1907,4228670.04,22215436
1577059200,12/23/2019,XRP/USD,0.1969,0.199,0.188,0.1896,6037081.88,31003393
1576972800,12/22/2019,XRP/USD,0.1917,0.1971,0.1907,0.1969,4186567.21,21603479
1576886400,12/21/2019,XRP/USD,0.1955,0.1966,0.1904,0.1917,3581323.69,18593712
1576800000,12/20/2019,XRP/USD,0.1878,0.1986,0.1837,0.1955,8667129.13,45482013
1576713600,12/19/2019,XRP/USD,0.196,0.1972,0.1846,0.1878,6961881.34,36878058
1576627200,12/18/2019,XRP/USD,0.1834,0.2013,0.1748,0.196,13253933.17,70447880
1576540800,12/17/2019,XRP/USD,0.2052,0.2052,0.1773,0.1834,16204065.09,85444166.19
1576454400,12/16/2019,XRP/USD,0.2172,0.2173,0.201,0.2052,6008032.57,28708034
1576368000,12/15/2019,XRP/USD,0.2161,0.2193,0.2144,0.2172,2130193.91,9823316
1576281600,12/14/2019,XRP/USD,0.2208,0.221,0.2144,0.2161,2434674.24,11216236
1576195200,12/13/2019,XRP/USD,0.218,0.2209,0.2146,0.2208,3882463.89,17766728
1576108800,12/12/2019,XRP/USD,0.2207,0.2228,0.2159,0.218,4464280.94,20354323
1576022400,12/11/2019,XRP/USD,0.2224,0.2235,0.2196,0.2207,2843137.26,12850632
1575936000,12/10/2019,XRP/USD,0.2245,0.2255,0.2188,0.2224,3892172.35,17550126
1575849600,12/9/2019,XRP/USD,0.2296,0.2311,0.2206,0.2245,3748371.62,16584306
1575763200,12/8/2019,XRP/USD,0.2275,0.2329,0.2242,0.2296,3161921.56,13827781
1575676800,12/7/2019,XRP/USD,0.2261,0.2288,0.2236,0.2275,3584297.61,15826128
1575590400,12/6/2019,XRP/USD,0.2211,0.2272,0.2192,0.2261,4391747.05,19669112
1575504000,12/5/2019,XRP/USD,0.2143,0.2265,0.2118,0.2211,5607312.72,25680986
1575417600,12/4/2019,XRP/USD,0.2196,0.2256,0.2096,0.2143,5848147.35,26997430
1575331200,12/3/2019,XRP/USD,0.2192,0.2222,0.2177,0.2196,3104164.1,14101025
1575244800,12/2/2019,XRP/USD,0.2251,0.2267,0.2174,0.2192,3791035.43,17201825
1575158400,12/1/2019,XRP/USD,0.2259,0.226,0.2188,0.2251,4695249.21,21156692
1575072000,11/30/2019,XRP/USD,0.2306,0.2323,0.2239,0.2259,3638906.39,16010188
1574985600,11/29/2019,XRP/USD,0.2235,0.2325,0.223,0.2306,4863663.73,21274015
1574899200,11/28/2019,XRP/USD,0.2245,0.23,0.2225,0.2235,4547333.39,20046737
1574812800,11/27/2019,XRP/USD,0.221,0.2306,0.2129,0.2245,7775547.91,34967499
1574726400,11/26/2019,XRP/USD,0.218,0.2221,0.213,0.221,7301037.3,33477176
1574640000,11/25/2019,XRP/USD,0.2204,0.2255,0.2001,0.218,16779680.1,77824930
1574553600,11/24/2019,XRP/USD,0.2347,0.2351,0.2186,0.2204,6103460.36,26898501
1574467200,11/23/2019,XRP/USD,0.2309,0.2362,0.226,0.2347,7370908.67,31833556
1574380800,11/22/2019,XRP/USD,0.2433,0.2456,0.221,0.2309,14656582.5,63109528
1574294400,11/21/2019,XRP/USD,0.2498,0.253,0.2337,0.2433,8944743.54,36793048
1574208000,11/20/2019,XRP/USD,0.2536,0.2587,0.2478,0.2498,5970223.59,23750065
1574121600,11/19/2019,XRP/USD,0.2515,0.2562,0.2425,0.2536,6923006.73,27779324
1574035200,11/18/2019,XRP/USD,0.2632,0.2632,0.2387,0.2515,9750105.64,38337498
1573948800,11/17/2019,XRP/USD,0.2623,0.2664,0.2587,0.2632,2987085.48,11335730
1573862400,11/16/2019,XRP/USD,0.2606,0.2644,0.2586,0.2623,4081100.97,15611021
1573776000,11/15/2019,XRP/USD,0.2675,0.269,0.2518,0.2606,7917974.01,30265558
1573689600,11/14/2019,XRP/USD,0.2717,0.2724,0.2629,0.2675,6504667.03,24321973
1573603200,11/13/2019,XRP/USD,0.2721,0.2757,0.2701,0.2717,5087991.4,18700796
1573516800,11/12/2019,XRP/USD,0.2741,0.2761,0.2667,0.2721,5193222.55,19137783
1573430400,11/11/2019,XRP/USD,0.2789,0.2811,0.2687,0.2741,6005482.08,21856765
1573344000,11/10/2019,XRP/USD,0.2799,0.2844,0.2766,0.2789,6800371.09,24282531
1573257600,11/9/2019,XRP/USD,0.2754,0.2827,0.2743,0.2799,6495157.33,23321140
1573171200,11/8/2019,XRP/USD,0.2904,0.2907,0.2702,0.2754,15054308.88,53953041
1573084800,11/7/2019,XRP/USD,0.3109,0.3179,0.2751,0.2904,16851391.79,56934388
1572998400,11/6/2019,XRP/USD,0.301,0.3143,0.2973,0.3109,11156261.95,36686265
1572912000,11/5/2019,XRP/USD,0.2994,0.3057,0.2952,0.301,11939474.33,39668350
1572825600,11/4/2019,XRP/USD,0.2906,0.3006,0.2894,0.2994,6362779.16,21578346
1572739200,11/3/2019,XRP/USD,0.2951,0.2965,0.2883,0.2906,4217367.99,14467773
1572652800,11/2/2019,XRP/USD,0.2924,0.2982,0.2902,0.2951,5446533.35,18494510
1572566400,11/1/2019,XRP/USD,0.2947,0.295,0.284,0.2924,7416506.53,25509164
1572480000,10/31/2019,XRP/USD,0.2952,0.2988,0.2885,0.2947,7856589.69,26701520
1572393600,10/30/2019,XRP/USD,0.3027,0.3066,0.2896,0.2952,8827437.17,29745419
1572307200,10/29/2019,XRP/USD,0.2947,0.3107,0.2945,0.3027,9210813.59,30559543
1572220800,10/28/2019,XRP/USD,0.299,0.3061,0.294,0.2947,8998264.19,30089479
1572134400,10/27/2019,XRP/USD,0.2942,0.3035,0.2904,0.299,10803494.25,36331747
1572048000,10/26/2019,XRP/USD,0.299,0.315,0.2835,0.2942,20821481.96,69388873
1571961600,10/25/2019,XRP/USD,0.2766,0.3088,0.2747,0.299,14174704.13,48589138
1571875200,10/24/2019,XRP/USD,0.2737,0.2809,0.2669,0.2766,7335661.05,26774637
1571788800,10/23/2019,XRP/USD,0.2906,0.2916,0.25,0.2737,16746625.81,61504242
1571702400,10/22/2019,XRP/USD,0.2926,0.3044,0.2887,0.2906,8572513.35,29058616
1571616000,10/21/2019,XRP/USD,0.2947,0.2948,0.2885,0.2926,5892874.62,20194847
1571529600,10/20/2019,XRP/USD,0.2919,0.2966,0.2801,0.2947,7391973.12,25548166
1571443200,10/19/2019,XRP/USD,0.2945,0.2996,0.2875,0.2919,5728361.35,19554835
1571356800,10/18/2019,XRP/USD,0.3019,0.3024,0.285,0.2945,8649611.93,29572790
1571270400,10/17/2019,XRP/USD,0.2834,0.3038,0.28,0.3019,11827798.81,39975071
1571184000,10/16/2019,XRP/USD,0.2884,0.2922,0.2783,0.2834,8734009.3,30667237
1571097600,10/15/2019,XRP/USD,0.2976,0.2995,0.2829,0.2884,11585865.01,39911738
1571011200,10/14/2019,XRP/USD,0.2777,0.2987,0.2766,0.2976,11893981.25,41091057
1570924800,10/13/2019,XRP/USD,0.2729,0.2822,0.2714,0.2777,4983208.12,17931402
1570838400,10/12/2019,XRP/USD,0.2679,0.2777,0.2677,0.2729,4570136.75,16754991
1570752000,10/11/2019,XRP/USD,0.2711,0.2767,0.2649,0.2679,5872564.01,21785364
1570665600,10/10/2019,XRP/USD,0.2819,0.2825,0.265,0.2711,6707433.66,24528291
1570579200,10/9/2019,XRP/USD,0.2778,0.287,0.2732,0.2819,9817293.73,34947837
1570492800,10/8/2019,XRP/USD,0.2764,0.2859,0.271,0.2778,9150595.79,33025588
1570406400,10/7/2019,XRP/USD,0.2557,0.2815,0.2536,0.2764,15209123.25,55795316
1570320000,10/6/2019,XRP/USD,0.2542,0.257,0.2511,0.2557,4336146.83,17086972
1570233600,10/5/2019,XRP/USD,0.2533,0.2569,0.247,0.2542,4620270.41,18267145
1570147200,10/4/2019,XRP/USD,0.2476,0.2572,0.2445,0.2533,5988856.14,23773905
1570060800,10/3/2019,XRP/USD,0.2535,0.254,0.241,0.2476,5620187.8,22729593
1569974400,10/2/2019,XRP/USD,0.2484,0.2551,0.2447,0.2535,7086184.61,28335293
1569888000,10/1/2019,XRP/USD,0.2565,0.2614,0.245,0.2484,6541035.97,25738687
1569801600,9/30/2019,XRP/USD,0.2406,0.2621,0.2353,0.2565,11375852.09,44682486
1569715200,9/29/2019,XRP/USD,0.2423,0.2428,0.2347,0.2406,3279270.92,13748369
1569628800,9/28/2019,XRP/USD,0.2428,0.2451,0.2383,0.2423,3108719.65,12863224
1569542400,9/27/2019,XRP/USD,0.2423,0.2473,0.2332,0.2428,6163482.45,25696029
1569456000,9/26/2019,XRP/USD,0.246,0.25,0.228,0.2423,9298126.11,38757949
1569369600,9/25/2019,XRP/USD,0.2341,0.2498,0.2318,0.246,10281092.35,42611416
1569283200,9/24/2019,XRP/USD,0.2677,0.2729,0.2165,0.2341,24420571.92,99354601
1569196800,9/23/2019,XRP/USD,0.2766,0.2864,0.2651,0.2677,8927542.86,32458643
1569110400,9/22/2019,XRP/USD,0.2896,0.2897,0.2682,0.2766,6707479,24175567
1569024000,9/21/2019,XRP/USD,0.2938,0.2977,0.2862,0.2896,5980421.79,20544972
1568937600,9/20/2019,XRP/USD,0.3014,0.3023,0.2821,0.2938,9042198.45,30959883
1568851200,9/19/2019,XRP/USD,0.3143,0.3143,0.2815,0.3014,20762929.51,69687792
1568764800,9/18/2019,XRP/USD,0.2858,0.327,0.2853,0.3143,23530588.27,75648843
1568678400,9/17/2019,XRP/USD,0.2615,0.299,0.26,0.2858,17785952.37,62694207
1568592000,9/16/2019,XRP/USD,0.2608,0.264,0.2568,0.2615,5262978.39,20212485
1568505600,9/15/2019,XRP/USD,0.2619,0.2644,0.2589,0.2608,2657936.26,10161473
1568419200,9/14/2019,XRP/USD,0.2557,0.2658,0.2543,0.2619,6042748.49,23138831
1568332800,9/13/2019,XRP/USD,0.2542,0.2566,0.2522,0.2557,3805350.22,14956242
1568246400,9/12/2019,XRP/USD,0.2552,0.2568,0.2502,0.2542,4413431.83,17397467
1568160000,9/11/2019,XRP/USD,0.2585,0.2608,0.2508,0.2552,4072663.25,16023813
1568073600,9/10/2019,XRP/USD,0.2584,0.2638,0.253,0.2585,4837317.93,18663888
1567987200,9/9/2019,XRP/USD,0.2625,0.2648,0.2562,0.2584,4590589.94,17690101
1567900800,9/8/2019,XRP/USD,0.2604,0.2661,0.2562,0.2625,4383293.19,16745291
1567814400,9/7/2019,XRP/USD,0.2515,0.2636,0.2505,0.2604,4890669.42,19003864
1567728000,9/6/2019,XRP/USD,0.2563,0.2603,0.2471,0.2515,5681091.35,22306560
1567641600,9/5/2019,XRP/USD,0.2589,0.2595,0.2536,0.2563,4126942.45,16098355
1567555200,9/4/2019,XRP/USD,0.2629,0.2631,0.2564,0.2589,4386268.92,16877889
1567468800,9/3/2019,XRP/USD,0.2616,0.2674,0.2583,0.2629,5125668.05,19487717
1567382400,9/2/2019,XRP/USD,0.2569,0.265,0.2535,0.2616,4649603.91,17997449
1567296000,9/1/2019,XRP/USD,0.2577,0.259,0.2501,0.2569,2786297.81,10890065
1567209600,8/31/2019,XRP/USD,0.2558,0.2607,0.2528,0.2577,2920253.4,11380008
1567123200,8/30/2019,XRP/USD,0.2568,0.2583,0.252,0.2558,4383984,17196714
1567036800,8/29/2019,XRP/USD,0.2563,0.2628,0.2467,0.2568,7949907.46,31254790
1566950400,8/28/2019,XRP/USD,0.2693,0.2696,0.244,0.2563,8519751,33188521
1566864000,8/27/2019,XRP/USD,0.2702,0.2704,0.2645,0.2693,3225331.91,12029520
1566777600,8/26/2019,XRP/USD,0.2697,0.2806,0.2663,0.2702,4622125.55,17044030
1566691200,8/25/2019,XRP/USD,0.2719,0.2765,0.2658,0.2697,3947509.59,14554913
1566604800,8/24/2019,XRP/USD,0.2773,0.2782,0.2635,0.2719,3783708.17,13949623
1566518400,8/23/2019,XRP/USD,0.2711,0.2793,0.2676,0.2773,5181359.02,18876948
1566432000,8/22/2019,XRP/USD,0.2658,0.2747,0.2605,0.2711,6104380.3,22746176
1566345600,8/21/2019,XRP/USD,0.2745,0.2747,0.2576,0.2658,7363936.23,27785004
1566259200,8/20/2019,XRP/USD,0.2822,0.2825,0.27,0.2745,4867940.46,17721724
1566172800,8/19/2019,XRP/USD,0.2835,0.2907,0.276,0.2822,7310989.96,25880050
1566086400,8/18/2019,XRP/USD,0.2657,0.2923,0.2635,0.2835,10206959.85,36162512
1566000000,8/17/2019,XRP/USD,0.2612,0.2696,0.2584,0.2657,5640577.85,21363508
1565913600,8/16/2019,XRP/USD,0.2638,0.265,0.2544,0.2612,7028298.43,26952383
1565827200,8/15/2019,XRP/USD,0.2632,0.271,0.2481,0.2638,13601145.99,52059959
1565740800,8/14/2019,XRP/USD,0.2968,0.2978,0.2369,0.2632,20007872.45,75241991
1565654400,8/13/2019,XRP/USD,0.3007,0.301,0.2918,0.2968,4738349.52,16023811
1565568000,8/12/2019,XRP/USD,0.3028,0.3053,0.2977,0.3007,3671991.04,12210933
1565481600,8/11/2019,XRP/USD,0.2985,0.306,0.295,0.3028,3950818.13,13135605
1565395200,8/10/2019,XRP/USD,0.2959,0.3053,0.2908,0.2985,6598500.78,22134255
1565308800,8/9/2019,XRP/USD,0.3078,0.3086,0.2892,0.2959,9145834.34,30701682
1565222400,8/8/2019,XRP/USD,0.3111,0.312,0.3035,0.3078,6635128.13,21628338
1565136000,8/7/2019,XRP/USD,0.3114,0.3158,0.3065,0.3111,6487335.04,20861456
1565049600,8/6/2019,XRP/USD,0.3214,0.3247,0.3078,0.3114,6643277.94,21074416
1564963200,8/5/2019,XRP/USD,0.3199,0.332,0.3197,0.3214,7833097.78,24151607
1564876800,8/4/2019,XRP/USD,0.3166,0.3244,0.3123,0.3199,5204437.19,16289012
1564790400,8/3/2019,XRP/USD,0.3118,0.318,0.3113,0.3166,5093458.45,16143275
1564704000,8/2/2019,XRP/USD,0.3166,0.3183,0.3093,0.3118,5053296.38,16125377
1564617600,8/1/2019,XRP/USD,0.32,0.3201,0.3116,0.3166,4875538.8,15489545
1564531200,7/31/2019,XRP/USD,0.3188,0.3239,0.3153,0.32,5665574,17754082
1564444800,7/30/2019,XRP/USD,0.31,0.322,0.3065,0.3188,5124221.66,16204414
1564358400,7/29/2019,XRP/USD,0.3118,0.3148,0.3052,0.31,4087428.68,13188967
1564272000,7/28/2019,XRP/USD,0.3093,0.3148,0.2991,0.3118,5412072.24,17561476
1564185600,7/27/2019,XRP/USD,0.3243,0.3277,0.3045,0.3093,6182307.42,19710820
1564099200,7/26/2019,XRP/USD,0.3138,0.3255,0.3076,0.3243,6392658.05,20145513
1564012800,7/25/2019,XRP/USD,0.3158,0.3235,0.3116,0.3138,4944275.64,15583782
1563926400,7/24/2019,XRP/USD,0.3084,0.3186,0.3023,0.3158,6720782.98,21641406
1563840000,7/23/2019,XRP/USD,0.3212,0.3212,0.306,0.3084,6375307.49,20405778
1563753600,7/22/2019,XRP/USD,0.331,0.3331,0.3159,0.3212,6412784.45,19889699
1563667200,7/21/2019,XRP/USD,0.334,0.3361,0.3213,0.331,7416594.31,22595391
1563580800,7/20/2019,XRP/USD,0.3198,0.344,0.3193,0.334,11111872.72,33442617
1563494400,7/19/2019,XRP/USD,0.3212,0.323,0.3101,0.3198,7367215.69,23197762
1563408000,7/18/2019,XRP/USD,0.311,0.3272,0.3025,0.3212,10416837.33,32758815
1563321600,7/17/2019,XRP/USD,0.2955,0.3267,0.2933,0.311,12336885.43,39969201
1563235200,7/16/2019,XRP/USD,0.3137,0.32,0.2821,0.2955,13951844.72,46226416
1563148800,7/15/2019,XRP/USD,0.3048,0.3247,0.295,0.3137,13785681.73,44360943
1563062400,7/14/2019,XRP/USD,0.3328,0.3353,0.3,0.3048,11727283.8,37217638
1562976000,7/13/2019,XRP/USD,0.3444,0.3458,0.3238,0.3328,7562915.75,22705508
1562889600,7/12/2019,XRP/USD,0.3294,0.3519,0.3198,0.3444,13104938.25,38684833
1562803200,7/11/2019,XRP/USD,0.3624,0.3632,0.3172,0.3294,20423505.05,61373168
1562716800,7/10/2019,XRP/USD,0.3942,0.3987,0.3455,0.3624,18225089.14,49689338
1562630400,7/9/2019,XRP/USD,0.4027,0.4085,0.3892,0.3942,7773321.92,19487953
1562544000,7/8/2019,XRP/USD,0.3984,0.406,0.3929,0.4027,6909352.54,17307937
1562457600,7/7/2019,XRP/USD,0.3898,0.4009,0.3868,0.3984,6331424.3,16053057
1562371200,7/6/2019,XRP/USD,0.3798,0.4118,0.3791,0.3898,9214446.03,23379847
1562284800,7/5/2019,XRP/USD,0.3869,0.3903,0.374,0.3798,9464737.85,24790242
1562198400,7/4/2019,XRP/USD,0.4061,0.4061,0.3858,0.3869,7709927.79,19433943
1562112000,7/3/2019,XRP/USD,0.3984,0.4075,0.3951,0.4061,10780942.58,26896546
1562025600,7/2/2019,XRP/USD,0.4052,0.4094,0.3812,0.3984,13342494.94,33820275
1561939200,7/1/2019,XRP/USD,0.3922,0.42,0.3806,0.4052,17316545.31,43425348
1561852800,6/30/2019,XRP/USD,0.425,0.4275,0.3911,0.3922,13283821.24,32525548
1561766400,6/29/2019,XRP/USD,0.4248,0.4275,0.4001,0.425,19954233.75,47996665
1561680000,6/28/2019,XRP/USD,0.4049,0.4249,0.3953,0.4248,16947715.45,41280554
1561593600,6/27/2019,XRP/USD,0.4624,0.4671,0.3863,0.4049,33475937.53,80093203
1561507200,6/26/2019,XRP/USD,0.466,0.4943,0.4368,0.4624,41773694.39,87999288
1561420800,6/25/2019,XRP/USD,0.4728,0.4756,0.454,0.466,16911637.9,36310771
1561334400,6/24/2019,XRP/USD,0.468,0.4746,0.4464,0.4728,15248097.14,33159518
1561248000,6/23/2019,XRP/USD,0.4746,0.4879,0.4618,0.468,16222650.38,34032667
1561161600,6/22/2019,XRP/USD,0.4457,0.5175,0.4402,0.4746,43212637.73,91446909
1561075200,6/21/2019,XRP/USD,0.431,0.4499,0.4301,0.4457,14076363.66,31986378
1560988800,6/20/2019,XRP/USD,0.4351,0.4366,0.4206,0.431,8243290.29,19177643
1560902400,6/19/2019,XRP/USD,0.4271,0.4388,0.4239,0.4351,10449681.27,24214913
1560816000,6/18/2019,XRP/USD,0.4486,0.456,0.4178,0.4271,20038709.99,45971562
1560729600,6/17/2019,XRP/USD,0.4282,0.4637,0.4265,0.4486,21578170.35,48683494
1560643200,6/16/2019,XRP/USD,0.4119,0.4439,0.4088,0.4282,14253448.18,33520074
1560556800,6/15/2019,XRP/USD,0.4046,0.4149,0.4022,0.4119,8255627.57,20191760
1560470400,6/14/2019,XRP/USD,0.3999,0.4056,0.3913,0.4046,6532950.03,16440218
1560384000,6/13/2019,XRP/USD,0.4031,0.4126,0.3965,0.3999,8870105.07,21993243
1560297600,6/12/2019,XRP/USD,0.3935,0.4046,0.3885,0.4031,9705735,24434385
1560211200,6/11/2019,XRP/USD,0.4015,0.4045,0.383,0.3935,7329389.21,18670155
1560124800,6/10/2019,XRP/USD,0.3863,0.4057,0.3804,0.4015,9034138.98,22854038
1560038400,6/9/2019,XRP/USD,0.4087,0.4116,0.3701,0.3863,11007362.53,28438103
1559952000,6/8/2019,XRP/USD,0.4209,0.4232,0.404,0.4087,6849297.92,16538678
1559865600,6/7/2019,XRP/USD,0.4201,0.432,0.4151,0.4209,11587240.62,27395198
1559779200,6/6/2019,XRP/USD,0.401,0.4288,0.3912,0.4201,15980184.15,38793638
1559692800,6/5/2019,XRP/USD,0.3986,0.4134,0.3877,0.401,10240950.66,25657348
1559606400,6/4/2019,XRP/USD,0.4173,0.4196,0.383,0.3986,22490220.99,55938344
1559520000,6/3/2019,XRP/USD,0.4452,0.465,0.4103,0.4173,18036314.89,40842501
1559433600,6/2/2019,XRP/USD,0.4303,0.4476,0.4289,0.4452,6988278.49,15878982
1559347200,6/1/2019,XRP/USD,0.439,0.4418,0.4193,0.4303,8876119.46,20517711
1559260800,5/31/2019,XRP/USD,0.4196,0.4423,0.4065,0.439,15725253.57,36994070
1559174400,5/30/2019,XRP/USD,0.4439,0.4749,0.4,0.4196,35096709,78960184
1559088000,5/29/2019,XRP/USD,0.4488,0.4592,0.42,0.4439,19542253.86,44015839
1559001600,5/28/2019,XRP/USD,0.4341,0.4613,0.4192,0.4488,24246648.12,54991640
1558915200,5/27/2019,XRP/USD,0.4096,0.4477,0.4049,0.4341,19283554.11,45571315
1558828800,5/26/2019,XRP/USD,0.3879,0.4194,0.3736,0.4096,9667828.61,24293915
1558742400,5/25/2019,XRP/USD,0.3847,0.3969,0.3822,0.3879,5035844.73,12971559
1558656000,5/24/2019,XRP/USD,0.3817,0.396,0.372,0.3847,11554265.35,29813222
1558569600,5/23/2019,XRP/USD,0.3717,0.3889,0.3621,0.3817,8582502.71,22938978
1558483200,5/22/2019,XRP/USD,0.3974,0.4141,0.3639,0.3717,13590247.79,34926933
1558396800,5/21/2019,XRP/USD,0.3999,0.4086,0.388,0.3974,8583131.22,21561833
1558310400,5/20/2019,XRP/USD,0.4191,0.4191,0.38,0.3999,14403255.81,36209804
1558224000,5/19/2019,XRP/USD,0.3731,0.43,0.3707,0.4191,17253432.57,42628517
1558137600,5/18/2019,XRP/USD,0.3906,0.3969,0.3645,0.3731,10934077.04,28768648
1558051200,5/17/2019,XRP/USD,0.4201,0.425,0.35,0.3906,28447804.2,74651765
1557964800,5/16/2019,XRP/USD,0.4593,0.4802,0.394,0.4201,42799641.96,97858892
1557878400,5/15/2019,XRP/USD,0.4083,0.4725,0.4077,0.4593,44382738.97,101830484
1557792000,5/14/2019,XRP/USD,0.3254,0.4247,0.3226,0.4083,51056038.75,131826995
1557705600,5/13/2019,XRP/USD,0.311,0.3365,0.3084,0.3254,10284024.48,31554377
1557619200,5/12/2019,XRP/USD,0.3229,0.3327,0.304,0.311,7512048.01,23830172
1557532800,5/11/2019,XRP/USD,0.2976,0.342,0.2971,0.3229,12552916.58,39246062
1557446400,5/10/2019,XRP/USD,0.2937,0.3011,0.29,0.2976,4850118.64,16402615
1557360000,5/9/2019,XRP/USD,0.2975,0.3,0.2902,0.2937,3220071.03,10922329
1557273600,5/8/2019,XRP/USD,0.2935,0.2991,0.2912,0.2975,2434707.23,8224151
1557187200,5/7/2019,XRP/USD,0.3,0.3038,0.2926,0.2935,3182579.78,10636212
1557100800,5/6/2019,XRP/USD,0.2972,0.304,0.2922,0.3,2496966.97,8381732
1557014400,5/5/2019,XRP/USD,0.2998,0.3012,0.2956,0.2972,1538962.81,5162089
1556928000,5/4/2019,XRP/USD,0.3021,0.3125,0.2942,0.2998,2944134.57,9763472
1556841600,5/3/2019,XRP/USD,0.296,0.3078,0.2954,0.3021,3529788.42,11690121
1556755200,5/2/2019,XRP/USD,0.2996,0.3011,0.2952,0.296,2216802.38,7442391
1556668800,5/1/2019,XRP/USD,0.3052,0.3079,0.2967,0.2996,2984278.89,9908608
1556582400,4/30/2019,XRP/USD,0.288,0.3087,0.2877,0.3052,3726350.87,12345392
1556496000,4/29/2019,XRP/USD,0.291,0.293,0.2831,0.288,1998839.86,6927664
1556409600,4/28/2019,XRP/USD,0.2921,0.2947,0.2876,0.291,1431725.43,4915927
1556323200,4/27/2019,XRP/USD,0.2946,0.2966,0.29,0.2921,1760104.66,6011920
1556236800,4/26/2019,XRP/USD,0.2865,0.2958,0.2812,0.2946,4040997.82,13983803
1556150400,4/25/2019,XRP/USD,0.3014,0.3074,0.2736,0.2865,5183396.28,17523524
1556064000,4/24/2019,XRP/USD,0.3206,0.3218,0.2905,0.3014,6813599.43,22532906
1555977600,4/23/2019,XRP/USD,0.3245,0.3284,0.3201,0.3206,2698039.18,8307641
1555891200,4/22/2019,XRP/USD,0.3223,0.3328,0.3189,0.3245,2461643.73,7588289
1555804800,4/21/2019,XRP/USD,0.3287,0.3301,0.3161,0.3223,2323177.45,7198680
1555718400,4/20/2019,XRP/USD,0.3319,0.334,0.3222,0.3287,2424253.47,7354703
1555632000,4/19/2019,XRP/USD,0.3363,0.3363,0.3268,0.3319,2998579.85,9051742
1555545600,4/18/2019,XRP/USD,0.3359,0.3486,0.3333,0.3363,4620700.78,13638641
1555459200,4/17/2019,XRP/USD,0.326,0.3442,0.3198,0.3359,4553442.28,13732399
1555372800,4/16/2019,XRP/USD,0.3193,0.3274,0.3159,0.326,2699588.19,8388238
1555286400,4/15/2019,XRP/USD,0.33,0.334,0.314,0.3193,4676315.79,14405096
1555200000,4/14/2019,XRP/USD,0.3262,0.3316,0.3225,0.33,2499631.92,7646087
1555113600,4/13/2019,XRP/USD,0.3251,0.3377,0.3226,0.3262,2276016.9,6942142
1555027200,4/12/2019,XRP/USD,0.3285,0.3313,0.317,0.3251,3756845.88,11543628
1554940800,4/11/2019,XRP/USD,0.3549,0.3551,0.3227,0.3285,5358434.55,16067465
1554854400,4/10/2019,XRP/USD,0.3502,0.3615,0.3485,0.3549,4499171.29,12646818
1554768000,4/9/2019,XRP/USD,0.3592,0.3592,0.348,0.3502,3345409.77,9478655
1554681600,4/8/2019,XRP/USD,0.3633,0.3727,0.35,0.3592,6329707.41,17524121
1554595200,4/7/2019,XRP/USD,0.3534,0.3664,0.3507,0.3633,5473797.24,15229620
1554508800,4/6/2019,XRP/USD,0.3636,0.3655,0.3477,0.3534,5147202.47,14369731
1554422400,4/5/2019,XRP/USD,0.331,0.38,0.3307,0.3636,9774038.74,27059882
1554336000,4/4/2019,XRP/USD,0.3437,0.35,0.3252,0.331,5455144.42,16127917
1554249600,4/3/2019,XRP/USD,0.355,0.3882,0.3155,0.3437,13562832.61,37668672
1554163200,4/2/2019,XRP/USD,0.3122,0.3628,0.311,0.355,7938856.06,23538664
1554076800,4/1/2019,XRP/USD,0.3087,0.3141,0.307,0.3122,1723102.89,5534661
1553990400,3/31/2019,XRP/USD,0.3105,0.311,0.307,0.3087,928787.23,3006778
1553904000,3/30/2019,XRP/USD,0.3073,0.3175,0.3065,0.3105,2103884.3,6746821
1553817600,3/29/2019,XRP/USD,0.3049,0.3092,0.3034,0.3073,2127064.93,6940110
1553731200,3/28/2019,XRP/USD,0.3091,0.3094,0.3031,0.3049,1277284.43,4176810
1553644800,3/27/2019,XRP/USD,0.3013,0.311,0.2985,0.3091,1858672.83,6074377
1553558400,3/26/2019,XRP/USD,0.3012,0.3017,0.2921,0.3013,1332779.16,4475733
1553472000,3/25/2019,XRP/USD,0.3062,0.3064,0.298,0.3012,1620550.26,5361898
1553385600,3/24/2019,XRP/USD,0.3102,0.3102,0.3033,0.3062,995686.02,3244213
1553299200,3/23/2019,XRP/USD,0.3099,0.3115,0.308,0.3102,849747.71,2745056
1553212800,3/22/2019,XRP/USD,0.3093,0.312,0.3056,0.3099,1625532.9,5255806
1553126400,3/21/2019,XRP/USD,0.317,0.3184,0.3021,0.3093,1841786.56,5917118
1553040000,3/20/2019,XRP/USD,0.3149,0.32,0.3039,0.317,2103227.69,6692423
1552953600,3/19/2019,XRP/USD,0.3135,0.3159,0.311,0.3149,1632902.13,5212978
1552867200,3/18/2019,XRP/USD,0.314,0.3188,0.3108,0.3135,1919246.65,6114787
1552780800,3/17/2019,XRP/USD,0.318,0.318,0.3104,0.314,1232302.02,3915931
1552694400,3/16/2019,XRP/USD,0.3133,0.3216,0.313,0.318,2258558.44,7114468
1552608000,3/15/2019,XRP/USD,0.3096,0.3149,0.3083,0.3133,1786265.98,5725005
1552521600,3/14/2019,XRP/USD,0.3128,0.3148,0.3006,0.3096,1527616.88,4931748
1552435200,3/13/2019,XRP/USD,0.3084,0.339,0.306,0.3128,2442186.69,7775093
1552348800,3/12/2019,XRP/USD,0.3086,0.3099,0.3042,0.3084,1721121.51,5593341
1552262400,3/11/2019,XRP/USD,0.3115,0.3124,0.3057,0.3086,1524570.96,4931912
1552176000,3/10/2019,XRP/USD,0.312,0.3155,0.3074,0.3115,1219941.77,3915201
1552089600,3/9/2019,XRP/USD,0.3067,0.3173,0.3055,0.312,1922455.1,6171296
1552003200,3/8/2019,XRP/USD,0.3116,0.3141,0.303,0.3067,1705509.2,5503794
1551916800,3/7/2019,XRP/USD,0.3156,0.3185,0.3111,0.3116,2044969.12,6503513
1551830400,3/6/2019,XRP/USD,0.3141,0.32,0.3088,0.3156,1976879.56,6301821
1551744000,3/5/2019,XRP/USD,0.3013,0.3175,0.3,0.3141,2204186.11,7113344
1551657600,3/4/2019,XRP/USD,0.3095,0.3108,0.297,0.3013,2138310.27,7059137
1551571200,3/3/2019,XRP/USD,0.3133,0.3154,0.3077,0.3095,1567835.79,5034294
1551484800,3/2/2019,XRP/USD,0.3151,0.3175,0.3094,0.3133,2321053.43,7398754
1551398400,3/1/2019,XRP/USD,0.3142,0.328,0.3102,0.3151,8838010.88,27761880
1551312000,2/28/2019,XRP/USD,0.3093,0.3208,0.3055,0.3142,3152852.06,10070605
1551225600,2/27/2019,XRP/USD,0.3115,0.3173,0.299,0.3093,944882.28,3044178
