unix,date,symbol,open,high,low,close,Volume ETC,Volume USD,Index
1599609600,9/9/2020,ETC/USD,5.647,5.7010000000000005,5.524,5.612,116014.14,20697.25,0
1599523200,9/8/2020,ETC/USD,5.779,5.83,5.315,5.647,444405.83,79161.54,1
1599436800,9/7/2020,ETC/USD,5.9110000000000005,5.972,5.21,5.779,846611.3,149500.27,2
1599350400,9/6/2020,ETC/USD,5.63,6.4079999999999995,5.461,5.9110000000000005,945017.0,161932.77,3
1599264000,9/5/2020,ETC/USD,6.027,6.1370000000000005,5.25,5.63,1111657.93,193940.08,4
1599177600,9/4/2020,ETC/USD,5.9110000000000005,6.4,5.25,6.027,1276207.35,215746.7,5
1599091200,9/3/2020,ETC/USD,6.64,6.647,5.643,5.9110000000000005,1759304.89,282942.49,6
1599004800,9/2/2020,ETC/USD,6.8,6.855,6.5,6.64,1440050.62,216636.95,7
1598918400,9/1/2020,ETC/USD,6.697,7.0,6.69,6.8,1799242.07,265321.72,8
1598832000,8/31/2020,ETC/USD,6.79,6.95,6.6610000000000005,6.697,1014206.57,150084.75,9
1598745600,8/30/2020,ETC/USD,6.876,7.047999999999999,6.678,6.79,1466499.97,213988.5,10
1598659200,8/29/2020,ETC/USD,6.968999999999999,7.2,6.688,6.876,1165294.78,167732.37,11
1598572800,8/28/2020,ETC/USD,6.904,7.5,6.678,6.968999999999999,5440194.84,764402.56,12
1598486400,8/27/2020,ETC/USD,6.587999999999999,7.27,6.482,6.904,5582011.59,824533.44,13
1598400000,8/26/2020,ETC/USD,6.612,6.667000000000001,6.457000000000001,6.587999999999999,1075527.09,163464.64,14
1598313600,8/25/2020,ETC/USD,6.862,6.877000000000001,6.449,6.612,2104108.54,317255.87,15
1598227200,8/24/2020,ETC/USD,6.825,6.945,6.77,6.862,1548015.36,225808.43,16
1598140800,8/23/2020,ETC/USD,6.791,6.872999999999999,6.7010000000000005,6.825,1256922.72,185248.63,17
1598054400,8/22/2020,ETC/USD,6.626,7.285,6.501,6.791,4325496.1,629103.99,18
1597968000,8/21/2020,ETC/USD,6.979,7.096,6.582000000000001,6.626,3400205.08,496485.12,19
1597881600,8/20/2020,ETC/USD,6.815,7.096,6.749,6.979,5316924.63,766584.51,20
1597795200,8/19/2020,ETC/USD,7.275,7.393,6.612,6.815,5758290.49,825194.12,21
1597708800,8/18/2020,ETC/USD,7.364,7.8389999999999995,7.093,7.275,8393296.54,1115762.38,22
1597622400,8/17/2020,ETC/USD,7.242999999999999,7.542000000000001,7.084,7.364,6388548.47,864526.46,23
1597536000,8/16/2020,ETC/USD,7.176,7.301,6.921,7.242999999999999,5094728.73,713792.19,24
1597449600,8/15/2020,ETC/USD,6.9,7.311,6.877000000000001,7.176,4904854.77,687317.73,25
1597363200,8/14/2020,ETC/USD,6.922999999999999,6.972,6.803,6.9,3044847.87,442401.33,26
1597276800,8/13/2020,ETC/USD,6.865,7.25,6.64,6.922999999999999,5435969.57,790972.47,27
1597190400,8/12/2020,ETC/USD,6.817,6.915,6.582999999999999,6.865,2512297.34,371865.58,28
1597104000,8/11/2020,ETC/USD,7.065,7.182,6.511,6.817,3503071.91,506838.94,29
1597017600,8/10/2020,ETC/USD,6.893,7.155,6.881,7.065,2845742.56,405286.43,30
1596931200,8/9/2020,ETC/USD,7.0,7.2,6.8,6.893,2767698.87,397121.48,31
1596844800,8/8/2020,ETC/USD,7.018,7.178999999999999,6.77,7.0,3793491.28,548653.29,32
1596758400,8/7/2020,ETC/USD,7.1,7.45,6.75,7.018,4596581.35,644062.61,33
1596672000,8/6/2020,ETC/USD,7.2410000000000005,7.2620000000000005,6.992000000000001,7.1,3423414.7,479823.81,34
1596585600,8/5/2020,ETC/USD,7.147,7.369,7.061,7.2410000000000005,3859094.3,533910.01,35
1596499200,8/4/2020,ETC/USD,7.169,7.309,7.006,7.147,3940674.85,550021.09,36
1596412800,8/3/2020,ETC/USD,7.188,7.437,7.058,7.169,4114246.69,568278.42,37
1596326400,8/2/2020,ETC/USD,7.84,8.3,6.51,7.188,8180263.16,1121890.4,38
1596240000,8/1/2020,ETC/USD,7.409,7.97,7.318,7.84,4807011.39,625662.76,39
1596153600,7/31/2020,ETC/USD,7.356,7.604,7.2589999999999995,7.409,2494412.31,336798.92,40
1596067200,7/30/2020,ETC/USD,7.266,7.483,7.013999999999999,7.356,2903141.1,402698.68,41
1595980800,7/29/2020,ETC/USD,7.228,7.55,7.15,7.266,3605937.3,490405.16,42
1595894400,7/28/2020,ETC/USD,7.129,7.41,6.825,7.228,4512328.96,626322.39,43
1595808000,7/27/2020,ETC/USD,6.638999999999999,7.367999999999999,6.638999999999999,7.129,9938460.33,1405382.52,44
1595721600,7/26/2020,ETC/USD,6.704,6.893,6.481,6.638999999999999,3205655.09,481224.92,45
1595635200,7/25/2020,ETC/USD,6.266,6.739,6.231,6.704,2421279.85,369643.26,46
1595548800,7/24/2020,ETC/USD,6.449,6.449,6.212000000000001,6.266,591777.76,93730.12,47
1595462400,7/23/2020,ETC/USD,6.362,6.5,6.273,6.449,1419963.63,222043.67,48
1595376000,7/22/2020,ETC/USD,6.189,6.4,6.05,6.362,1690635.29,272811.06,49
1595289600,7/21/2020,ETC/USD,6.029,6.194,6.018,6.189,647253.49,105511.71,50
1595203200,7/20/2020,ETC/USD,6.0920000000000005,6.189,5.995,6.029,793647.02,130071.44,51
1595116800,7/19/2020,ETC/USD,6.053,6.122999999999999,5.95,6.0920000000000005,781230.83,129274.6,52
1595030400,7/18/2020,ETC/USD,6.028,6.1160000000000005,5.945,6.053,795890.98,132033.57,53
1594944000,7/17/2020,ETC/USD,6.025,6.114,5.965,6.028,1166667.26,192771.47,54
1594857600,7/16/2020,ETC/USD,6.215,6.26,5.9,6.025,1591602.56,262703.38,55
1594771200,7/15/2020,ETC/USD,6.331,6.365,6.18,6.215,997315.41,159742.4,56
1594684800,7/14/2020,ETC/USD,6.303999999999999,6.334,6.169,6.331,942447.12,150628.06,57
1594598400,7/13/2020,ETC/USD,6.462000000000001,6.558,6.171,6.303999999999999,1672441.48,261852.24,58
1594512000,7/12/2020,ETC/USD,6.502999999999999,6.56,6.352,6.462000000000001,1093229.19,169576.14,59
1594425600,7/11/2020,ETC/USD,6.382000000000001,6.6,6.38,6.502999999999999,967995.87,149329.27,60
1594339200,7/10/2020,ETC/USD,6.65,6.65,6.249,6.382000000000001,1362538.06,212808.81,61
1594252800,7/9/2020,ETC/USD,6.638,6.797000000000001,6.3870000000000005,6.65,3396384.32,514947.49,62
1594166400,7/8/2020,ETC/USD,6.22,6.65,6.119,6.638,2779882.71,432943.29,63
1594080000,7/7/2020,ETC/USD,6.107,6.3260000000000005,5.978,6.22,2775438.1,452062.59,64
1593993600,7/6/2020,ETC/USD,5.652,6.189,5.649,6.107,1998091.15,336701.39,65
1593907200,7/5/2020,ETC/USD,5.6979999999999995,5.718999999999999,5.513999999999999,5.652,691925.77,123129.21,66
1593820800,7/4/2020,ETC/USD,5.647,5.747999999999999,5.619,5.6979999999999995,506832.16,89251.48,67
1593734400,7/3/2020,ETC/USD,5.638,5.727,5.599,5.647,778593.94,137290.01,68
1593648000,7/2/2020,ETC/USD,5.718999999999999,5.792000000000001,5.545,5.638,861988.68,151984.32,69
1593561600,7/1/2020,ETC/USD,5.727,5.787999999999999,5.622999999999999,5.718999999999999,567513.39,99278.74,70
1593475200,6/30/2020,ETC/USD,5.8260000000000005,5.849,5.6770000000000005,5.727,539216.75,93786.07,71
1593388800,6/29/2020,ETC/USD,5.747999999999999,5.8839999999999995,5.718999999999999,5.8260000000000005,939629.18,161991.09,72
1593302400,6/28/2020,ETC/USD,5.593,5.83,5.55,5.747999999999999,849365.63,148869.72,73
1593216000,6/27/2020,ETC/USD,6.035,6.058,5.284,5.593,2776223.61,486241.1,74
1593129600,6/26/2020,ETC/USD,6.148,6.167000000000001,5.98,6.035,949438.51,156824.96,75
1593043200,6/25/2020,ETC/USD,6.212000000000001,6.2379999999999995,6.037999999999999,6.148,651028.4,105985.84,76
1592956800,6/24/2020,ETC/USD,6.365,6.513999999999999,6.12,6.212000000000001,1164326.78,185059.82,77
1592870400,6/23/2020,ETC/USD,6.376,6.437,6.279,6.365,851167.85,133602.13,78
1592784000,6/22/2020,ETC/USD,6.202999999999999,6.398,6.194,6.376,695786.13,109916.82,79
1592697600,6/21/2020,ETC/USD,6.252999999999999,6.279,6.1739999999999995,6.202999999999999,379142.99,60967.56,80
1592611200,6/20/2020,ETC/USD,6.327000000000001,6.357,6.153,6.252999999999999,679985.51,108585.04,81
1592524800,6/19/2020,ETC/USD,6.212000000000001,6.412999999999999,6.138,6.327000000000001,1752324.98,278168.32,82
1592438400,6/18/2020,ETC/USD,6.281000000000001,6.287000000000001,6.09,6.212000000000001,677147.8,109340.12,83
1592352000,6/17/2020,ETC/USD,6.252999999999999,6.3660000000000005,6.1370000000000005,6.281000000000001,876666.62,140127.59,84
1592265600,6/16/2020,ETC/USD,6.257000000000001,6.314,6.18,6.252999999999999,1320710.1,211642.79,85
1592179200,6/15/2020,ETC/USD,6.313,6.349,5.971,6.257000000000001,1861279.12,302058.28,86
1592092800,6/14/2020,ETC/USD,6.485,6.492999999999999,6.251,6.313,705728.12,110666.02,87
1592006400,6/13/2020,ETC/USD,6.395,6.506,6.332999999999999,6.485,779941.96,121452.55,88
1591920000,6/12/2020,ETC/USD,6.257999999999999,6.5,6.209,6.395,1043055.89,163422.42,89
1591833600,6/11/2020,ETC/USD,6.812,6.848,6.041,6.257999999999999,3713353.22,576446.61,90
1591747200,6/10/2020,ETC/USD,6.79,6.848,6.712999999999999,6.812,1483152.16,218934.06,91
1591660800,6/9/2020,ETC/USD,6.903,6.928999999999999,6.728,6.79,943327.51,138735.66,92
1591574400,6/8/2020,ETC/USD,6.832999999999999,6.926,6.7379999999999995,6.903,1060059.88,155292.18,93
1591488000,6/7/2020,ETC/USD,6.867999999999999,6.882999999999999,6.621,6.832999999999999,1007202.07,148852.11,94
1591401600,6/6/2020,ETC/USD,6.832000000000001,6.909,6.782,6.867999999999999,641310.68,93650.18,95
1591315200,6/5/2020,ETC/USD,6.907,6.986000000000001,6.78,6.832000000000001,1399981.33,203724.36,96
1591228800,6/4/2020,ETC/USD,6.942,7.047999999999999,6.8,6.907,1947251.44,280798.83,97
1591142400,6/3/2020,ETC/USD,6.985,7.006,6.86,6.942,2537721.67,367245.53,98
1591056000,6/2/2020,ETC/USD,7.209,7.319,6.712000000000001,6.985,3323271.76,471707.58,99
1590969600,6/1/2020,ETC/USD,6.949,7.3,6.88,7.209,3362872.25,477032.88,100
1590883200,5/31/2020,ETC/USD,7.485,7.495,6.601,6.949,2912400.77,411057.9,101
1590796800,5/30/2020,ETC/USD,7.202000000000001,7.568,7.13,7.485,2207814.15,298699.74,102
1590710400,5/29/2020,ETC/USD,6.856,7.303,6.855,7.202000000000001,4762817.33,668053.16,103
1590624000,5/28/2020,ETC/USD,6.768,6.8839999999999995,6.68,6.856,1321351.84,194550.09,104
1590537600,5/27/2020,ETC/USD,6.71,6.829,6.656000000000001,6.768,2032613.01,302837.7,105
1590451200,5/26/2020,ETC/USD,6.801,6.83,6.53,6.71,1721804.14,257392.81,106
1590364800,5/25/2020,ETC/USD,6.569,6.932,6.4879999999999995,6.801,2400749.86,354300.94,107
1590278400,5/24/2020,ETC/USD,6.562,6.785,6.481,6.569,3808942.65,571562.91,108
1590192000,5/23/2020,ETC/USD,6.462999999999999,6.638,6.3870000000000005,6.562,1352390.05,207080.62,109
1590105600,5/22/2020,ETC/USD,6.132999999999999,6.615,6.077000000000001,6.462999999999999,2060728.1,322398.41,110
1590019200,5/21/2020,ETC/USD,6.459,6.525,5.912000000000001,6.132999999999999,1826227.07,296020.05,111
1589932800,5/20/2020,ETC/USD,6.672000000000001,6.684,6.229,6.459,1974671.04,304238.56,112
1589846400,5/19/2020,ETC/USD,6.715,6.73,6.534,6.672000000000001,1039046.82,156675.52,113
1589760000,5/18/2020,ETC/USD,6.66,6.922999999999999,6.581,6.715,1993963.96,295315.5,114
1589673600,5/17/2020,ETC/USD,6.691,6.7860000000000005,6.501,6.66,1429669.82,213971.47,115
1589587200,5/16/2020,ETC/USD,6.5,6.855,6.432,6.691,4469667.25,665271.86,116
1589500800,5/15/2020,ETC/USD,6.274,6.7,6.0889999999999995,6.5,4518320.04,697677.25,117
1589414400,5/14/2020,ETC/USD,6.227,6.37,6.0889999999999995,6.274,1731263.85,277033.21,118
1589328000,5/13/2020,ETC/USD,6.0889999999999995,6.284,6.0089999999999995,6.227,1502727.56,243383.02,119
1589241600,5/12/2020,ETC/USD,6.0120000000000005,6.232,5.9,6.0889999999999995,1677196.25,275377.57,120
1589155200,5/11/2020,ETC/USD,6.199,6.33,5.617999999999999,6.0120000000000005,3099483.58,517584.75,121
1589068800,5/10/2020,ETC/USD,7.059,7.059,5.54,6.199,8031371.43,1303197.66,122
1588982400,5/9/2020,ETC/USD,7.148,7.28,7.01,7.059,2167704.63,302900.23,123
1588896000,5/8/2020,ETC/USD,7.108,7.335,6.946000000000001,7.148,3409210.62,476562.06,124
1588809600,5/7/2020,ETC/USD,6.851,7.26,6.821000000000001,7.108,2781233.67,395287.38,125
1588723200,5/6/2020,ETC/USD,7.204,7.331,6.801,6.851,2293812.66,320903.75,126
1588636800,5/5/2020,ETC/USD,7.236000000000001,7.5,7.068,7.204,2978845.76,408915.39,127
1588550400,5/4/2020,ETC/USD,7.221,7.358,6.683,7.236000000000001,4497913.28,637648.45,128
1588464000,5/3/2020,ETC/USD,7.513999999999999,7.646,7.026,7.221,7297671.33,996193.32,129
1588377600,5/2/2020,ETC/USD,6.6579999999999995,7.675,6.581,7.513999999999999,8554327.49,1183858.08,130
1588291200,5/1/2020,ETC/USD,6.449,6.709,6.442,6.6579999999999995,1673579.69,253349.66,131
1588204800,4/30/2020,ETC/USD,6.763,7.0,6.316,6.449,4984293.13,750156.73,132
1588118400,4/29/2020,ETC/USD,6.183,7.18,6.127999999999999,6.763,7582578.56,1137426.75,133
1588032000,4/28/2020,ETC/USD,6.132000000000001,6.211,5.972,6.183,1282805.3,210468.91,134
1587945600,4/27/2020,ETC/USD,6.249,6.388999999999999,5.949,6.132000000000001,2692543.27,440406.83,135
1587859200,4/26/2020,ETC/USD,5.757999999999999,6.2989999999999995,5.73,6.249,5008926.83,825043.14,136
1587772800,4/25/2020,ETC/USD,5.591,5.869,5.541,5.757999999999999,1062850.29,186293.55,137
1587686400,4/24/2020,ETC/USD,5.599,5.695,5.513,5.591,893611.19,159070.5,138
1587600000,4/23/2020,ETC/USD,5.3839999999999995,5.79,5.31,5.599,1746910.81,311653.26,139
1587513600,4/22/2020,ETC/USD,5.207000000000001,5.46,5.167999999999999,5.3839999999999995,541083.55,101314.76,140
1587427200,4/21/2020,ETC/USD,5.232,5.309,5.138,5.207000000000001,557871.92,106916.04,141
1587340800,4/20/2020,ETC/USD,5.49,5.619,5.166,5.232,1216814.41,225725.43,142
1587254400,4/19/2020,ETC/USD,5.6610000000000005,5.718999999999999,5.42,5.49,674335.97,121403.61,143
1587168000,4/18/2020,ETC/USD,5.3870000000000005,5.687,5.3870000000000005,5.6610000000000005,1095418.72,196388.57,144
1587081600,4/17/2020,ETC/USD,5.478,5.502999999999999,5.329,5.3870000000000005,518388.89,95687.21,145
1586995200,4/16/2020,ETC/USD,5.104,5.58,4.868,5.478,1711793.3,323394.02,146
1586908800,4/15/2020,ETC/USD,5.257000000000001,5.367999999999999,5.087,5.104,575626.8,110082.21,147
1586822400,4/14/2020,ETC/USD,5.205,5.361000000000001,5.129,5.257000000000001,711795.56,135347.96,148
1586736000,4/13/2020,ETC/USD,5.3260000000000005,5.3260000000000005,5.013,5.205,876325.13,170547.46,149
1586649600,4/12/2020,ETC/USD,5.296,5.517,5.195,5.3260000000000005,815884.1,151821.24,150
1586563200,4/11/2020,ETC/USD,5.27,5.415,5.149,5.296,832240.74,157476.53,151
1586476800,4/10/2020,ETC/USD,5.906000000000001,5.933,5.078,5.27,2203397.84,407516.71,152
1586390400,4/9/2020,ETC/USD,5.829,6.0,5.564,5.906000000000001,1808546.71,310576.68,153
1586304000,4/8/2020,ETC/USD,5.468,5.904,5.3660000000000005,5.829,2384884.89,416578.28,154
1586217600,4/7/2020,ETC/USD,5.627000000000001,5.837000000000001,5.367999999999999,5.468,2180310.39,388045.05,155
1586131200,4/6/2020,ETC/USD,5.042,5.638999999999999,5.035,5.627000000000001,2304365.09,426327.68,156
1586044800,4/5/2020,ETC/USD,5.162999999999999,5.2,4.936,5.042,650694.87,128345.37,157
1585958400,4/4/2020,ETC/USD,5.122999999999999,5.25,5.045,5.162999999999999,560075.54,108948.46,158
1585872000,4/3/2020,ETC/USD,5.101,5.242000000000001,4.986000000000001,5.122999999999999,667692.46,130515.29,159
1585785600,4/2/2020,ETC/USD,5.0360000000000005,5.4879999999999995,4.973,5.101,1498106.94,291621.51,160
1585699200,4/1/2020,ETC/USD,4.942,5.06,4.803999999999999,5.0360000000000005,894862.53,180865.57,161
1585612800,3/31/2020,ETC/USD,4.973,5.013999999999999,4.871,4.942,714404.37,144297.37,162
1585526400,3/30/2020,ETC/USD,4.83,5.08,4.793,4.973,1317979.91,265797.54,163
1585440000,3/29/2020,ETC/USD,4.8389999999999995,5.074,4.792,4.83,1359113.34,275801.59,164
1585353600,3/28/2020,ETC/USD,4.923,4.956,4.65,4.8389999999999995,1584727.61,330402.4,165
1585267200,3/27/2020,ETC/USD,5.11,5.228,4.865,4.923,1744990.3,343801.17,166
1585180800,3/26/2020,ETC/USD,5.045,5.131,4.941,5.11,1026023.45,203138.71,167
1585094400,3/25/2020,ETC/USD,5.093999999999999,5.29,4.905,5.045,1542127.01,303256.7,168
1585008000,3/24/2020,ETC/USD,5.0,5.2,4.906000000000001,5.093999999999999,2001329.93,396345.47,169
1584921600,3/23/2020,ETC/USD,4.599,5.0969999999999995,4.529,5.0,1482225.98,303765.14,170
1584835200,3/22/2020,ETC/USD,5.004,5.231,4.5360000000000005,4.599,1899984.88,391552.27,171
1584748800,3/21/2020,ETC/USD,4.894,5.15,4.678,5.004,1571476.57,318299.29,172
1584662400,3/20/2020,ETC/USD,5.0680000000000005,5.539,4.423,4.894,3838331.89,755978.49,173
1584576000,3/19/2020,ETC/USD,4.636,5.459,4.479,5.0680000000000005,3877256.27,783361.19,174
1584489600,3/18/2020,ETC/USD,4.645,4.702,4.322,4.636,1547633.89,341105.78,175
1584403200,3/17/2020,ETC/USD,4.521,5.0,4.391,4.645,2209045.5,470352.92,176
1584316800,3/16/2020,ETC/USD,5.0280000000000005,5.032,4.04,4.521,3995927.05,902576.75,177
1584230400,3/15/2020,ETC/USD,4.809,5.2989999999999995,4.585,5.0280000000000005,2346082.27,474034.12,178
1584144000,3/14/2020,ETC/USD,5.611000000000001,5.62,4.6,4.809,3396389.58,680063.88,179
1584057600,3/13/2020,ETC/USD,4.1,7.17,3.5,5.611000000000001,10582141.42,2003188.47,180
1583971200,3/12/2020,ETC/USD,6.5489999999999995,6.5489999999999995,4.0,4.1,5470454.63,1115096.35,181
1583884800,3/11/2020,ETC/USD,6.815,6.898,6.12,6.5489999999999995,1936169.16,301442.71,182
1583798400,3/10/2020,ETC/USD,6.942,7.011,6.629,6.815,1601670.41,234150.76,183
1583712000,3/9/2020,ETC/USD,6.582000000000001,7.35,6.334,6.942,3435893.97,510630.8,184
1583625600,3/8/2020,ETC/USD,7.818,7.818,6.21,6.582000000000001,4466575.43,635419.03,185
1583539200,3/7/2020,ETC/USD,8.238999999999999,8.25,7.77,7.818,1760618.71,219970.66,186
1583452800,3/6/2020,ETC/USD,8.202,8.33,7.919,8.238999999999999,1654989.73,202562.56,187
1583366400,3/5/2020,ETC/USD,8.01,8.485,7.989,8.202,2565123.07,312808.96,188
1583280000,3/4/2020,ETC/USD,8.493,8.527000000000001,7.62,8.01,3513068.85,436952.58,189
1583193600,3/3/2020,ETC/USD,8.46,8.65,8.16,8.493,1691717.6,202524.92,190
1583107200,3/2/2020,ETC/USD,7.739,8.743,7.6979999999999995,8.46,4016589.23,487593.69,191
1583020800,3/1/2020,ETC/USD,7.355,7.921,7.35,7.739,3096931.92,403899.19,192
1582934400,2/29/2020,ETC/USD,7.489,7.7,7.343,7.355,1621422.21,216746.58,193
1582848000,2/28/2020,ETC/USD,7.693,7.876,7.2,7.489,2491150.28,332915.64,194
1582761600,2/27/2020,ETC/USD,7.709,8.238999999999999,7.3229999999999995,7.693,3567566.47,456533.92,195
1582675200,2/26/2020,ETC/USD,9.15,9.316,7.25,7.709,7144700.07,896211.53,196
1582588800,2/25/2020,ETC/USD,9.351,9.482999999999999,8.88,9.15,2802189.58,305889.87,197
1582502400,2/24/2020,ETC/USD,9.762,9.839,8.975,9.351,2731735.42,292239.39,198
1582416000,2/23/2020,ETC/USD,9.541,9.999,9.486,9.762,2106026.02,215647.14,199
1582329600,2/22/2020,ETC/USD,9.43,9.732999999999999,9.31,9.541,1158450.72,121435.21,200
1582243200,2/21/2020,ETC/USD,8.902999999999999,9.905,8.786,9.43,3886337.79,411058.95,201
1582156800,2/20/2020,ETC/USD,9.1,9.4,8.368,8.902999999999999,3435951.32,389601.08,202
1582070400,2/19/2020,ETC/USD,10.03,10.34,8.89,9.1,4125863.01,434007.61,203
1581984000,2/18/2020,ETC/USD,9.652000000000001,10.4,9.212,10.03,4238953.26,434908.79,204
1581897600,2/17/2020,ETC/USD,9.729,9.9,8.762,9.652000000000001,4542095.4,489683.92,205
1581811200,2/16/2020,ETC/USD,10.43,10.75,8.829,9.729,7587055.67,770662.85,206
1581724800,2/15/2020,ETC/USD,12.04,12.08,9.8,10.43,10188672.88,957955.58,207
1581638400,2/14/2020,ETC/USD,12.05,12.1,11.61,12.04,3104197.18,260567.05,208
1581552000,2/13/2020,ETC/USD,12.25,13.0,11.3,12.05,6993290.81,572536.09,209
1581465600,2/12/2020,ETC/USD,12.01,12.49,11.92,12.25,6692490.6,547889.27,210
1581379200,2/11/2020,ETC/USD,11.85,12.16,11.56,12.01,5259624.58,442338.71,211
1581292800,2/10/2020,ETC/USD,11.73,12.05,11.37,11.85,3830991.75,325347.7,212
1581206400,2/9/2020,ETC/USD,11.73,12.18,11.32,11.73,4174919.33,354344.14,213
1581120000,2/8/2020,ETC/USD,11.72,11.93,11.14,11.73,3540192.91,304411.99,214
1581033600,2/7/2020,ETC/USD,12.1,12.31,11.36,11.72,6174407.58,521758.6,215
1580947200,2/6/2020,ETC/USD,12.32,13.17,11.12,12.1,10005421.18,823798.18,216
1580860800,2/5/2020,ETC/USD,11.36,12.65,11.29,12.32,6025837.97,498547.7,217
1580774400,2/4/2020,ETC/USD,11.78,11.9,11.11,11.36,2671362.31,233750.16,218
1580688000,2/3/2020,ETC/USD,11.35,12.22,11.28,11.78,4871560.92,411240.37,219
1580601600,2/2/2020,ETC/USD,11.54,11.71,11.12,11.35,3263885.77,284482.03,220
1580515200,2/1/2020,ETC/USD,11.31,11.8,11.05,11.54,4313055.26,374444.25,221
1580428800,1/31/2020,ETC/USD,12.28,12.3,10.62,11.31,8115854.67,713994.43,222
1580342400,1/30/2020,ETC/USD,12.2,12.65,11.65,12.28,9432454.18,779469.34,223
1580256000,1/29/2020,ETC/USD,11.42,12.9,11.32,12.2,15276148.03,1253703.11,224
1580169600,1/28/2020,ETC/USD,10.42,11.77,10.34,11.42,11215604.01,1014451.63,225
1580083200,1/27/2020,ETC/USD,9.141,11.1,9.141,10.42,10652617.73,1041722.39,226
1579996800,1/26/2020,ETC/USD,8.39,9.36,8.221,9.141,2429798.93,271506.23,227
1579910400,1/25/2020,ETC/USD,8.587,8.62,8.107999999999999,8.39,1681891.55,200968.92,228
1579824000,1/24/2020,ETC/USD,8.447000000000001,8.831,7.85,8.587,3362429.42,404163.25,229
1579737600,1/23/2020,ETC/USD,9.34,9.35,8.161,8.447000000000001,3904278.54,451438.52,230
1579651200,1/22/2020,ETC/USD,8.932,9.491,8.911,9.34,2832790.41,306205.11,231
1579564800,1/21/2020,ETC/USD,8.62,9.127,8.511000000000001,8.932,2302839.38,259853.67,232
1579478400,1/20/2020,ETC/USD,8.521,9.097000000000001,8.05,8.62,6185194.05,713362.99,233
1579392000,1/19/2020,ETC/USD,8.295,9.477,7.749,8.521,12895253.15,1497916.19,234
1579305600,1/18/2020,ETC/USD,9.437999999999999,9.899,8.054,8.295,18231185.3,2030920.42,235
1579219200,1/17/2020,ETC/USD,8.39,12.07,8.144,9.437999999999999,41516304.24,4050308.47,236
1579132800,1/16/2020,ETC/USD,7.996,8.663,7.257999999999999,8.39,11787046.11,1474008.18,237
1579046400,1/15/2020,ETC/USD,6.822,8.109,6.631,7.996,16014175.12,2157422.23,238
1578960000,1/14/2020,ETC/USD,5.4639999999999995,7.047000000000001,5.4639999999999995,6.822,12441446.04,1927781.9,239
1578873600,1/13/2020,ETC/USD,5.5729999999999995,5.591,5.321000000000001,5.4639999999999995,817450.28,150504.0,240
1578787200,1/12/2020,ETC/USD,5.574,5.646,5.3660000000000005,5.5729999999999995,965653.99,175148.3,241
1578700800,1/11/2020,ETC/USD,5.36,5.824,5.321000000000001,5.574,2500382.39,447262.21,242
1578614400,1/10/2020,ETC/USD,5.18,5.407,4.91,5.36,1473883.73,285784.83,243
1578528000,1/9/2020,ETC/USD,4.955,5.209,4.87,5.18,1522976.69,300393.02,244
1578441600,1/8/2020,ETC/USD,4.84,5.06,4.71,4.955,1181885.8,241558.11,245
1578355200,1/7/2020,ETC/USD,5.044,5.08,4.7139999999999995,4.84,1705036.95,350797.9,246
1578268800,1/6/2020,ETC/USD,4.873,5.145,4.85,5.044,1490607.44,298791.27,247
1578182400,1/5/2020,ETC/USD,4.758,5.002,4.728,4.873,1411377.31,289372.64,248
1578096000,1/4/2020,ETC/USD,4.569,4.768,4.523,4.758,614972.58,132552.12,249
1578009600,1/3/2020,ETC/USD,4.218,4.62,4.171,4.569,708990.66,159560.11,250
1577923200,1/2/2020,ETC/USD,4.476,4.495,4.16,4.218,628975.95,144669.78,251
1577836800,1/1/2020,ETC/USD,4.473,4.5569999999999995,4.454,4.476,287704.12,63810.77,252
1577750400,12/31/2019,ETC/USD,4.606,4.7669999999999995,4.42,4.473,905226.45,197476.68,253
1577664000,12/30/2019,ETC/USD,4.638999999999999,4.84,4.523,4.606,661305.59,142220.04,254
1577577600,12/29/2019,ETC/USD,4.401,4.843999999999999,4.379,4.638999999999999,896141.15,193270.93,255
1577491200,12/28/2019,ETC/USD,4.492,4.542,4.368,4.401,450606.59,101187.66,256
1577404800,12/27/2019,ETC/USD,4.487,4.669,4.357,4.492,1082708.8,241077.67,257
1577318400,12/26/2019,ETC/USD,4.039,4.772,4.034,4.487,2027002.14,458983.65,258
1577232000,12/25/2019,ETC/USD,3.926,4.08,3.9010000000000002,4.039,363896.55,90584.2,259
1577145600,12/24/2019,ETC/USD,4.0,4.0,3.884,3.926,195151.02,49399.68,260
1577059200,12/23/2019,ETC/USD,4.197,4.238,3.949,4.0,699742.21,169654.3,261
1576972800,12/22/2019,ETC/USD,4.091,4.2669999999999995,4.053999999999999,4.197,498957.43,119161.77,262
1576886400,12/21/2019,ETC/USD,4.05,4.171,3.986,4.091,500600.77,122639.99,263
1576800000,12/20/2019,ETC/USD,3.727,4.223,3.68,4.05,784869.79,196563.98,264
1576713600,12/19/2019,ETC/USD,3.775,3.8289999999999997,3.66,3.727,192923.88,51692.36,265
1576627200,12/18/2019,ETC/USD,3.475,3.839,3.367,3.775,830134.92,229217.5,266
1576540800,12/17/2019,ETC/USD,3.679,3.7060000000000004,3.412,3.475,412063.59,116048.22,267
1576454400,12/16/2019,ETC/USD,3.801,3.838,3.6210000000000004,3.679,944065.51,253121.67,268
1576368000,12/15/2019,ETC/USD,3.793,3.859,3.753,3.801,153431.15,40386.01,269
1576281600,12/14/2019,ETC/USD,3.852,3.865,3.7430000000000003,3.793,183494.48,48278.83,270
1576195200,12/13/2019,ETC/USD,3.81,3.888,3.793,3.852,146188.14,37956.84,271
1576108800,12/12/2019,ETC/USD,3.762,3.8480000000000003,3.714,3.81,292191.44,77205.41,272
1576022400,12/11/2019,ETC/USD,3.778,3.8,3.75,3.762,217476.52,57578.3,273
1575936000,12/10/2019,ETC/USD,3.803,3.803,3.735,3.778,184450.39,48936.99,274
1575849600,12/9/2019,ETC/USD,3.9,3.928,3.77,3.803,222924.14,57879.92,275
1575763200,12/8/2019,ETC/USD,3.87,3.95,3.8289999999999997,3.9,139396.8,35789.36,276
1575676800,12/7/2019,ETC/USD,3.903,3.95,3.86,3.87,268838.78,68902.64,277
1575590400,12/6/2019,ETC/USD,3.7960000000000003,3.925,3.77,3.903,244384.76,63186.43,278
1575504000,12/5/2019,ETC/USD,3.753,3.822,3.7289999999999996,3.7960000000000003,215872.05,57147.3,279
1575417600,12/4/2019,ETC/USD,3.8310000000000004,3.905,3.701,3.753,377039.54,99544.38,280
1575331200,12/3/2019,ETC/USD,3.865,3.95,3.823,3.8310000000000004,226263.23,58305.78,281
1575244800,12/2/2019,ETC/USD,3.943,3.955,3.785,3.865,289918.98,75331.97,282
1575158400,12/1/2019,ETC/USD,3.9530000000000003,4.053,3.81,3.943,377287.44,96753.28,283
1575072000,11/30/2019,ETC/USD,4.086,4.107,3.8710000000000004,3.9530000000000003,385747.55,96436.21,284
1574985600,11/29/2019,ETC/USD,3.94,4.138,3.929,4.086,319503.97,78826.18,285
1574899200,11/28/2019,ETC/USD,3.964,4.06,3.86,3.94,688370.68,173206.53,286
1574812800,11/27/2019,ETC/USD,3.884,4.053999999999999,3.6839999999999997,3.964,859987.54,221679.87,287
1574726400,11/26/2019,ETC/USD,3.7889999999999997,3.926,3.76,3.884,388732.55,100892.04,288
1574640000,11/25/2019,ETC/USD,3.707,3.9960000000000004,3.55,3.7889999999999997,782530.6,209781.13,289
1574553600,11/24/2019,ETC/USD,4.003,4.007,3.678,3.707,315228.97,81855.94,290
1574467200,11/23/2019,ETC/USD,3.883,4.084,3.81,4.003,526185.67,134438.68,291
1574380800,11/22/2019,ETC/USD,4.175,4.23,3.535,3.883,1738106.32,448572.9,292
1574294400,11/21/2019,ETC/USD,4.342,4.412,4.038,4.175,822126.48,195711.09,293
1574208000,11/20/2019,ETC/USD,4.3839999999999995,4.436,4.294,4.342,325159.11,74290.69,294
1574121600,11/19/2019,ETC/USD,4.35,4.526,4.246,4.3839999999999995,927347.33,212645.47,295
1574035200,11/18/2019,ETC/USD,4.618,4.626,4.168,4.35,1145569.23,260548.73,296
1573948800,11/17/2019,ETC/USD,4.629,4.6930000000000005,4.578,4.618,346400.0,74627.77,297
1573862400,11/16/2019,ETC/USD,4.559,4.6739999999999995,4.538,4.629,241368.5,52354.71,298
1573776000,11/15/2019,ETC/USD,4.747,4.798,4.45,4.559,715917.5,155077.71,299
1573689600,11/14/2019,ETC/USD,4.838,4.85,4.641,4.747,676742.05,143212.54,300
1573603200,11/13/2019,ETC/USD,4.896,4.91,4.813,4.838,318443.34,65689.02,301
1573516800,11/12/2019,ETC/USD,4.89,4.9319999999999995,4.789,4.896,363488.52,74649.05,302
1573430400,11/11/2019,ETC/USD,5.034,5.067,4.82,4.89,258047.85,52395.63,303
1573344000,11/10/2019,ETC/USD,4.9510000000000005,5.18,4.91,5.034,1150961.36,229330.22,304
1573257600,11/9/2019,ETC/USD,4.967,5.047,4.914,4.9510000000000005,437144.56,87934.59,305
1573171200,11/8/2019,ETC/USD,5.242999999999999,5.284,4.762,4.967,1195245.17,237887.38,306
1573084800,11/7/2019,ETC/USD,5.085,5.365,5.038,5.242999999999999,1792303.55,347260.33,307
1572998400,11/6/2019,ETC/USD,5.033,5.199,4.994,5.085,899627.81,177382.22,308
1572912000,11/5/2019,ETC/USD,4.971,5.084,4.857,5.033,725002.57,144813.23,309
1572825600,11/4/2019,ETC/USD,4.872,5.045,4.854,4.971,527226.96,106291.06,310
1572739200,11/3/2019,ETC/USD,4.936,5.003,4.838,4.872,190159.2,38718.45,311
1572652800,11/2/2019,ETC/USD,4.88,5.05,4.843999999999999,4.936,495722.2,100407.05,312
1572566400,11/1/2019,ETC/USD,4.82,4.95,4.796,4.88,635098.68,130840.14,313
1572480000,10/31/2019,ETC/USD,4.792,4.973,4.692,4.82,1476139.23,304703.29,314
1572393600,10/30/2019,ETC/USD,4.933,4.985,4.724,4.792,968245.81,200448.33,315
1572307200,10/29/2019,ETC/USD,4.7410000000000005,5.1579999999999995,4.7410000000000005,4.933,1775761.66,356563.76,316
1572220800,10/28/2019,ETC/USD,4.788,5.043,4.734,4.7410000000000005,959616.76,197633.08,317
1572134400,10/27/2019,ETC/USD,4.586,4.948,4.5680000000000005,4.788,1345981.52,282932.34,318
1572048000,10/26/2019,ETC/USD,4.763,5.25,4.481,4.586,2392879.16,495312.67,319
1571961600,10/25/2019,ETC/USD,4.263999999999999,5.008,4.232,4.763,1753386.84,371234.78,320
1571875200,10/24/2019,ETC/USD,4.26,4.388,4.2010000000000005,4.263999999999999,587550.06,137461.88,321
1571788800,10/23/2019,ETC/USD,4.46,4.489,4.011,4.26,1209804.83,285369.31,322
1571702400,10/22/2019,ETC/USD,4.599,4.658,4.4110000000000005,4.46,610931.58,133602.04,323
1571616000,10/21/2019,ETC/USD,4.539,4.68,4.36,4.599,1007399.33,220909.8,324
1571529600,10/20/2019,ETC/USD,4.428999999999999,4.615,4.372,4.539,426040.4,95018.44,325
1571443200,10/19/2019,ETC/USD,4.439,4.4719999999999995,4.37,4.428999999999999,397021.97,89738.82,326
1571356800,10/18/2019,ETC/USD,4.511,4.609,4.36,4.439,575448.14,129031.18,327
1571270400,10/17/2019,ETC/USD,4.43,4.58,4.404,4.511,823150.28,182717.36,328
1571184000,10/16/2019,ETC/USD,4.5760000000000005,4.7,4.301,4.43,932145.03,207916.13,329
1571097600,10/15/2019,ETC/USD,4.792,4.802,4.47,4.5760000000000005,967481.12,209561.24,330
1571011200,10/14/2019,ETC/USD,4.744,4.8660000000000005,4.723,4.792,482634.93,100907.44,331
1570924800,10/13/2019,ETC/USD,4.718,4.825,4.686,4.744,373893.04,78529.84,332
1570838400,10/12/2019,ETC/USD,4.646,4.76,4.641,4.718,528393.09,112034.73,333
1570752000,10/11/2019,ETC/USD,4.845,4.975,4.632,4.646,821607.69,171833.27,334
1570665600,10/10/2019,ETC/USD,5.0889999999999995,5.118,4.816,4.845,1751552.26,351926.55,335
1570579200,10/9/2019,ETC/USD,4.635,5.301,4.601,5.0889999999999995,2111579.8,425868.03,336
1570492800,10/8/2019,ETC/USD,4.675,4.736000000000001,4.569,4.635,531149.71,114307.73,337
1570406400,10/7/2019,ETC/USD,4.499,4.747,4.46,4.675,644172.69,139205.85,338
1570320000,10/6/2019,ETC/USD,4.626,4.64,4.4,4.499,471485.08,104233.13,339
1570233600,10/5/2019,ETC/USD,4.592,4.663,4.551,4.626,446612.13,96697.35,340
1570147200,10/4/2019,ETC/USD,4.614,4.667,4.506,4.592,312621.61,68000.64,341
1570060800,10/3/2019,ETC/USD,4.698,4.705,4.519,4.614,601991.28,130527.34,342
1569974400,10/2/2019,ETC/USD,4.638,4.706,4.577,4.698,265913.1,57513.79,343
1569888000,10/1/2019,ETC/USD,4.713,4.854,4.614,4.638,873907.9,184833.19,344
1569801600,9/30/2019,ETC/USD,4.5569999999999995,4.7989999999999995,4.42,4.713,1026117.0,221391.82,345
1569715200,9/29/2019,ETC/USD,4.684,4.696000000000001,4.45,4.5569999999999995,709267.13,155424.32,346
1569628800,9/28/2019,ETC/USD,4.683,4.769,4.602,4.684,933449.36,199388.99,347
1569542400,9/27/2019,ETC/USD,4.74,4.789,4.501,4.683,981877.16,211315.51,348
1569456000,9/26/2019,ETC/USD,4.8580000000000005,4.927,4.5,4.74,1956438.22,414603.65,349
1569369600,9/25/2019,ETC/USD,4.9639999999999995,5.3389999999999995,4.612,4.8580000000000005,1732220.83,348053.48,350
1569283200,9/24/2019,ETC/USD,5.809,5.88,4.35,4.9639999999999995,4483058.88,884687.96,351
1569196800,9/23/2019,ETC/USD,5.99,6.075,5.771,5.809,713534.0,120332.98,352
1569110400,9/22/2019,ETC/USD,6.127000000000001,6.13,5.954,5.99,539037.19,89529.32,353
1569024000,9/21/2019,ETC/USD,6.16,6.199,6.0360000000000005,6.127000000000001,563477.55,92109.43,354
1568937600,9/20/2019,ETC/USD,6.228,6.275,5.95,6.16,1280876.96,209268.2,355
1568851200,9/19/2019,ETC/USD,6.388,6.39,5.75,6.228,2508199.09,410400.67,356
1568764800,9/18/2019,ETC/USD,6.279,6.5329999999999995,6.279,6.388,1321951.74,205353.73,357
1568678400,9/17/2019,ETC/USD,6.224,6.436,6.167999999999999,6.279,1390469.4,219915.69,358
1568592000,9/16/2019,ETC/USD,6.2589999999999995,6.345,6.12,6.224,668875.06,107454.17,359
1568505600,9/15/2019,ETC/USD,6.271,6.348,6.223,6.2589999999999995,376184.54,60005.95,360
1568419200,9/14/2019,ETC/USD,6.191,6.3260000000000005,6.085,6.271,487653.33,78296.17,361
1568332800,9/13/2019,ETC/USD,6.218999999999999,6.26,6.104,6.191,576422.0,93289.58,362
1568246400,9/12/2019,ETC/USD,6.318,6.367000000000001,6.192,6.218999999999999,954196.24,152430.75,363
1568160000,9/11/2019,ETC/USD,6.52,6.584,6.109,6.318,1028200.39,162597.92,364
1568073600,9/10/2019,ETC/USD,6.59,6.74,6.3839999999999995,6.52,1010860.17,153817.04,365
1567987200,9/9/2019,ETC/USD,6.653,6.807,6.375,6.59,1111500.11,169157.97,366
1567900800,9/8/2019,ETC/USD,6.68,6.785,6.561,6.653,915949.79,137132.68,367
1567814400,9/7/2019,ETC/USD,6.686,6.85,6.235,6.68,2023635.59,309071.57,368
1567728000,9/6/2019,ETC/USD,7.037000000000001,7.082999999999999,6.686,6.686,1532974.0,221503.07,369
1567641600,9/5/2019,ETC/USD,6.781000000000001,7.228,6.722,7.037000000000001,2106759.08,300105.83,370
1567555200,9/4/2019,ETC/USD,6.81,6.882999999999999,6.641,6.781000000000001,980734.81,144913.79,371
1567468800,9/3/2019,ETC/USD,6.7,7.021,6.62,6.81,1228426.7,180188.02,372
1567382400,9/2/2019,ETC/USD,6.274,6.891,6.21,6.7,2447662.39,369689.25,373
1567296000,9/1/2019,ETC/USD,6.274,6.327999999999999,6.068,6.274,767099.7,123300.15,374
1567209600,8/31/2019,ETC/USD,6.2989999999999995,6.442,6.146,6.274,1216103.11,193596.46,375
1567123200,8/30/2019,ETC/USD,5.9479999999999995,6.499,5.73,6.2989999999999995,2446321.56,393811.73,376
1567036800,8/29/2019,ETC/USD,6.48,6.48,5.672000000000001,5.9479999999999995,2703012.73,447008.91,377
1566950400,8/28/2019,ETC/USD,7.192,7.245,6.166,6.48,3711717.58,560871.35,378
1566864000,8/27/2019,ETC/USD,7.33,7.335,7.1,7.192,910432.87,126359.6,379
1566777600,8/26/2019,ETC/USD,7.13,7.53,7.108,7.33,1933711.01,265608.16,380
1566691200,8/25/2019,ETC/USD,6.86,7.428,6.852,7.13,2670413.07,373216.56,381
1566604800,8/24/2019,ETC/USD,7.141,7.227,6.749,6.86,2175134.4,312095.35,382
1566518400,8/23/2019,ETC/USD,7.21,7.564,6.857,7.141,5956839.47,830324.12,383
1566432000,8/22/2019,ETC/USD,6.149,7.82,5.976,7.21,10436062.96,1467311.04,384
1566345600,8/21/2019,ETC/USD,6.029,6.379,5.855,6.149,2699542.56,441502.67,385
1566259200,8/20/2019,ETC/USD,5.551,6.249,5.476,6.029,3476680.4,582212.85,386
1566172800,8/19/2019,ETC/USD,5.5729999999999995,5.662999999999999,5.439,5.551,593605.2,107012.55,387
1566086400,8/18/2019,ETC/USD,5.46,5.672999999999999,5.42,5.5729999999999995,523284.71,93594.88,388
1566000000,8/17/2019,ETC/USD,5.54,5.55,5.4,5.46,398414.31,72665.13,389
1565913600,8/16/2019,ETC/USD,5.64,5.645,5.437,5.54,646320.09,116858.77,390
1565827200,8/15/2019,ETC/USD,5.5760000000000005,5.8,5.2860000000000005,5.64,1295225.39,232466.5,391
1565740800,8/14/2019,ETC/USD,6.021,6.164,5.46,5.5760000000000005,1502355.6,257831.8,392
1565654400,8/13/2019,ETC/USD,5.7860000000000005,6.279,5.74,6.021,1890200.88,322965.41,393
1565568000,8/12/2019,ETC/USD,5.837999999999999,5.982,5.676,5.7860000000000005,787408.88,136167.29,394
1565481600,8/11/2019,ETC/USD,5.636,5.8839999999999995,5.636,5.837999999999999,1181893.83,204588.26,395
1565395200,8/10/2019,ETC/USD,5.801,5.895,5.523,5.636,1372729.78,240857.28,396
1565308800,8/9/2019,ETC/USD,5.989,6.023,5.721,5.801,611300.52,104752.86,397
1565222400,8/8/2019,ETC/USD,5.899,6.188,5.867999999999999,5.989,1152281.44,192183.29,398
1565136000,8/7/2019,ETC/USD,5.867999999999999,6.016,5.812,5.899,858036.54,145454.84,399
1565049600,8/6/2019,ETC/USD,6.169,6.242999999999999,5.79,5.867999999999999,1082759.93,179856.61,400
1564963200,8/5/2019,ETC/USD,6.117999999999999,6.35,6.117999999999999,6.169,1350403.5,217337.26,401
1564876800,8/4/2019,ETC/USD,5.885,6.17,5.83,6.117999999999999,1195577.51,197452.68,402
1564790400,8/3/2019,ETC/USD,5.882000000000001,5.98,5.843999999999999,5.885,580125.73,98214.1,403
1564704000,8/2/2019,ETC/USD,5.971,6.015,5.797999999999999,5.882000000000001,691479.01,117268.45,404
1564617600,8/1/2019,ETC/USD,6.0520000000000005,6.08,5.832000000000001,5.971,895489.53,150569.91,405
1564531200,7/31/2019,ETC/USD,5.934,6.099,5.8,6.0520000000000005,1132335.2,189748.6,406
1564444800,7/30/2019,ETC/USD,5.93,5.999,5.794,5.934,760735.38,128660.27,407
1564358400,7/29/2019,ETC/USD,5.898,6.087000000000001,5.832999999999999,5.93,1003829.19,168964.11,408
1564272000,7/28/2019,ETC/USD,5.943,6.007000000000001,5.551,5.898,1122062.24,191224.8,409
1564185600,7/27/2019,ETC/USD,6.209,6.337000000000001,5.77,5.943,1530300.84,256478.14,410
1564099200,7/26/2019,ETC/USD,6.002999999999999,6.242999999999999,5.895,6.209,703279.55,115312.32,411
1564012800,7/25/2019,ETC/USD,6.098,6.29,5.981,6.002999999999999,763928.18,124683.74,412
1563926400,7/24/2019,ETC/USD,6.001,6.23,5.761,6.098,1415870.78,238138.03,413
1563840000,7/23/2019,ETC/USD,6.361000000000001,6.361000000000001,5.94,6.001,1212324.48,198674.47,414
1563753600,7/22/2019,ETC/USD,6.274,6.497999999999999,6.196000000000001,6.361000000000001,1563369.53,246642.0,415
1563667200,7/21/2019,ETC/USD,6.176,6.321000000000001,6.04,6.274,1043034.22,168672.6,416
1563580800,7/20/2019,ETC/USD,5.861000000000001,6.343999999999999,5.85,6.176,1381639.39,224758.5,417
1563494400,7/19/2019,ETC/USD,6.04,6.067,5.651,5.861000000000001,1342110.81,230923.96,418
1563408000,7/18/2019,ETC/USD,5.709,6.093999999999999,5.42,6.04,1943569.9,335340.62,419
1563321600,7/17/2019,ETC/USD,5.31,6.047999999999999,5.2410000000000005,5.709,1709773.43,305488.37,420
1563235200,7/16/2019,ETC/USD,5.857,6.127000000000001,5.18,5.31,3038706.05,539900.31,421
1563148800,7/15/2019,ETC/USD,5.699,6.25,5.159,5.857,3133763.11,558738.92,422
1563062400,7/14/2019,ETC/USD,6.63,6.65,5.551,5.699,2130778.71,357681.79,423
1562976000,7/13/2019,ETC/USD,6.792000000000001,6.809,6.377000000000001,6.63,1069855.01,162840.08,424
1562889600,7/12/2019,ETC/USD,6.632000000000001,6.859,6.507999999999999,6.792000000000001,1383678.91,205012.06,425
1562803200,7/11/2019,ETC/USD,7.2620000000000005,7.278,6.17,6.632000000000001,2609682.41,392826.12,426
1562716800,7/10/2019,ETC/USD,7.9,7.945,6.99,7.2620000000000005,2401526.0,323509.17,427
1562630400,7/9/2019,ETC/USD,8.047,8.13,7.74,7.9,1895840.44,239533.71,428
1562544000,7/8/2019,ETC/USD,7.995,8.048,7.874,8.047,833840.92,104690.86,429
1562457600,7/7/2019,ETC/USD,7.824,8.011000000000001,7.739,7.995,656667.16,83240.36,430
1562371200,7/6/2019,ETC/USD,7.861000000000001,8.02,7.75,7.824,926496.52,117551.7,431
1562284800,7/5/2019,ETC/USD,7.73,7.934,7.61,7.861000000000001,790726.93,101671.64,432
1562198400,7/4/2019,ETC/USD,7.8629999999999995,8.19,7.6770000000000005,7.73,1663053.53,209826.6,433
1562112000,7/3/2019,ETC/USD,7.695,7.909,7.631,7.8629999999999995,976618.86,125573.57,434
1562025600,7/2/2019,ETC/USD,7.815,7.865,7.2989999999999995,7.695,1808805.5,239351.74,435
1561939200,7/1/2019,ETC/USD,7.765,7.997000000000001,7.2,7.815,2088253.27,275215.59,436
1561852800,6/30/2019,ETC/USD,8.247,8.669,7.65,7.765,2996653.68,367803.99,437
1561766400,6/29/2019,ETC/USD,8.002,8.3,7.563,8.247,2011666.53,252793.82,438
1561680000,6/28/2019,ETC/USD,7.7,8.389,7.562,8.002,2517392.39,316964.9,439
1561593600,6/27/2019,ETC/USD,8.97,9.13,7.011,7.7,5599572.07,715312.28,440
1561507200,6/26/2019,ETC/USD,9.219,9.684,8.511000000000001,8.97,5568093.99,597258.91,441
1561420800,6/25/2019,ETC/USD,9.287,9.336,9.021,9.219,1631706.98,178050.85,442
1561334400,6/24/2019,ETC/USD,9.26,9.39,8.809,9.287,1885984.81,207014.94,443
1561248000,6/23/2019,ETC/USD,9.101,9.625,9.059,9.26,3331678.7,357747.85,444
1561161600,6/22/2019,ETC/USD,8.812000000000001,9.333,8.704,9.101,4172815.82,462241.71,445
1561075200,6/21/2019,ETC/USD,8.509,8.869,8.5,8.812000000000001,1995360.03,229979.42,446
1560988800,6/20/2019,ETC/USD,8.56,8.613,8.376,8.509,954844.52,112484.66,447
1560902400,6/19/2019,ETC/USD,8.45,8.674,8.442,8.56,905945.52,106279.54,448
1560816000,6/18/2019,ETC/USD,8.8,8.843,8.292,8.45,1813208.32,212966.73,449
1560729600,6/17/2019,ETC/USD,8.687000000000001,8.899,8.65,8.8,1926911.59,219686.73,450
1560643200,6/16/2019,ETC/USD,8.611,8.948,8.505,8.687000000000001,2997071.98,343629.84,451
1560556800,6/15/2019,ETC/USD,8.58,8.719,8.426,8.611,1382714.82,160993.96,452
1560470400,6/14/2019,ETC/USD,8.542,8.621,8.16,8.58,1764100.75,209923.85,453
1560384000,6/13/2019,ETC/USD,8.66,8.789,8.5,8.542,1808137.68,209859.93,454
1560297600,6/12/2019,ETC/USD,8.26,8.9,8.121,8.66,3521065.47,418421.68,455
1560211200,6/11/2019,ETC/USD,8.349,8.35,8.033999999999999,8.26,1946615.85,237549.01,456
1560124800,6/10/2019,ETC/USD,8.129,8.468,7.9,8.349,2042860.32,248773.5,457
1560038400,6/9/2019,ETC/USD,8.43,8.55,7.9,8.129,1579930.17,194381.24,458
1559952000,6/8/2019,ETC/USD,8.349,8.842,8.076,8.43,2016656.15,238659.78,459
1559865600,6/7/2019,ETC/USD,8.021,8.488,7.87,8.349,2847451.46,347758.56,460
1559779200,6/6/2019,ETC/USD,8.199,8.254,7.331,8.021,3158034.75,403414.84,461
1559692800,6/5/2019,ETC/USD,8.408999999999999,8.55,7.81,8.199,2907880.62,355100.22,462
1559606400,6/4/2019,ETC/USD,9.36,9.36,7.501,8.408999999999999,11352513.23,1338986.78,463
1559520000,6/3/2019,ETC/USD,9.55,9.86,9.02,9.36,7024475.15,739065.85,464
1559433600,6/2/2019,ETC/USD,8.63,9.68,8.572000000000001,9.55,4832912.82,520485.7,465
1559347200,6/1/2019,ETC/USD,8.65,8.9,8.42,8.63,2046416.97,235479.98,466
1559260800,5/31/2019,ETC/USD,8.08,8.764,7.87,8.65,3308408.44,400561.26,467
1559174400,5/30/2019,ETC/USD,8.191,8.899,7.7010000000000005,8.08,6855080.31,813388.84,468
1559088000,5/29/2019,ETC/USD,8.217,8.429,7.6610000000000005,8.191,2842909.13,349394.56,469
1559001600,5/28/2019,ETC/USD,8.131,8.495,8.002,8.217,3830372.9,464965.74,470
1558915200,5/27/2019,ETC/USD,7.711,8.4,7.606,8.131,5235133.55,663028.47,471
1558828800,5/26/2019,ETC/USD,7.316,7.829,7.15,7.711,2650024.05,354995.54,472
1558742400,5/25/2019,ETC/USD,7.313,7.4,7.181,7.316,845211.39,116058.4,473
1558656000,5/24/2019,ETC/USD,7.08,7.446000000000001,6.975,7.313,2005855.58,276493.95,474
1558569600,5/23/2019,ETC/USD,6.91,7.13,6.671,7.08,1721097.76,249674.07,475
1558483200,5/22/2019,ETC/USD,7.42,7.522,6.7989999999999995,6.91,2437257.62,341132.14,476
1558396800,5/21/2019,ETC/USD,7.42,7.671,7.228,7.42,1823126.2,244587.35,477
1558310400,5/20/2019,ETC/USD,7.79,7.808,7.114,7.42,2572563.86,346107.62,478
1558224000,5/19/2019,ETC/USD,7.16,7.909,7.15,7.79,4038421.46,525088.77,479
1558137600,5/18/2019,ETC/USD,7.29,7.468,7.08,7.16,2093531.69,286922.95,480
1558051200,5/17/2019,ETC/USD,7.67,7.827999999999999,6.667000000000001,7.29,7649766.17,1068420.28,481
1557964800,5/16/2019,ETC/USD,7.66,8.677,6.94,7.67,14323248.2,1805456.35,482
1557878400,5/15/2019,ETC/USD,6.57,7.729,6.481,7.66,7414051.08,1026937.97,483
1557792000,5/14/2019,ETC/USD,6.08,6.727,6.059,6.57,4808122.93,751030.83,484
1557705600,5/13/2019,ETC/USD,5.832000000000001,6.327999999999999,5.789,6.08,2983088.8,485852.74,485
1557619200,5/12/2019,ETC/USD,6.06,6.276,5.712000000000001,5.832000000000001,3281033.47,548126.62,486
1557532800,5/11/2019,ETC/USD,5.603,6.45,5.581,6.06,4402227.42,726312.09,487
1557446400,5/10/2019,ETC/USD,5.542999999999999,5.688,5.466,5.603,982440.95,176032.72,488
1557360000,5/9/2019,ETC/USD,5.672999999999999,5.747999999999999,5.457999999999999,5.542999999999999,930883.47,166445.14,489
1557273600,5/8/2019,ETC/USD,5.58,5.73,5.505,5.672999999999999,720339.22,128253.15,490
1557187200,5/7/2019,ETC/USD,5.632999999999999,5.869,5.5,5.58,1331511.61,233872.91,491
1557100800,5/6/2019,ETC/USD,5.689,5.749,5.43,5.632999999999999,1159422.28,207524.64,492
1557014400,5/5/2019,ETC/USD,5.78,5.8389999999999995,5.587999999999999,5.689,710088.17,124270.09,493
1556928000,5/4/2019,ETC/USD,5.942,6.081,5.599,5.78,1189720.37,202953.55,494
1556841600,5/3/2019,ETC/USD,5.669,6.106,5.651,5.942,1840196.45,311667.69,495
1556755200,5/2/2019,ETC/USD,5.735,5.766,5.63,5.669,622841.04,109304.45,496
1556668800,5/1/2019,ETC/USD,5.822,5.91,5.67,5.735,1037861.65,179230.0,497
1556582400,4/30/2019,ETC/USD,5.4879999999999995,5.83,5.48,5.822,1334408.81,233719.06,498
1556496000,4/29/2019,ETC/USD,5.468,5.625,5.352,5.4879999999999995,1069520.51,194047.63,499
1556409600,4/28/2019,ETC/USD,5.58,5.597,5.351,5.468,714784.53,131401.11,500
1556323200,4/27/2019,ETC/USD,5.347,5.97,5.336,5.58,1332252.49,238255.74,501
1556236800,4/26/2019,ETC/USD,5.361000000000001,5.4079999999999995,5.1739999999999995,5.347,1404133.94,265740.21,502
1556150400,4/25/2019,ETC/USD,5.597,5.7989999999999995,5.15,5.361000000000001,1418685.12,258955.16,503
1556064000,4/24/2019,ETC/USD,5.926,5.947,5.278,5.597,2102252.23,378283.94,504
1555977600,4/23/2019,ETC/USD,5.941,6.2,5.88,5.926,1360407.86,226238.28,505
1555891200,4/22/2019,ETC/USD,5.945,5.997000000000001,5.83,5.941,889764.86,150182.41,506
1555804800,4/21/2019,ETC/USD,6.237,6.25,5.721,5.945,1440584.52,244011.24,507
1555718400,4/20/2019,ETC/USD,6.301,6.3389999999999995,6.18,6.237,474152.56,75837.66,508
1555632000,4/19/2019,ETC/USD,6.34,6.377999999999999,6.192,6.301,714537.32,114162.32,509
1555545600,4/18/2019,ETC/USD,6.21,6.4,6.196000000000001,6.34,1406702.13,223902.37,510
1555459200,4/17/2019,ETC/USD,6.282,6.35,6.15,6.21,1261247.54,202886.59,511
1555372800,4/16/2019,ETC/USD,6.167999999999999,6.313,6.04,6.282,1291292.28,208879.92,512
1555286400,4/15/2019,ETC/USD,6.457999999999999,6.6,5.937,6.167999999999999,2586036.81,412294.46,513
1555200000,4/14/2019,ETC/USD,6.33,6.48,6.162000000000001,6.457999999999999,900742.23,142462.02,514
1555113600,4/13/2019,ETC/USD,6.39,6.55,6.247999999999999,6.33,1046585.87,164168.11,515
1555027200,4/12/2019,ETC/USD,6.287000000000001,6.567,5.932,6.39,1960102.28,311185.84,516
1554940800,4/11/2019,ETC/USD,7.093,7.095,6.01,6.287000000000001,3087764.11,478559.75,517
1554854400,4/10/2019,ETC/USD,7.027,7.26,6.893,7.093,2602484.51,366147.45,518
1554768000,4/9/2019,ETC/USD,7.29,7.4,6.83,7.027,2866669.15,405723.23,519
1554681600,4/8/2019,ETC/USD,8.8,9.15,6.832000000000001,7.29,9212560.85,1217861.28,520
1554595200,4/7/2019,ETC/USD,6.0,14.0,5.983,8.8,15592562.71,1801108.2,521
1554508800,4/6/2019,ETC/USD,5.757999999999999,6.099,5.5089999999999995,6.0,1506813.26,255775.86,522
1554422400,4/5/2019,ETC/USD,5.34,5.94,5.34,5.757999999999999,1631637.06,286107.67,523
1554336000,4/4/2019,ETC/USD,5.44,5.64,5.21,5.34,1120793.35,206785.21,524
1554249600,4/3/2019,ETC/USD,5.49,6.22,5.0760000000000005,5.44,4914051.47,850990.7,525
1554163200,4/2/2019,ETC/USD,4.802,5.494,4.781000000000001,5.49,3122684.79,608285.13,526
1554076800,4/1/2019,ETC/USD,4.82,4.8389999999999995,4.76,4.802,411198.85,85622.39,527
1553990400,3/31/2019,ETC/USD,4.774,4.829,4.74,4.82,146230.25,30522.06,528
1553904000,3/30/2019,ETC/USD,4.86,4.9,4.703,4.774,341145.89,71123.32,529
1553817600,3/29/2019,ETC/USD,4.694,4.95,4.69,4.86,558630.54,115913.87,530
1553731200,3/28/2019,ETC/USD,4.79,4.79,4.683,4.694,217424.8,46065.29,531
1553644800,3/27/2019,ETC/USD,4.63,4.81,4.62,4.79,400029.64,84250.77,532
1553558400,3/26/2019,ETC/USD,4.66,4.68,4.551,4.63,315251.16,68383.96,533
1553472000,3/25/2019,ETC/USD,4.8,4.809,4.56,4.66,364848.25,77902.13,534
1553385600,3/24/2019,ETC/USD,4.849,4.85,4.72,4.8,211041.43,44216.51,535
1553299200,3/23/2019,ETC/USD,4.85,4.87,4.77,4.849,251696.92,52150.14,536
1553212800,3/22/2019,ETC/USD,4.73,4.96,4.73,4.85,781228.11,160805.64,537
1553126400,3/21/2019,ETC/USD,4.64,4.87,4.46,4.73,1641152.23,347687.01,538
1553040000,3/20/2019,ETC/USD,4.59,4.69,4.46,4.64,510872.52,111402.88,539
1552953600,3/19/2019,ETC/USD,4.38,4.62,4.34,4.59,716310.61,158476.3,540
1552867200,3/18/2019,ETC/USD,4.41,4.47,4.3,4.38,331419.37,75604.67,541
1552780800,3/17/2019,ETC/USD,4.48,4.48,4.35,4.41,263527.71,59838.07,542
1552694400,3/16/2019,ETC/USD,4.38,4.59,4.38,4.48,598120.82,132941.13,543
1552608000,3/15/2019,ETC/USD,4.26,4.41,4.26,4.38,280994.76,64555.04,544
1552521600,3/14/2019,ETC/USD,4.19,4.32,4.16,4.26,333790.73,78697.05,545
1552435200,3/13/2019,ETC/USD,4.25,4.27,4.16,4.19,188432.88,44690.08,546
1552348800,3/12/2019,ETC/USD,4.36,4.37,4.21,4.25,365793.91,85911.49,547
1552262400,3/11/2019,ETC/USD,4.39,4.46,4.27,4.36,239292.06,55044.01,548
1552176000,3/10/2019,ETC/USD,4.5,4.52,4.22,4.39,290946.84,66434.83,549
1552089600,3/9/2019,ETC/USD,4.45,4.6,4.4,4.5,143840.53,31869.74,550
1552003200,3/8/2019,ETC/USD,4.45,4.54,4.36,4.45,228256.68,51329.99,551
1551916800,3/7/2019,ETC/USD,4.52,4.56,4.38,4.45,217993.29,48453.99,552
1551830400,3/6/2019,ETC/USD,4.4,4.59,4.36,4.52,211826.06,47223.96,553
1551744000,3/5/2019,ETC/USD,4.33,4.61,4.32,4.4,233426.8,52035.74,554
1551657600,3/4/2019,ETC/USD,4.5,4.53,4.28,4.33,166576.27,38078.17,555
1551571200,3/3/2019,ETC/USD,4.53,4.59,4.46,4.5,103158.17,22761.09,556
1551484800,3/2/2019,ETC/USD,4.58,4.61,4.51,4.53,92891.34,20344.53,557
1551398400,3/1/2019,ETC/USD,4.55,4.64,4.51,4.58,152885.33,33481.43,558
1551312000,2/28/2019,ETC/USD,4.58,4.7,4.52,4.55,136602.4,29576.82,559
1551225600,2/27/2019,ETC/USD,4.63,4.67,4.48,4.58,149982.64,32567.99,560
1551139200,2/26/2019,ETC/USD,4.63,4.7,4.54,4.63,155794.05,33635.97,561
1551052800,2/25/2019,ETC/USD,4.74,4.85,4.56,4.63,235343.27,50132.62,562
1550966400,2/24/2019,ETC/USD,4.85,5.08,4.46,4.74,818548.93,168420.48,563
1550880000,2/23/2019,ETC/USD,4.69,4.88,4.6,4.85,547131.19,114968.54,564
1550793600,2/22/2019,ETC/USD,4.47,4.77,4.46,4.69,438028.02,94434.5,565
1550707200,2/21/2019,ETC/USD,4.64,4.65,4.4,4.47,324815.03,71736.28,566
1550620800,2/20/2019,ETC/USD,4.57,4.75,4.44,4.64,462381.26,100831.38,567
1550534400,2/19/2019,ETC/USD,4.38,4.83,4.37,4.57,880297.78,190235.78,568
1550448000,2/18/2019,ETC/USD,4.16,4.46,4.13,4.38,727470.06,168812.31,569
1550361600,2/17/2019,ETC/USD,4.12,4.17,4.06,4.16,270990.0,65957.51,570
1550275200,2/16/2019,ETC/USD,4.07,4.21,4.07,4.12,150567.87,36336.26,571
1550188800,2/15/2019,ETC/USD,4.1,4.2,4.04,4.07,211415.63,51773.75,572
1550102400,2/14/2019,ETC/USD,4.08,4.14,4.02,4.1,165814.51,40403.31,573
1550016000,2/13/2019,ETC/USD,4.06,4.13,4.03,4.08,122378.14,29998.95,574
1549929600,2/12/2019,ETC/USD,4.02,4.15,3.98,4.06,283657.6,69803.01,575
1549843200,2/11/2019,ETC/USD,4.16,4.16,3.97,4.02,252422.74,62515.01,576
1549756800,2/10/2019,ETC/USD,4.06,4.17,3.97,4.16,235813.5,58453.44,577
1549670400,2/9/2019,ETC/USD,4.08,4.11,3.98,4.06,255574.75,62884.26,578
1549584000,2/8/2019,ETC/USD,3.79,4.24,3.79,4.08,624613.49,154543.4,579
1549497600,2/7/2019,ETC/USD,3.7,3.83,3.7,3.79,142590.22,37724.78,580
1549411200,2/6/2019,ETC/USD,3.84,3.84,3.63,3.7,328704.27,88590.2,581
1549324800,2/5/2019,ETC/USD,3.83,3.85,3.81,3.84,114604.82,29900.46,582
1549238400,2/4/2019,ETC/USD,3.85,3.87,3.82,3.83,110973.65,28853.06,583
1549152000,2/3/2019,ETC/USD,3.95,3.95,3.82,3.85,168576.84,43537.96,584
1549065600,2/2/2019,ETC/USD,3.89,3.95,3.85,3.95,139548.42,35948.08,585
1548979200,2/1/2019,ETC/USD,3.9,3.93,3.82,3.89,201874.35,51986.48,586
1548892800,1/31/2019,ETC/USD,3.95,4.03,3.87,3.9,224949.48,57129.19,587
1548806400,1/30/2019,ETC/USD,3.89,4.01,3.84,3.95,399830.71,101976.13,588
1548720000,1/29/2019,ETC/USD,3.96,4.07,3.88,3.89,260765.05,65910.77,589
1548633600,1/28/2019,ETC/USD,4.32,4.32,3.79,3.96,900944.36,227248.19,590
1548547200,1/27/2019,ETC/USD,4.36,4.36,4.32,4.32,94625.21,21810.68,591
1548460800,1/26/2019,ETC/USD,4.36,4.4,4.32,4.36,151672.56,34870.7,592
1548374400,1/25/2019,ETC/USD,4.39,4.39,4.33,4.36,152347.83,34879.81,593
1548288000,1/24/2019,ETC/USD,4.35,4.39,4.34,4.39,124211.06,28511.97,594
1548201600,1/23/2019,ETC/USD,4.39,4.5,4.34,4.35,188316.54,42776.43,595
1548115200,1/22/2019,ETC/USD,4.37,4.46,4.31,4.39,179074.17,40766.24,596
1548028800,1/21/2019,ETC/USD,4.39,4.44,4.32,4.37,114960.96,26135.07,597
1547942400,1/20/2019,ETC/USD,4.46,4.5,4.32,4.39,169393.85,38332.12,598
1547856000,1/19/2019,ETC/USD,4.45,4.59,4.44,4.46,157615.84,34916.39,599
1547769600,1/18/2019,ETC/USD,4.49,4.5,4.42,4.45,117095.14,26220.93,600
1547683200,1/17/2019,ETC/USD,4.46,4.55,4.43,4.49,133784.44,29863.52,601
1547596800,1/16/2019,ETC/USD,4.4,4.58,4.4,4.46,160202.91,35809.76,602
1547510400,1/15/2019,ETC/USD,4.5,4.59,4.3,4.4,226118.37,50591.02,603
1547424000,1/14/2019,ETC/USD,4.35,4.62,4.3,4.5,294195.73,65899.22,604
1547337600,1/13/2019,ETC/USD,4.57,4.66,4.3,4.35,277558.37,62028.55,605
1547251200,1/12/2019,ETC/USD,4.63,4.84,4.42,4.57,362305.8,78524.71,606
1547164800,1/11/2019,ETC/USD,4.57,4.89,4.38,4.63,478614.46,102749.19,607
1547078400,1/10/2019,ETC/USD,4.97,5.03,4.29,4.57,898842.71,193155.98,608
1546992000,1/9/2019,ETC/USD,4.97,5.04,4.92,4.97,582797.25,116985.91,609
1546905600,1/8/2019,ETC/USD,5.01,5.08,4.86,4.97,1036980.5,208514.67,610
1546819200,1/7/2019,ETC/USD,5.45,5.46,4.87,5.01,1273050.57,248625.23,611
1546732800,1/6/2019,ETC/USD,5.11,5.55,5.06,5.45,1116545.45,208829.66,612
1546646400,1/5/2019,ETC/USD,5.23,5.29,5.08,5.11,485467.8,93645.97,613
1546560000,1/4/2019,ETC/USD,5.03,5.3,4.99,5.23,720199.59,140657.18,614
1546473600,1/3/2019,ETC/USD,5.35,5.37,4.98,5.03,893844.65,173859.28,615
1546387200,1/2/2019,ETC/USD,5.25,5.42,5.16,5.35,977279.82,184574.23,616
1546300800,1/1/2019,ETC/USD,4.97,5.25,4.93,5.25,830997.08,163933.35,617
1546214400,12/31/2018,ETC/USD,5.25,5.28,4.88,4.97,675537.33,133657.76,618
1546128000,12/30/2018,ETC/USD,5.09,5.31,4.98,5.25,581285.02,112644.17,619
1546041600,12/29/2018,ETC/USD,5.23,5.4,4.99,5.09,970488.33,184304.56,620
1545955200,12/28/2018,ETC/USD,4.75,5.44,4.65,5.23,1348441.73,264313.47,621
1545868800,12/27/2018,ETC/USD,5.47,5.71,4.64,4.75,2860866.27,546784.73,622
1545782400,12/26/2018,ETC/USD,4.69,5.53,4.64,5.47,2074863.69,403358.26,623
1545696000,12/25/2018,ETC/USD,5.11,5.11,4.45,4.69,1131744.49,242460.9,624
1545609600,12/24/2018,ETC/USD,4.87,5.52,4.86,5.11,2392789.68,457471.82,625
1545523200,12/23/2018,ETC/USD,4.65,4.95,4.61,4.87,1074945.23,222428.24,626
1545436800,12/22/2018,ETC/USD,4.47,4.68,4.26,4.65,577283.85,128931.35,627
1545350400,12/21/2018,ETC/USD,4.74,4.85,4.45,4.47,1273658.59,274036.98,628
1545264000,12/20/2018,ETC/USD,4.33,4.93,4.32,4.74,1891542.82,405638.42,629
1545177600,12/19/2018,ETC/USD,4.17,4.75,4.12,4.33,2049598.99,464716.46,630
1545091200,12/18/2018,ETC/USD,3.95,4.24,3.77,4.17,1147254.86,285413.8,631
1545004800,12/17/2018,ETC/USD,3.57,4.1,3.56,3.95,982898.11,255113.87,632
1544918400,12/16/2018,ETC/USD,3.56,3.75,3.54,3.57,515127.61,140961.08,633
1544832000,12/15/2018,ETC/USD,3.68,3.69,3.47,3.56,437028.38,122540.62,634
1544745600,12/14/2018,ETC/USD,3.82,3.83,3.56,3.68,825664.41,224324.13,635
1544659200,12/13/2018,ETC/USD,3.85,3.91,3.69,3.82,570492.37,149711.35,636
1544572800,12/12/2018,ETC/USD,3.67,3.93,3.59,3.85,636945.4,169646.73,637
1544486400,12/11/2018,ETC/USD,3.82,4.05,3.59,3.67,877777.6,230302.62,638
1544400000,12/10/2018,ETC/USD,3.9,4.08,3.67,3.82,871556.81,227328.87,639
1544313600,12/9/2018,ETC/USD,3.8,4.24,3.74,3.9,1328274.66,335212.71,640
1544227200,12/8/2018,ETC/USD,3.82,3.99,3.48,3.8,1555426.23,413205.55,641
1544140800,12/7/2018,ETC/USD,3.45,3.98,3.21,3.82,2263431.04,639799.94,642
1544054400,12/6/2018,ETC/USD,3.97,4.17,3.36,3.45,1557235.13,406262.85,643
1543968000,12/5/2018,ETC/USD,4.34,4.44,3.93,3.97,1418187.81,341247.62,644
1543881600,12/4/2018,ETC/USD,4.46,4.73,4.29,4.34,1701265.39,377385.99,645
1543795200,12/3/2018,ETC/USD,5.09,5.16,4.41,4.46,1508479.15,321267.03,646
1543708800,12/2/2018,ETC/USD,4.8,5.28,4.76,5.09,1195034.04,236077.47,647
1543622400,12/1/2018,ETC/USD,4.56,4.93,4.42,4.8,660311.48,140689.26,648
1543536000,11/30/2018,ETC/USD,4.86,4.97,4.43,4.56,956730.68,204263.2,649
1543449600,11/29/2018,ETC/USD,4.97,5.05,4.75,4.86,1233380.31,253848.37,650
1543363200,11/28/2018,ETC/USD,4.47,5.1,4.46,4.97,2264027.56,469169.32,651
1543276800,11/27/2018,ETC/USD,4.24,4.6,4.1,4.47,1124238.28,260131.25,652
1543190400,11/26/2018,ETC/USD,4.68,4.81,4.07,4.24,1884141.85,430907.39,653
1543104000,11/25/2018,ETC/USD,4.66,4.86,4.1,4.68,2133928.11,481044.91,654
1543017600,11/24/2018,ETC/USD,5.12,5.28,4.07,4.66,1463787.29,306819.05,655
1542931200,11/23/2018,ETC/USD,5.18,5.29,4.88,5.12,1556869.49,308582.48,656
1542844800,11/22/2018,ETC/USD,5.68,5.76,5.14,5.18,801826.23,143304.82,657
1542758400,11/21/2018,ETC/USD,5.38,5.82,5.19,5.68,1695743.2,307245.48,658
1542672000,11/20/2018,ETC/USD,6.06,6.35,4.96,5.38,4110340.07,732995.62,659
1542585600,11/19/2018,ETC/USD,7.4,7.4,5.99,6.06,3146504.51,490703.8,660
1542499200,11/18/2018,ETC/USD,7.32,7.55,7.3,7.4,608631.72,81851.81,661
1542412800,11/17/2018,ETC/USD,7.38,7.45,7.28,7.32,458679.1,62485.86,662
1542326400,11/16/2018,ETC/USD,7.65,7.69,7.27,7.38,712253.36,95045.23,663
1542240000,11/15/2018,ETC/USD,7.84,8.05,6.93,7.65,3406083.04,448391.87,664
1542153600,11/14/2018,ETC/USD,8.9,9.17,6.75,7.84,5093177.58,650910.64,665
1542067200,11/13/2018,ETC/USD,9.07,9.09,8.85,8.9,589214.45,65709.78,666
1541980800,11/12/2018,ETC/USD,9.16,9.25,9.05,9.07,394385.27,43049.02,667
1541894400,11/11/2018,ETC/USD,9.41,9.41,8.93,9.16,650278.03,71463.44,668
1541808000,11/10/2018,ETC/USD,9.41,9.47,9.4,9.41,246538.9,26112.34,669
1541721600,11/9/2018,ETC/USD,9.41,9.57,9.34,9.41,532486.21,56396.02,670
1541635200,11/8/2018,ETC/USD,9.61,9.62,9.31,9.41,628917.47,66453.91,671
1541548800,11/7/2018,ETC/USD,9.97,9.98,9.47,9.61,1229448.18,126865.95,672
1541462400,11/6/2018,ETC/USD,9.4,9.99,9.36,9.97,1808682.64,187006.42,673
1541376000,11/5/2018,ETC/USD,9.43,9.45,9.18,9.4,1096580.01,117590.6,674
1541289600,11/4/2018,ETC/USD,9.07,9.6,9.03,9.43,1467656.85,156805.19,675
1541203200,11/3/2018,ETC/USD,9.08,9.13,9.01,9.07,579261.77,63844.55,676
1541116800,11/2/2018,ETC/USD,9.03,9.16,8.97,9.08,822156.12,90552.59,677
1541030400,11/1/2018,ETC/USD,9.0,9.04,8.92,9.03,602236.22,67086.79,678
1540944000,10/31/2018,ETC/USD,8.97,9.09,8.73,9.0,999112.31,111586.91,679
1540857600,10/30/2018,ETC/USD,9.0,9.12,8.82,8.97,928201.11,103709.98,680
1540771200,10/29/2018,ETC/USD,9.52,9.63,8.83,9.0,1638286.75,179782.19,681
1540684800,10/28/2018,ETC/USD,9.55,9.59,9.45,9.52,587773.66,61771.85,682
1540598400,10/27/2018,ETC/USD,9.54,9.65,9.46,9.55,686235.67,71882.6,683
1540512000,10/26/2018,ETC/USD,9.57,9.63,9.42,9.54,697338.15,73105.87,684
1540425600,10/25/2018,ETC/USD,9.62,9.65,9.52,9.57,494064.53,51697.58,685
1540339200,10/24/2018,ETC/USD,9.71,9.79,9.61,9.62,762519.22,78603.75,686
1540252800,10/23/2018,ETC/USD,9.9,10.06,9.6,9.71,1071060.93,109328.98,687
1540166400,10/22/2018,ETC/USD,9.5,10.1,9.48,9.9,1748557.38,177445.16,688
1540080000,10/21/2018,ETC/USD,9.55,9.63,9.48,9.5,772941.79,80870.52,689
1539993600,10/20/2018,ETC/USD,9.5,9.58,9.47,9.55,447500.04,46981.24,690
1539907200,10/19/2018,ETC/USD,9.48,9.57,9.37,9.5,657262.73,69359.1,691
1539820800,10/18/2018,ETC/USD,9.67,9.71,9.41,9.48,875628.55,91673.9,692
1539734400,10/17/2018,ETC/USD,9.55,9.88,9.4,9.67,1596851.87,167043.61,693
1539648000,10/16/2018,ETC/USD,9.55,9.65,9.47,9.55,830063.22,87082.78,694
1539561600,10/15/2018,ETC/USD,9.27,10.12,9.18,9.55,3016119.08,316380.29,695
1539475200,10/14/2018,ETC/USD,9.45,9.62,9.18,9.27,702576.04,74266.34,696
1539388800,10/13/2018,ETC/USD,9.44,9.54,9.36,9.45,836985.52,88658.82,697
1539302400,10/12/2018,ETC/USD,9.06,9.63,8.98,9.44,2175987.78,233424.53,698
1539216000,10/11/2018,ETC/USD,10.77,10.77,8.89,9.06,5208746.66,531631.52,699
1539129600,10/10/2018,ETC/USD,10.85,10.85,10.67,10.77,848364.3,78950.02,700
1539043200,10/9/2018,ETC/USD,10.9,10.91,10.8,10.85,637776.34,58740.49,701
1538956800,10/8/2018,ETC/USD,10.89,10.98,10.82,10.9,821690.51,75263.32,702
1538870400,10/7/2018,ETC/USD,10.92,10.93,10.68,10.89,776776.96,71781.52,703
1538784000,10/6/2018,ETC/USD,11.05,11.05,10.81,10.92,1014258.07,92880.77,704
1538697600,10/5/2018,ETC/USD,11.01,11.07,10.93,11.05,926298.55,84267.27,705
1538611200,10/4/2018,ETC/USD,11.05,11.21,10.98,11.01,943346.05,85213.15,706
1538524800,10/3/2018,ETC/USD,11.1,11.12,10.85,11.05,1223028.02,111422.12,707
1538438400,10/2/2018,ETC/USD,11.21,11.31,11.07,11.1,1272789.53,113737.15,708
1538352000,10/1/2018,ETC/USD,11.29,11.33,11.07,11.21,1186073.59,105813.01,709
1538265600,9/30/2018,ETC/USD,11.36,11.4,11.12,11.29,1132378.38,100304.11,710
1538179200,9/29/2018,ETC/USD,11.21,11.42,11.01,11.36,1550276.93,137790.27,711
1538092800,9/28/2018,ETC/USD,11.41,11.55,11.09,11.21,1916913.31,169298.32,712
1538006400,9/27/2018,ETC/USD,10.97,11.55,10.78,11.41,3713501.99,331136.58,713
1537920000,9/26/2018,ETC/USD,11.09,11.29,10.82,10.97,2867850.18,259776.53,714
1537833600,9/25/2018,ETC/USD,11.05,11.35,10.42,11.09,3956866.17,364908.35,715
1537747200,9/24/2018,ETC/USD,11.59,11.59,11.0,11.05,1955753.19,173828.08,716
1537660800,9/23/2018,ETC/USD,11.43,11.73,11.38,11.59,1918787.24,166273.08,717
1537574400,9/22/2018,ETC/USD,11.69,11.83,11.2,11.43,2575808.49,223798.33,718
1537488000,9/21/2018,ETC/USD,11.12,11.81,11.01,11.69,4912550.05,430199.49,719
1537401600,9/20/2018,ETC/USD,10.76,11.24,10.61,11.12,2817027.85,259641.11,720
1537315200,9/19/2018,ETC/USD,10.59,11.21,10.29,10.76,2992119.21,280926.71,721
1537228800,9/18/2018,ETC/USD,10.29,10.79,10.23,10.59,2384007.38,226659.58,722
1537142400,9/17/2018,ETC/USD,11.23,11.32,10.02,10.29,3603400.72,340347.63,723
1537056000,9/16/2018,ETC/USD,11.32,11.32,10.97,11.23,1294248.33,116132.98,724
1536969600,9/15/2018,ETC/USD,10.97,11.58,10.95,11.32,2037289.52,180545.91,725
1536883200,9/14/2018,ETC/USD,11.12,11.39,10.9,10.97,2751864.64,247557.53,726
1536796800,9/13/2018,ETC/USD,10.68,11.33,10.68,11.12,3832611.79,347666.9,727
1536710400,9/12/2018,ETC/USD,11.23,11.25,10.1,10.68,4425039.03,421369.46,728
1536624000,9/11/2018,ETC/USD,11.32,11.49,10.86,11.23,2520919.35,225106.1,729
1536537600,9/10/2018,ETC/USD,11.22,11.5,10.93,11.32,2545046.12,227275.98,730
1536451200,9/9/2018,ETC/USD,10.99,11.72,10.85,11.22,3319804.01,291332.85,731
1536364800,9/8/2018,ETC/USD,11.61,11.8,10.69,10.99,3165852.53,284643.75,732
1536278400,9/7/2018,ETC/USD,12.04,12.29,11.43,11.61,3425518.62,289559.82,733
1536192000,9/6/2018,ETC/USD,11.8,12.08,11.04,12.04,6079118.51,528362.03,734
1536105600,9/5/2018,ETC/USD,13.98,14.09,11.7,11.8,7101200.1,563976.27,735
1536019200,9/4/2018,ETC/USD,14.1,14.24,13.74,13.98,3034959.05,216464.85,736
1535932800,9/3/2018,ETC/USD,13.34,14.49,13.34,14.1,6947621.13,493049.09,737
1535846400,9/2/2018,ETC/USD,13.17,13.35,13.0,13.34,2231474.49,169270.73,738
1535760000,9/1/2018,ETC/USD,12.76,13.39,12.72,13.17,3362018.26,255541.11,739
1535673600,8/31/2018,ETC/USD,12.84,12.92,12.52,12.76,2445473.58,192292.56,740
1535587200,8/30/2018,ETC/USD,13.01,13.04,12.44,12.84,2585208.69,203924.72,741
1535500800,8/29/2018,ETC/USD,13.24,13.3,12.81,13.01,3476235.94,265777.16,742
1535414400,8/28/2018,ETC/USD,12.69,13.38,12.64,13.24,5205041.88,400662.69,743
1535328000,8/27/2018,ETC/USD,12.47,12.71,12.3,12.69,3909725.55,313267.23,744
1535241600,8/26/2018,ETC/USD,12.54,12.65,12.09,12.47,2656404.08,214403.4,745
1535155200,8/25/2018,ETC/USD,12.57,12.83,12.45,12.54,2492068.88,197864.84,746
1535068800,8/24/2018,ETC/USD,12.52,12.58,12.3,12.57,2841495.49,228315.24,747
1534982400,8/23/2018,ETC/USD,12.22,12.63,12.1,12.52,3287797.52,266558.2,748
1534896000,8/22/2018,ETC/USD,13.16,13.18,11.81,12.22,5951231.88,476576.63,749
