Date, Open, High, Low, Close
11/30/2020,12224.25,12244.65,12027.16,12198.74
11/27/2020,12159.18,12236.23,12154.57,12205.85
11/25/2020,12053.89,12114.77,12020.95,12094.4
11/24/2020,11939.33,12049.88,11863.45,12036.79
11/23/2020,11916.76,11949.33,11796.53,11880.63
11/20/2020,11892.7,11935.47,11852.51,11854.97
11/19/2020,11779.03,11912.63,11760.98,11904.71
11/18/2020,11896.06,11942.49,11799.96,11801.6
11/17/2020,11913.35,11950.18,11852.41,11899.34
11/16/2020,11847.11,11937.72,11814.89,11924.13
11/13/2020,11794.94,11849.78,11715.52,11829.29
11/12/2020,11802.5,11847.84,11666.38,11709.59
11/11/2020,11656.65,11793.57,11638.9,11786.43
11/10/2020,11622.44,11665.87,11424.61,11553.86
11/9/2020,12046.66,12108.07,11703.49,11713.78
11/6/2020,11869.9,11920.53,11737.13,11895.23
11/5/2020,11816.33,11924.28,11784.15,11890.93
11/4/2020,11443.77,11663.31,11394.21,11590.78
11/3/2020,11038.66,11213.92,11004.84,11160.57
11/2/2020,11010.45,11071.08,10830.94,10957.61
10/30/2020,11103.47,11129.81,10822.57,10911.59
10/29/2020,11064.47,11287.63,11030.19,11185.59
10/28/2020,11230.9,11249.94,10999.07,11004.87
10/27/2020,11409.34,11465.06,11361.86,11431.35
10/26/2020,11440.64,11545.63,11221.06,11358.94
10/23/2020,11536,11548.85,11434.86,11548.28
10/22/2020,11526.98,11548.77,11369.29,11506.01
10/21/2020,11530.39,11613.79,11476.08,11484.69
10/20/2020,11531.83,11632.89,11471.23,11516.49
10/19/2020,11732.34,11778.1,11454.57,11478.88
10/16/2020,11761.83,11827.42,11648.53,11671.56
10/15/2020,11559.88,11740.68,11559.1,11713.87
10/14/2020,11889.07,11939.92,11714.35,11768.73
10/13/2020,11901.76,11946.98,11821.83,11863.9
10/12/2020,11732.33,11965.54,11704.13,11876.26
10/9/2020,11487.6,11581.23,11476.66,11579.94
10/8/2020,11443.35,11448.23,11384.33,11420.98
10/7/2020,11271.68,11380.56,11258.35,11364.6
10/6/2020,11314.53,11392.41,11124.44,11154.6
10/5/2020,11169.1,11335.21,11162.52,11332.49
10/2/2020,11082.53,11244.87,11033.69,11075.02
10/1/2020,11291.99,11344.13,11240.53,11326.51
9/30/2020,11092.9,11277.97,11092.9,11167.51
9/29/2020,11109,11153.23,11065.63,11085.25
9/28/2020,11084.38,11120.79,11019.14,11117.53
9/25/2020,10680.46,10939.55,10639.98,10913.56
9/24/2020,10551.02,10799.56,10520.22,10672.27
9/23/2020,10950.83,10962.02,10612.91,10632.99
9/22/2020,10873.3,10979.65,10737.52,10963.64
9/21/2020,10610.14,10782.74,10519.49,10778.8
9/18/2020,10973.45,10977.68,10639.95,10793.28
9/17/2020,10796.05,10974.45,10783.81,10910.28
9/16/2020,11222.08,11245.41,11046.43,11050.47
9/15/2020,11193.96,11244.46,11127.98,11190.32
9/14/2020,11010.14,11118.28,10982.26,11056.65
9/11/2020,11010.07,11033.04,10728.03,10853.55
9/10/2020,11235.53,11299.53,10875.02,10919.59
9/9/2020,11064.76,11217.69,10970.44,11141.56
9/8/2020,10900.69,11131.5,10837.19,10847.69
9/4/2020,11396.24,11531.18,10875.87,11313.13
9/3/2020,11861.9,11894.4,11361.35,11458.1
9/2/2020,12047.26,12074.07,11836.18,12056.44
9/1/2020,11850.96,11945.72,11794.78,11939.67
8/31/2020,11718.81,11829.84,11697.41,11775.46
8/28/2020,11689.28,11708.77,11634.77,11695.63
8/27/2020,11688.19,11730.02,11551.01,11625.34
8/26/2020,11516.62,11672.05,11507.46,11665.06
8/25/2020,11370.23,11468.26,11343.04,11466.47
8/24/2020,11449.25,11462.05,11297.53,11379.72
8/21/2020,11258.44,11326.22,11245.44,11311.8
8/20/2020,11096.4,11283.62,11090.03,11264.95
8/19/2020,11214.8,11257.42,11132.1,11146.46
8/18/2020,11170.75,11230.61,11103.83,11210.84
8/17/2020,11083.25,11144.53,11080.3,11129.73
8/14/2020,11042.24,11058.44,10972.06,11019.3
8/13/2020,11026.86,11124.85,11007.5,11042.5
8/12/2020,10878.11,11036.72,10877.16,11012.24
8/11/2020,10942.66,10989.42,10762.71,10782.82
8/10/2020,11033.73,11040.24,10849.46,10968.36
8/7/2020,11072.53,11126.04,10920.37,11010.98
8/6/2020,10989.98,11121.19,10963.41,11108.07
8/5/2020,10967.87,11002.1,10943.72,10998.4
8/4/2020,10897.89,10941.91,10852.9,10941.17
8/3/2020,10848.64,10927.56,10831.15,10902.8
7/31/2020,10741.47,10747.81,10557.7,10745.27
7/30/2020,10450.12,10609.59,10412.09,10587.81
7/29/2020,10474.7,10567.91,10464,10542.94
7/28/2020,10509.2,10523.64,10397.88,10402.09
7/27/2020,10421.7,10546.43,10399.86,10536.27
7/24/2020,10294.41,10418.75,10217.31,10363.18
7/23/2020,10689.5,10728.12,10407.88,10461.42
7/22/2020,10687.58,10745.32,10627.45,10706.13
7/21/2020,10837.88,10839.93,10650.47,10680.36
7/20/2020,10526.02,10783.8,10488.04,10767.09
7/17/2020,10500.52,10532.62,10421.21,10503.19
7/16/2020,10443.87,10499.79,10364.4,10473.83
7/15/2020,10576.72,10604.67,10420.54,10550.49
7/14/2020,10310.25,10497.84,10182.46,10488.58
7/13/2020,10729.92,10824.78,10368.04,10390.84
7/10/2020,10545.91,10622.35,10447.01,10617.44
7/9/2020,10563.72,10578.1,10379.91,10547.75
7/8/2020,10409.35,10494.63,10350.96,10492.5
7/7/2020,10412.46,10518.98,10337.98,10343.89
7/6/2020,10360.38,10462.05,10354.98,10433.65
7/2/2020,10268.67,10310.36,10194.06,10207.63
7/1/2020,10063.67,10197.19,10048.04,10154.63
6/30/2020,9875.28,10085.59,9863.67,10058.77
6/29/2020,9771.72,9877.34,9663.61,9874.15
6/26/2020,9995.12,10000.67,9749.07,9757.22
6/25/2020,9899.36,10023.28,9810.47,10017
6/24/2020,10092.92,10137.5,9842.22,9909.17
6/23/2020,10130.83,10221.85,10112.44,10131.37
6/22/2020,9945.49,10059.6,9916.6,10056.47
6/19/2020,10042.13,10053.91,9872.94,9946.12
6/18/2020,9892.48,9959.2,9885.66,9943.05
6/17/2020,9943.31,9991.21,9891.81,9910.53
6/16/2020,9949.78,9963.63,9748.38,9895.87
6/15/2020,9426.9,9756.07,9403,9726.02
6/12/2020,9715.87,9768.64,9413.63,9588.81
6/11/2020,9791.24,9868.08,9491.31,9492.73
6/10/2020,10012.32,10086.89,9962.58,10020.35
6/9/2020,9867.19,10002.5,9863.27,9953.75
6/8/2020,9823.44,9927.13,9780.61,9924.74
6/5/2020,9703.54,9845.69,9685.35,9814.08
6/4/2020,9649.65,9716.14,9560.41,9615.81
6/3/2020,9651.86,9707.78,9627.18,9682.91
6/2/2020,9566.53,9611.22,9472.09,9608.37
6/1/2020,9471.42,9571.28,9462.32,9552.05
5/29/2020,9382.35,9505.55,9324.73,9489.87
5/28/2020,9392.99,9523.65,9345.28,9368.99
5/27/2020,9346.12,9414.62,9144.28,9412.36
5/26/2020,9501.21,9501.21,9333.16,9340.22
5/22/2020,9278.55,9328.28,9239.41,9324.59
5/21/2020,9375.19,9405.25,9254.85,9284.88
5/20/2020,9305.62,9392.82,9304.2,9375.78
5/19/2020,9227.46,9317.25,9183.25,9185.1
5/18/2020,9177.15,9267.22,9154.35,9234.83
5/15/2020,8839.99,9018.4,8821.38,9014.56
5/14/2020,8788.04,8945.72,8705.25,8943.72
5/13/2020,9006.05,9074.16,8752.68,8863.17
5/12/2020,9225.15,9250.96,9000.07,9002.55
5/11/2020,9054.91,9241.92,9053.18,9192.34
5/8/2020,9056.89,9125.98,9018.21,9121.32
5/7/2020,8973.78,9015.99,8932.85,8979.66
5/6/2020,8874.7,8933.25,8819.37,8854.39
5/5/2020,8809.66,8909.97,8781.31,8809.12
5/4/2020,8555.32,8715.82,8537.83,8710.71
5/1/2020,8681.29,8754.46,8566.84,8604.95
4/30/2020,8911.01,8926.1,8825.84,8889.55
4/29/2020,8802.7,8957.27,8765.01,8914.71
4/28/2020,8825.68,8830.57,8600.7,8607.73
4/27/2020,8717.98,8754.57,8697.37,8730.16
4/24/2020,8530.08,8642.93,8464.43,8634.52
4/23/2020,8528.84,8635.22,8475.2,8494.75
4/22/2020,8434.55,8537.31,8404.54,8495.38
4/21/2020,8460.69,8480.29,8215.69,8263.23
4/20/2020,8553.38,8684.91,8553.38,8560.73
4/17/2020,8667.48,8670.31,8531.69,8650.14
4/16/2020,8479.11,8560.16,8393.27,8532.36
4/15/2020,8355.96,8464.66,8308.79,8393.18
4/14/2020,8353.21,8531.11,8338.09,8515.74
4/13/2020,8127.69,8200.44,8035.94,8192.42
4/9/2020,8169.01,8227.91,8072.32,8153.58
4/8/2020,7975.72,8114.43,7901.94,8090.9
4/7/2020,8129.99,8146.43,7881.22,7887.26
4/6/2020,7660.17,7938.33,7617.78,7913.24
4/3/2020,7477.27,7518.72,7288.11,7373.08
4/2/2020,7317.45,7501.7,7307.94,7487.31
4/1/2020,7459.5,7566.37,7301.98,7360.58
3/31/2020,7740.06,7880.31,7642.86,7700.1
3/30/2020,7583.46,7784.35,7539.97,7774.15
3/27/2020,7554.25,7716.24,7491.14,7502.38
3/26/2020,7462.21,7809.82,7462.21,7797.54
3/25/2020,7421.36,7671.21,7276.4,7384.3
3/24/2020,7196.15,7418.38,7169.86,7417.86
3/23/2020,6847.28,6984.94,6631.42,6860.67
3/20/2020,7248.07,7354.44,6854.67,6879.52
3/19/2020,6996.45,7341.38,6858.38,7150.58
3/18/2020,6902.32,7182.83,6686.35,6989.84
3/17/2020,7072,7406.23,6828.91,7334.78
3/16/2020,7392.73,7422.2,6882.86,6904.59
3/13/2020,7610.39,7875.93,7219.09,7874.88
3/12/2020,7398.58,7712.33,7194.67,7201.8
3/11/2020,8136.25,8181.36,7850.94,7952.05
3/10/2020,8219.76,8347.4,7930.43,8344.25
3/9/2020,7957.93,8243.31,7943.16,7950.68
3/6/2020,8469.01,8612.36,8375.13,8575.62
3/5/2020,8790.09,8921.08,8677.39,8738.6
3/4/2020,8834.1,9019.96,8757.66,9018.09
3/3/2020,8965.1,9070.32,8602.9,8684.09
3/2/2020,8667.14,8952.81,8543.35,8952.16
2/28/2020,8269.74,8591.82,8264.16,8567.37
2/27/2020,8744.03,8904.11,8562.05,8566.48
2/26/2020,9011.55,9148.32,8927.8,8980.77
2/25/2020,9301.2,9315.25,8940.49,8965.61
2/24/2020,9188.44,9322.88,9166.01,9221.28
2/21/2020,9708.01,9715.94,9542.33,9576.59
2/20/2020,9799.2,9820.86,9636.94,9750.96
2/19/2020,9782.81,9838.37,9777.1,9817.18
2/18/2020,9679.04,9747.68,9675.8,9732.74
2/14/2020,9728.9,9746.36,9693.05,9731.18
2/13/2020,9657.04,9748.32,9650.02,9711.97
2/12/2020,9688.6,9728.77,9666.68,9725.96
2/11/2020,9680.89,9714.74,9617.21,9638.94
2/10/2020,9493.63,9628.66,9493.63,9628.39
2/7/2020,9526.64,9570.09,9496.53,9520.51
2/6/2020,9540.98,9575.66,9505.68,9572.15
2/5/2020,9574.1,9574.93,9454.93,9508.68
2/4/2020,9398.39,9485.38,9374.06,9467.97
2/3/2020,9190.72,9299.85,9188.56,9273.4
1/31/2020,9324.33,9324.8,9123.22,9150.94
1/30/2020,9211.15,9303,9185.18,9298.93
1/29/2020,9318.26,9329.11,9249.03,9275.16
1/28/2020,9201.82,9288.87,9182.33,9269.68
1/27/2020,9092.46,9185.45,9088.04,9139.31
1/24/2020,9446.2,9451.43,9273.23,9314.91
1/23/2020,9377.72,9409.2,9334.13,9402.48
1/22/2020,9413.61,9439.29,9375.13,9383.77
1/21/2020,9361.07,9397.58,9350.2,9370.81
1/17/2020,9392.37,9393.48,9346.81,9388.94
1/16/2020,9313.44,9357.92,9301.32,9357.13
1/15/2020,9253.76,9298.82,9231.14,9258.7
1/14/2020,9270.61,9298.32,9226.48,9251.33
1/13/2020,9213.72,9274.49,9193.06,9273.93
1/10/2020,9232.94,9235.19,9164.66,9178.86
1/9/2020,9202.27,9215.95,9158.5,9203.43
1/8/2020,9068.03,9168.89,9059.38,9129.24
1/7/2020,9076.65,9091.93,9042.56,9068.58
1/6/2020,8943.5,9072.41,8943.5,9071.46
1/3/2020,8976.43,9065.75,8976.43,9020.77
1/2/2020,9039.46,9093.43,9010.89,9092.19
12/31/2019,8918.74,8975.35,8912.77,8972.6
12/30/2019,9004.45,9006.35,8909.19,8945.99
12/27/2019,9049.47,9052,8987.32,9006.62
12/26/2019,8970.21,9022.46,8968.45,9022.39
12/24/2019,8955.01,8957.12,8934.36,8952.88
12/23/2019,8950.2,8956.64,8934.55,8945.65
12/20/2019,8911.84,8931.91,8901.87,8924.96
12/19/2019,8838.97,8888.13,8838.97,8887.22
12/18/2019,8834.65,8848.76,8820.42,8827.73
12/17/2019,8829.47,8831.99,8804.6,8823.36
12/16/2019,8791.31,8833.45,8789.77,8814.23
12/13/2019,8713.91,8768.87,8697.58,8734.88
12/12/2019,8645.36,8745.82,8633.6,8717.32
12/11/2019,8631.12,8658.48,8622.35,8654.05
12/10/2019,8623.56,8650.76,8600.82,8616.18
12/9/2019,8650.86,8678.85,8619.77,8621.83
12/6/2019,8634.25,8665.44,8630.57,8656.53
12/5/2019,8587.93,8588.89,8541.92,8570.7
12/4/2019,8557.44,8584.88,8552.38,8566.67
12/3/2019,8460.72,8523.98,8435.4,8520.64
12/2/2019,8672.84,8672.84,8540.16,8567.99
11/29/2019,8682.01,8697.32,8664.03,8665.47
11/27/2019,8669.59,8705.91,8662.58,8705.18
11/26/2019,8635.4,8659.73,8625.63,8647.93
11/25/2019,8559.65,8633.15,8559.65,8632.49
11/22/2019,8530.54,8535.46,8477.49,8519.88
11/21/2019,8527.87,8530.73,8487.29,8506.21
11/20/2019,8543.57,8578.27,8468.63,8526.73
11/19/2019,8578.02,8589.76,8536.73,8570.66
11/18/2019,8529.16,8559.78,8503.63,8549.94
11/15/2019,8524.48,8540.83,8506.8,8540.83
11/14/2019,8461.06,8485.35,8441.58,8479.02
11/13/2019,8455.02,8496.9,8451.34,8482.1
11/12/2019,8471.07,8514.84,8462.99,8486.09
11/11/2019,8431.26,8467.29,8425.48,8464.28
11/8/2019,8422.67,8475.57,8405.89,8475.31
11/7/2019,8455.11,8483.16,8415.87,8434.52
11/6/2019,8426.57,8426.57,8379.32,8410.63
11/5/2019,8446.62,8457.4,8421.06,8434.68
11/4/2019,8445.5,8451.37,8421.3,8433.2
11/1/2019,8335.05,8386.75,8326.56,8386.4
10/31/2019,8314.38,8321.8,8248.81,8292.36
10/30/2019,8284.28,8315.5,8241.7,8303.98
10/29/2019,8313.35,8319.29,8275.14,8276.85
10/28/2019,8285.77,8335.56,8285.27,8325.99
10/25/2019,8150.59,8249.97,8150.59,8243.12
10/24/2019,8180.04,8187.84,8137.66,8185.8
10/23/2019,8090.24,8122.88,8078.35,8119.79
10/22/2019,8188.12,8194.62,8101.98,8104.3
10/21/2019,8137.42,8164.14,8117.26,8162.99
10/18/2019,8149.85,8157.35,8045.38,8089.54
10/17/2019,8176.91,8183.64,8131.25,8156.85
10/16/2019,8119.81,8146.15,8103.38,8124.18
10/15/2019,8074.85,8166.18,8071.81,8148.71
10/14/2019,8044.35,8069.85,8036.41,8048.65
10/11/2019,8047.34,8115.8,8046.8,8057.04
10/10/2019,7904.56,7982.84,7899.81,7950.78
10/9/2019,7895.96,7930.91,7873.52,7903.74
10/8/2019,7898.27,7921.88,7823.73,7823.78
10/7/2019,7956.41,8013.32,7942.08,7956.29
10/4/2019,7908.44,7986.62,7899.4,7982.47
10/3/2019,7787.02,7872.27,7700,7872.26
10/2/2019,7851.14,7852.7,7744.96,7785.25
10/1/2019,8026.83,8062.5,7906.29,7908.68
9/30/2019,7964.09,8012.16,7949.63,7999.34
9/27/2019,8047.11,8051.83,7890.28,7939.63
9/26/2019,8070.12,8072.11,7991.02,8030.66
9/25/2019,7990.66,8095,7935.57,8077.38
9/24/2019,8147.23,8158.84,7969.66,7993.63
9/23/2019,8106.49,8135.81,8085.34,8112.46
9/20/2019,8184.88,8202.82,8086.16,8117.67
9/19/2019,8193.59,8237.43,8174.32,8182.88
9/18/2019,8174.62,8179.87,8086.22,8177.39
9/17/2019,8148.65,8188.23,8139.82,8186.02
9/16/2019,8121.64,8165.32,8121.25,8153.54
9/13/2019,8190.57,8210.2,8165.47,8176.71
9/12/2019,8206.58,8243.8,8176.73,8194.47
9/11/2019,8091.68,8169.68,8081.56,8169.68
9/10/2019,8049.98,8086.53,8001.68,8084.16
9/9/2019,8130.91,8131.66,8052.34,8087.44
9/6/2019,8125.58,8134.39,8098.52,8103.07
9/5/2019,8061.29,8134.41,8061.29,8116.83
9/4/2019,7949.81,7981.41,7928.94,7976.88
9/3/2019,7906.44,7940.37,7847.32,7874.16
8/30/2019,8015.16,8017.91,7914.74,7962.88
8/29/2019,7945.78,7992.29,7925.83,7973.39
8/28/2019,7798.35,7866.87,7766.67,7856.88
8/27/2019,7908.78,7916.83,7795.18,7826.95
8/26/2019,7829.58,7856.04,7789.05,7853.74
8/23/2019,7943.65,8005.34,7730.77,7751.77
8/22/2019,8038.79,8048.58,7937.13,7991.39
8/21/2019,8017.07,8036.94,7998.5,8020.21
8/20/2019,7989.36,8010.58,7948.09,7948.56
8/19/2019,8006.18,8026.75,7974.36,8002.81
8/16/2019,7828.35,7907.52,7828.35,7895.99
8/15/2019,7790.2,7805.93,7716.55,7766.62
8/14/2019,7877.33,7900.28,7762.87,7773.94
8/13/2019,7852.37,8065.24,7851.59,8016.36
8/12/2019,7907.49,7924.99,7833.79,7863.41
8/9/2019,7997.19,8020.56,7910.35,7959.14
8/8/2019,7921.59,8041.12,7896.15,8039.16
8/7/2019,7747.27,7881.38,7702.42,7862.83
8/6/2019,7804.51,7845.01,7739.57,7833.27
8/5/2019,7823.33,7836.44,7662.9,7726.04
8/2/2019,8056.42,8068.8,7953.67,8004.07
8/1/2019,8190.56,8311.04,8080.52,8111.12
7/31/2019,8290.8,8299.83,8110.02,8175.42
7/30/2019,8231.77,8295.47,8228.02,8273.61
7/29/2019,8325.1,8325.28,8247.38,8293.33
7/26/2019,8294.3,8339.64,8291.12,8330.21
7/25/2019,8294.68,8295.95,8233.4,8238.54
7/24/2019,8227.36,8321.81,8226.5,8321.5
7/23/2019,8242.5,8251.82,8193.89,8251.4
7/22/2019,8171.99,8218.42,8171.54,8204.14
7/19/2019,8241.34,8245.78,8144.63,8146.49
7/18/2019,8151.76,8215.58,8135.12,8207.24
7/17/2019,8224,8230.67,8184.66,8185.21
7/16/2019,8251.66,8259.75,8204.23,8222.8
7/15/2019,8263.18,8264.78,8236.27,8258.19
7/12/2019,8209.2,8245.66,8201.52,8244.14
7/11/2019,8219.28,8226.18,8171.63,8196.04
7/10/2019,8183.19,8228.6,8160.56,8202.53
7/9/2019,8061.41,8146.98,8061.32,8141.73
7/8/2019,8112.91,8112.91,8078.39,8098.38
7/5/2019,8123.28,8171.97,8093.66,8161.79
7/3/2019,8129.57,8170.23,8122.34,8170.23
7/2/2019,8086.65,8109.37,8063.1,8109.09
7/1/2019,8145.85,8150.44,8059.29,8091.16
6/28/2019,7988.76,8010.15,7961.46,8006.24
6/27/2019,7939.36,7976.58,7935.47,7967.76
6/26/2019,7933.93,7974.28,7903.07,7909.97
6/25/2019,8005.27,8007.31,7879.16,7884.72
6/24/2019,8040.58,8047.56,8004.63,8005.7
6/21/2019,8028.69,8073.02,8011.2,8031.71
6/20/2019,8087.45,8088.88,7996.87,8051.34
6/19/2019,7970.26,7998.59,7930.38,7987.32
6/18/2019,7920.98,8005.21,7911.67,7953.88
6/17/2019,7819.43,7865.98,7812.61,7845.02
6/14/2019,7807.19,7819.21,7778.13,7796.66
6/13/2019,7822.56,7848.36,7813.6,7837.13
6/12/2019,7803.13,7819.16,7773.97,7792.72
6/11/2019,7901.04,7909.99,7798.63,7822.57
6/10/2019,7798.87,7895.44,7795.76,7823.17
6/7/2019,7652.97,7767.02,7647.91,7742.1
6/6/2019,7582.24,7634.12,7546.22,7615.55
6/5/2019,7585.68,7589.47,7498.17,7575.48
6/4/2019,7413.94,7529.5,7385.02,7527.12
6/3/2019,7441.22,7457.66,7292.22,7333.02
5/31/2019,7470.95,7506.86,7448.23,7453.15
5/30/2019,7565.46,7595.9,7527.66,7567.72
5/29/2019,7553.02,7581.11,7503.94,7547.31
5/28/2019,7655.66,7693.74,7603.76,7607.35
5/24/2019,7675.57,7694.15,7631.25,7637.01
5/23/2019,7660.72,7665.15,7585.32,7628.28
5/22/2019,7749.81,7786.33,7738.35,7750.84
5/21/2019,7765.57,7804.44,7752.93,7785.72
5/20/2019,7714.06,7747.27,7678.35,7702.38
5/17/2019,7829.03,7918.71,7810.35,7816.28
5/16/2019,7832.58,7946.23,7826.68,7898.05
5/15/2019,7682.8,7838.72,7682.24,7822.15
5/14/2019,7689.66,7776.2,7665.3,7734.49
5/13/2019,7720.07,7760.83,7627.22,7647.02
5/10/2019,7881.31,7949.34,7759.34,7916.94
5/9/2019,7853.21,7929.78,7796.16,7910.59
5/8/2019,7946.24,8004.49,7923.35,7943.32
5/7/2019,8043.52,8070.97,7899.02,7963.76
5/6/2019,7981.85,8135.54,7981.85,8123.29
5/3/2019,8092.88,8164.72,8084.8,8164
5/2/2019,8046.48,8094.06,7976.77,8036.77
5/1/2019,8132.93,8146,8048.23,8049.64
4/30/2019,8104.91,8124.6,8050.55,8095.39
4/29/2019,8147.65,8176.08,8136.41,8149.39
4/26/2019,8100.28,8146.42,8060.9,8133.96
4/25/2019,8150.85,8151.84,8075.41,8106.29
4/24/2019,8122.88,8139.55,8101.7,8102.01
4/23/2019,8026.74,8128.88,8023.81,8120.82
4/22/2019,7969.37,8017.15,7965.9,8015.27
4/18/2019,7998.45,8002.31,7950.97,7998.06
4/17/2019,8044.97,8052.4,7973.38,7996.08
4/16/2019,8000.57,8017.56,7978.81,8000.23
4/15/2019,7987.16,7993.33,7933.57,7976.01
4/12/2019,7984.15,7992.09,7952.61,7984.16
4/11/2019,7975.2,7975.19,7933.41,7947.36
4/10/2019,7922.73,7965.33,7916.91,7964.24
4/9/2019,7924.77,7945.55,7897.6,7909.28
4/8/2019,7924.89,7955.9,7891.85,7953.88
4/5/2019,7914.51,7940.45,7909.14,7938.69
4/4/2019,7894.26,7917.65,7844.97,7891.78
4/3/2019,7891.18,7938.26,7870.9,7895.55
4/2/2019,7824.61,7854.92,7811.28,7848.69
4/1/2019,7800.24,7831.45,7777.09,7828.91
3/29/2019,7726.71,7733.63,7688.51,7729.32
3/28/2019,7660.07,7689.16,7619.82,7669.17
3/27/2019,7702.05,7712.84,7582.09,7643.38
3/26/2019,7700,7738.17,7649.21,7691.52
3/25/2019,7618.98,7662.38,7579.29,7637.54
3/22/2019,7800.25,7817.83,7642.57,7642.67
3/21/2019,7705.43,7850.1,7705.43,7838.96
3/20/2019,7721.95,7779.24,7674.04,7728.97
3/19/2019,7747.4,7767.9,7699.16,7723.95
3/18/2019,7696.38,7737.66,7677.74,7714.48
3/15/2019,7658.41,7714.96,7652.03,7688.53
3/14/2019,7644.79,7653.1,7627.02,7630.91
3/13/2019,7621.38,7677.07,7619.46,7643.41
3/12/2019,7571.85,7611.13,7560.46,7591.03
3/11/2019,7442.56,7558.23,7442.4,7558.06
3/8/2019,7334.35,7411.52,7332.92,7408.14
3/7/2019,7483.79,7489.08,7397.19,7421.46
3/6/2019,7575.38,7579.02,7499.87,7505.92
3/5/2019,7582.29,7598.66,7543.54,7576.36
3/4/2019,7636.62,7643.66,7501.56,7577.57
3/1/2019,7587.45,7603.03,7540.75,7595.35
2/28/2019,7533.31,7561.9,7516.48,7532.53
2/27/2019,7526.42,7562.29,7485.4,7554.51
2/26/2019,7535.29,7573.22,7524.31,7549.3
2/25/2019,7585.3,7602.69,7551.61,7554.46
2/22/2019,7481.63,7527.54,7479.01,7527.54
2/21/2019,7475.41,7485.75,7430.89,7459.71
2/20/2019,7490.31,7513.7,7455.25,7489.07
2/19/2019,7450.75,7507.79,7450.27,7486.77
2/15/2019,7468.57,7477.28,7440.26,7472.41
2/14/2019,7390.25,7454.42,7375.71,7426.95
2/13/2019,7437.46,7461.66,7413.84,7420.38
2/12/2019,7358.85,7419.43,7349.81,7414.62
2/11/2019,7327.37,7343.56,7290.03,7307.9
2/8/2019,7232.3,7299.44,7225.14,7298.2
2/7/2019,7316.5,7336.74,7235.05,7288.35
2/6/2019,7400.44,7410.77,7346.72,7375.28
2/5/2019,7356.34,7408.68,7355.36,7402.08
2/4/2019,7266.28,7348.23,7261.07,7347.54
2/1/2019,7256.37,7299.94,7243.41,7263.87
1/31/2019,7208.17,7303.12,7205.94,7281.74
1/30/2019,7094.79,7201.31,7065.57,7183.08
1/29/2019,7087.49,7092.29,7011.47,7028.29
1/28/2019,7075.01,7086.3,7034.25,7085.68
1/25/2019,7128.19,7174.56,7111.09,7164.86
1/24/2019,7042.25,7078.97,7029.95,7073.46
1/23/2019,7061.65,7084.85,6953.23,7025.77
1/22/2019,7109.57,7110.16,6979.81,7020.36
1/18/2019,7134.1,7185.38,7096.62,7157.23
1/17/2019,7010.13,7113.94,7003.62,7084.46
1/16/2019,7033.75,7079.63,7028.12,7034.69
1/15/2019,6931.39,7025.85,6928.12,7023.83
1/14/2019,6908.03,6936.22,6887.48,6905.92
1/11/2019,6947.46,6975.65,6933.6,6971.48
1/10/2019,6908.65,6991.37,6877.08,6986.07
1/9/2019,6923.06,6985.22,6899.56,6957.08
1/8/2019,6893.44,6909.58,6795.86,6897
1/7/2019,6757.53,6855.6,6741.4,6823.47
1/4/2019,6567.14,6760.69,6554.25,6738.86
1/3/2019,6584.77,6600.22,6457.13,6463.5
1/2/2019,6506.91,6693.71,6506.88,6665.94
12/31/2018,6649.52,6659.96,6570.06,6635.28
12/28/2018,6616.79,6684.18,6529.22,6584.52
12/27/2018,6457.19,6583.01,6336.97,6579.49
12/26/2018,6257.86,6555.53,6214.34,6554.36
12/24/2018,6278.49,6355.18,6190.16,6192.92
12/21/2018,6573.48,6586.68,6304.63,6332.99
12/20/2018,6607.76,6666.2,6447.91,6528.41
12/19/2018,6777.59,6868.86,6586.5,6636.83
12/18/2018,6809.81,6847.27,6733.72,6783.91
12/17/2018,6886.46,6931.81,6710,6753.73
12/14/2018,6986.37,7027.17,6898.99,6910.66
12/13/2018,7135.28,7154.64,7034.82,7070.33
12/12/2018,7127,7197.29,7096.56,7098.31
12/11/2018,7121.65,7129.83,6983.01,7031.83
12/10/2018,6959.63,7047.63,6878.98,7020.52
12/7/2018,7163.49,7205.37,6945.27,6969.25
12/6/2018,7017.06,7189.52,6984.34,7188.26
12/4/2018,7407.95,7421.1,7150.1,7158.43
12/3/2018,7486.13,7486.51,7392.22,7441.51
11/30/2018,7279.3,7332.79,7255.68,7330.54
11/29/2018,7267.37,7319.96,7217.69,7273.08
11/28/2018,7135.08,7292.71,7090.98,7291.59
11/27/2018,7041.23,7105.14,7014.36,7082.7
11/26/2018,7026.5,7083.93,7003.12,7081.85
11/23/2018,6919.52,6987.89,6919.16,6938.98
11/21/2018,6985.51,7029.93,6951.62,6972.25
11/20/2018,6867.43,6994.75,6830.76,6908.82
11/19/2018,7217.24,7224.12,7011.4,7028.48
11/16/2018,7193.6,7274.86,7171.7,7247.87
11/15/2018,7112.83,7274.26,7072.35,7259.03
11/14/2018,7265.39,7285.57,7101.17,7136.39
11/13/2018,7230.69,7319.12,7182.86,7200.87
11/12/2018,7364.05,7371.09,7193.77,7200.87
11/9/2018,7468.51,7474.34,7349.48,7406.9
11/8/2018,7544.17,7566.93,7499.71,7530.88
11/7/2018,7446.09,7572.93,7435.87,7570.75
11/6/2018,7326.07,7400.64,7320.89,7375.96
11/5/2018,7344.08,7349.23,7255.88,7328.85
11/2/2018,7424.02,7466.53,7298.68,7356.99
11/1/2018,7327.82,7435.88,7286.5,7434.06
10/31/2018,7276.62,7368.5,7270.63,7305.9
10/30/2018,7017.87,7166.84,7001.48,7161.65
10/29/2018,7272.42,7295.61,6922.83,7050.29
10/26/2018,7125.18,7283.32,7057,7167.21
10/25/2018,7197.49,7364.82,7178.53,7318.34
10/24/2018,7423.21,7435.69,7099,7108.4
10/23/2018,7328.55,7472.57,7260.13,7437.54
10/22/2018,7486.74,7520.53,7424.74,7468.63
10/19/2018,7530.15,7582.89,7428.3,7449.03
10/18/2018,7616.47,7616.86,7452.47,7485.14
10/17/2018,7669.26,7670.5,7563.09,7642.7
10/16/2018,7501.78,7658.14,7493.44,7645.49
10/15/2018,7473.33,7500.93,7400.07,7430.74
10/12/2018,7507.84,7516.69,7368.32,7496.89
10/11/2018,7388.07,7493.21,7274.03,7329.06
10/10/2018,7694.08,7701.2,7420.56,7422.05
10/9/2018,7728.51,7799.75,7718.94,7738.02
10/8/2018,7747.1,7797.32,7654.84,7735.95
10/5/2018,7874.76,7902.67,7715.97,7788.45
10/4/2018,7993.33,7997.17,7833.16,7879.51
10/3/2018,8034.65,8053.93,8012.03,8025.09
10/2/2018,8024.48,8054.16,7983.98,7999.55
10/1/2018,8091.5,8107.38,8019.77,8037.3
9/28/2018,8024.5,8065.06,8015.87,8046.35
9/27/2018,8021.22,8071.56,8017.91,8041.97
9/26/2018,8011.68,8067.03,7982.77,7990.37
9/25/2018,8001.59,8014.12,7979.29,8007.47
9/24/2018,7939.38,7997.9,7912.47,7993.25
9/21/2018,8041.69,8057.26,7979.67,7986.96
9/20/2018,7993.53,8039.07,7986.41,8028.23
9/19/2018,7962.55,7976.13,7917.73,7950.04
9/18/2018,7903.57,7986.09,7901.01,7956.11
9/17/2018,7992.21,8002.78,7890.07,7895.79
9/14/2018,8026.16,8040.83,7979.78,8010.04
9/13/2018,7999.93,8037.51,7989.85,8013.71
9/12/2018,7958.87,7965.39,7884.05,7954.23
9/11/2018,7894.87,7986.32,7880.93,7972.47
9/10/2018,7939.57,7945.03,7890.39,7924.16
9/7/2018,7878.79,7962.53,7873.93,7902.54
9/6/2018,7998.27,8001.97,7885.49,7922.73
9/5/2018,8073.53,8077.84,7962.35,7995.17
9/4/2018,8087.95,8104.07,8042.14,8091.25
8/31/2018,8079.31,8119.82,8079.31,8109.54
8/30/2018,8094.2,8133.3,8069.57,8088.36
8/29/2018,8044.34,8113.56,8042.1,8109.69
8/28/2018,8039.01,8046.32,8009.59,8030.04
8/27/2018,7989.64,8024.94,7976.6,8017.9
8/24/2018,7907.81,7949.71,7907.1,7945.98
8/23/2018,7886.47,7926.32,7866.53,7878.46
8/22/2018,7844.04,7897.63,7840.84,7889.1
8/21/2018,7840.09,7897.68,7836.79,7859.17
8/20/2018,7834.37,7837.14,7787.9,7821.01
8/17/2018,7786.64,7830.78,7752.68,7816.33
8/16/2018,7826.95,7849.67,7795.74,7806.52
8/15/2018,7810.02,7832.66,7732.69,7774.12
8/14/2018,7847.88,7878.23,7815.5,7870.89
8/13/2018,7848,7888.66,7814.27,7819.71
8/10/2018,7834.71,7866.19,7818.37,7839.11
8/9/2018,7886.52,7923.35,7881.06,7891.78
8/8/2018,7880,7901.69,7864.46,7888.33
8/7/2018,7878.62,7898.2,7868.65,7883.66
8/6/2018,7809.54,7859.68,7801.88,7859.68
8/3/2018,7819.23,7824.06,7783.3,7812.01
8/2/2018,7659.52,7808.85,7659.52,7802.69
8/1/2018,7701.82,7732.68,7670.72,7707.29
7/31/2018,7654.59,7709.48,7614.84,7671.79
7/30/2018,7735.27,7740.26,7604.24,7630
7/27/2018,7889.75,7889.75,7698.96,7737.42
7/26/2018,7848.04,7881.3,7834.07,7852.18
7/25/2018,7839.09,7933.31,7838.76,7932.24
7/24/2018,7914.35,7928.79,7814.33,7840.77
7/23/2018,7806.93,7846.76,7776.56,7841.87
7/20/2018,7843.08,7860.25,7815.86,7820.2
7/19/2018,7829.8,7849.85,7811.15,7825.3
7/18/2018,7859.43,7863.77,7822.83,7854.44
7/17/2018,7751.98,7867.15,7749.6,7855.12
7/16/2018,7831.74,7838.82,7791.98,7805.72
7/13/2018,7827.62,7843.52,7803.34,7825.98
7/12/2018,7752.71,7825.67,7746.76,7823.92
7/11/2018,7698.51,7748.16,7696.58,7716.61
7/10/2018,7770.63,7777.48,7731.98,7759.2
7/9/2018,7731.74,7757.28,7702.06,7756.2
7/6/2018,7595.93,7695.81,7588.65,7688.39
7/5/2018,7550.65,7589.19,7511.43,7586.43
7/3/2018,7593.63,7594.33,7498.5,7502.67
7/2/2018,7451.9,7568.1,7443.1,7567.69
6/29/2018,7544.13,7573.59,7502.95,7510.3
6/28/2018,7438.11,7526.07,7419.56,7503.68
6/27/2018,7586.33,7610.67,7444.17,7445.08
6/26/2018,7553.74,7597.49,7527,7561.63
6/25/2018,7631.12,7639.73,7477.73,7532.01
6/22/2018,7739.69,7739.71,7679.13,7692.82
6/21/2018,7800.3,7803.45,7699.19,7712.95
6/20/2018,7764.15,7806.6,7755.48,7781.51
6/19/2018,7658.47,7727.41,7635.73,7725.59
6/18/2018,7692.96,7749.35,7676.83,7747.03
6/15/2018,7725.03,7755.72,7704.34,7746.38
6/14/2018,7723.53,7768.6,7723.53,7761.04
6/13/2018,7713.9,7748.96,7686.65,7695.7
6/12/2018,7673.87,7708.25,7669.53,7703.79
6/11/2018,7647.23,7677.29,7642.87,7659.93
6/8/2018,7607.73,7653.57,7595.15,7645.51
6/7/2018,7697.41,7697.41,7597.66,7635.07
6/6/2018,7652.81,7691.65,7622.32,7689.24
6/5/2018,7621.36,7644.48,7602.38,7637.86
6/4/2018,7570.08,7607.17,7561.2,7606.46
6/1/2018,7487.66,7557.38,7487.23,7554.33
5/31/2018,7455.58,7492.42,7431.41,7442.12
5/30/2018,7428.41,7473.81,7423.67,7462.45
5/29/2018,7398.51,7435.13,7354.29,7396.59
5/25/2018,7422.2,7452.85,7415.58,7433.85
5/24/2018,7421.99,7435.38,7357.5,7424.43
5/23/2018,7335.03,7426.78,7334.62,7425.96
5/22/2018,7420.85,7432.53,7370.33,7378.46
5/21/2018,7406.34,7431.82,7368.21,7394.04
5/18/2018,7364.34,7381.16,7343.97,7354.34
5/17/2018,7379.58,7425.39,7350.46,7382.47
5/16/2018,7356.22,7413.32,7356.16,7398.3
5/15/2018,7361.3,7363.52,7320.97,7351.63
5/14/2018,7429.45,7458.42,7401.89,7411.32
5/11/2018,7393.97,7417.67,7372.26,7402.88
5/10/2018,7355.9,7414.15,7353.63,7404.97
5/9/2018,7281.53,7344.8,7259.06,7339.91
5/8/2018,7255.34,7278.81,7224.7,7266.9
5/7/2018,7241.82,7291.74,7235.76,7265.21
5/4/2018,7065.67,7228.26,7057.89,7209.62
5/3/2018,7065.03,7112.59,6991.14,7088.15
5/2/2018,7138.45,7169.46,7094.72,7100.9
5/1/2018,7053.65,7133.27,7036.18,7130.7
4/30/2018,7133.95,7169.81,7065.41,7066.27
4/27/2018,7195.52,7197.16,7083.95,7119.8
4/26/2018,7080.49,7143.94,7055.66,7118.68
4/25/2018,7009.99,7030.73,6926.98,7003.74
4/24/2018,7160.77,7171.67,6961.52,7007.35
4/23/2018,7173.99,7195.72,7094.43,7128.6
4/20/2018,7220.64,7222.99,7123.48,7146.13
4/19/2018,7258.61,7277.45,7215.18,7238.06
4/18/2018,7292.38,7319.58,7259.9,7295.24
4/17/2018,7215.12,7298.59,7206.55,7281.1
4/16/2018,7153.87,7178.51,7115.85,7156.28
4/13/2018,7179.62,7183.63,7078.14,7106.65
4/12/2018,7112.02,7166,7105.09,7140.25
4/11/2018,7055,7128.54,7055,7069.03
4/10/2018,7060.99,7117.98,7014.88,7094.3
4/9/2018,6971.44,7074.95,6944.96,6950.34
4/6/2018,6999.57,7066.64,6877.76,6915.11
4/5/2018,7099.25,7112.38,7036.62,7076.55
4/4/2018,6811.77,7059.29,6811.77,7042.11
4/3/2018,6924.35,6963.71,6835.23,6941.28
4/2/2018,7016.17,7044.71,6805.96,6870.12
3/29/2018,6984.65,7120.47,6935.78,7063.44
3/28/2018,6978.3,7036.09,6901.07,6949.23
3/27/2018,7255.47,7255.54,6963.68,7008.81
3/26/2018,7125.2,7225.84,7022.34,7220.54
3/23/2018,7170.68,7194.31,6992.66,6992.67
3/22/2018,7257.55,7303.19,7164.38,7166.68
3/21/2018,7347.5,7415.66,7325.35,7345.29
3/20/2018,7353.25,7380.74,7331.23,7364.3
3/19/2018,7419.2,7421.23,7285.27,7344.24
3/16/2018,7504.37,7514.21,7473.68,7481.99
3/15/2018,7509.24,7525.44,7463.18,7481.74
3/14/2018,7539.78,7544.89,7473.9,7496.81
3/13/2018,7627.52,7637.27,7492.98,7511.01
3/12/2018,7581.04,7609.1,7563.44,7588.32
3/9/2018,7475.98,7560.81,7469.03,7560.81
3/8/2018,7422.77,7435.01,7391.5,7427.95
3/7/2018,7311.73,7403.79,7311.73,7396.65
3/6/2018,7366.61,7378.03,7319.68,7372.01
3/5/2018,7222.89,7350.07,7205.31,7330.7
3/2/2018,7099.54,7267.19,7084.83,7257.87
3/1/2018,7274.75,7307.84,7117.66,7180.56
2/28/2018,7371.41,7386.8,7273.01,7273.01
2/27/2018,7416.17,7438.09,7330.35,7330.35
2/26/2018,7373.3,7421.85,7360.25,7421.46
2/23/2018,7261.35,7337.83,7232.5,7337.39
2/22/2018,7252.47,7280.93,7194.84,7210.09
2/21/2018,7258.48,7338.64,7218.1,7218.23
2/20/2018,7209.03,7295.94,7206,7234.31
2/16/2018,7236.52,7303.26,7226.38,7239.47
2/15/2018,7200.75,7256.93,7130.39,7256.43
2/14/2018,6979.24,7152.05,6977.07,7143.62
2/13/2018,6942.16,7025.68,6938.16,7013.51
2/12/2018,6936.68,7023.62,6879.69,6981.96
2/9/2018,6863.34,6917.01,6630.67,6874.49
2/8/2018,7067.3,7073.99,6776.77,6777.16
2/7/2018,7086.2,7170.34,7051.53,7051.98
2/6/2018,6837.56,7126.55,6824.82,7115.88
2/5/2018,7165.96,7277.35,6967.53,6967.53
2/2/2018,7347.59,7364.43,7238.18,7240.95
2/1/2018,7377.17,7441.09,7362.28,7385.86
1/31/2018,7443.25,7453.98,7381.13,7411.48
1/30/2018,7388.89,7433.65,7373.99,7402.48
1/29/2018,7484.47,7500.6,7455.55,7466.51
1/26/2018,7448.33,7505.77,7431.22,7505.77
1/25/2018,7457.94,7458.53,7388.58,7411.16
1/24/2018,7474.16,7486.32,7376.75,7415.06
1/23/2018,7424.95,7465.4,7423.18,7460.29
1/22/2018,7338.04,7408.03,7332.81,7408.03
1/19/2018,7312,7336.38,7297.28,7336.38
1/18/2018,7293.65,7313.9,7276.11,7296.05
1/17/2018,7257.77,7309.36,7229.32,7298.28
1/16/2018,7307.19,7330.33,7205.93,7223.69
1/12/2018,7208.17,7265.26,7205.18,7261.06
1/11/2018,7168.73,7211.78,7163.23,7211.78
1/10/2018,7129.83,7154.24,7111.52,7153.57
1/9/2018,7174.19,7181.14,7148.3,7163.58
1/8/2018,7135.38,7161.35,7124.09,7157.39
1/5/2018,7105.74,7137.04,7097.08,7136.56
1/4/2018,7089.5,7098.05,7072.38,7077.91
1/3/2018,7017.07,7069.15,7016.7,7065.53
1/2/2018,6937.65,7006.91,6924.08,7006.9
12/29/2017,6952.61,6954.98,6903.39,6903.39
12/28/2017,6953.38,6954.81,6936.75,6950.16
12/27/2017,6941.45,6955.38,6931.34,6939.34
12/26/2017,6928.92,6942.14,6915.56,6936.25
12/22/2017,6958.02,6962.26,6944.44,6959.96
12/21/2017,6972.88,6992.63,6961.2,6965.36
12/20/2017,6991.26,6991.25,6935.42,6960.96
12/19/2017,6991.25,6995.88,6951.49,6963.85
12/18/2017,6980.4,7003.89,6975.54,6994.76
12/15/2017,6871.55,6945.82,6871.45,6936.58
12/14/2017,6887.39,6901.13,6851.63,6856.53
12/13/2017,6880.41,6897.62,6871.87,6875.8
12/12/2017,6872.72,6884.81,6856.3,6862.32
12/11/2017,6847.64,6879.8,6844.88,6875.08
12/8/2017,6859.94,6870.48,6831.61,6840.08
12/7/2017,6785.74,6829.28,6778.2,6812.84
12/6/2017,6742.07,6787.42,6734.13,6776.38
12/5/2017,6759.14,6836.45,6752.32,6762.21
12/4/2017,6897.14,6899.23,6770.69,6775.37
12/1/2017,6844.04,6872.18,6737.16,6847.59
11/30/2017,6852.8,6888.65,6838.48,6873.97
11/29/2017,6907.28,6908.33,6793.95,6824.39
11/28/2017,6893.72,6914.19,6866.21,6912.36
11/27/2017,6889.91,6897.43,6867.9,6878.52
11/24/2017,6878.11,6890.02,6873.74,6889.16
11/22/2017,6869.53,6874.52,6859.28,6867.36
11/21/2017,6820.55,6862.66,6820.02,6862.48
11/20/2017,6789.28,6795.83,6779.48,6790.71
11/17/2017,6794.45,6797.75,6777.43,6782.79
11/16/2017,6742.34,6806.67,6742.34,6793.29
11/15/2017,6700.68,6725.32,6667.31,6706.21
11/14/2017,6733.87,6743.63,6709.27,6737.87
11/13/2017,6727.39,6766.3,6723.43,6757.6
11/10/2017,6736.39,6757.34,6727.34,6750.94
11/9/2017,6737.45,6758.93,6687.28,6750.05
11/8/2017,6764.85,6791.66,6753.34,6789.12
11/7/2017,6785.44,6795.52,6750.34,6767.78
11/6/2017,6763.3,6790.66,6763.17,6786.44
11/3/2017,6737.09,6765.14,6712.93,6764.44
11/2/2017,6709.39,6719.97,6677.55,6714.94
11/1/2017,6758.64,6759.66,6691.48,6716.53
10/31/2017,6713.71,6737.75,6705.79,6727.67
10/30/2017,6693.77,6727.39,6677.15,6698.96
10/27/2017,6635.03,6708.13,6625.78,6701.26
10/26/2017,6567.59,6582.76,6550.03,6556.77
10/25/2017,6587.22,6600.65,6517.93,6563.89
10/24/2017,6598.6,6611.91,6582.06,6598.43
10/23/2017,6641.57,6641.57,6581.15,6586.83
10/20/2017,6633.37,6640.03,6622.92,6629.05
10/19/2017,6583.7,6605.29,6558.53,6605.07
10/18/2017,6634.26,6635.52,6613.55,6624.22
10/17/2017,6621.42,6628.6,6613.21,6623.66
10/16/2017,6622.55,6632.5,6607.03,6624
10/13/2017,6613.21,6616.58,6602.19,6605.8
10/12/2017,6594.76,6613.5,6586.32,6591.51
10/11/2017,6586.73,6604.21,6577.98,6603.55
10/10/2017,6602.49,6608.3,6561.78,6587.25
10/9/2017,6597.37,6599.34,6572.44,6579.73
10/6/2017,6566.95,6590.18,6566.84,6590.18
10/5/2017,6552.87,6587.21,6547.65,6585.36
10/4/2017,6521.96,6546.46,6513.12,6534.63
10/3/2017,6523.74,6532.18,6509.71,6531.71
10/2/2017,6506.08,6527.22,6484.14,6516.72
9/29/2017,6461.28,6497.98,6454.85,6495.96
9/28/2017,6437.96,6456.23,6427.66,6453.45
9/27/2017,6414.37,6472.65,6405.35,6453.26
9/26/2017,6391.85,6405,6364.57,6380.16
9/25/2017,6403.11,6408.06,6343.96,6370.59
9/22/2017,6401.44,6429.54,6400.82,6426.92
9/21/2017,6448.57,6448.57,6405.3,6422.69
9/20/2017,6459.74,6466.05,6414.23,6456.04
9/19/2017,6465.57,6467.79,6446.75,6461.32
9/18/2017,6460.1,6477.77,6438.41,6454.64
9/15/2017,6426.16,6464.27,6419.65,6448.47
9/14/2017,6439.46,6455.32,6424.04,6429.08
9/13/2017,6440.72,6460.42,6433.2,6460.19
9/12/2017,6448.81,6455.02,6429.54,6454.28
9/11/2017,6411.18,6439.11,6410.71,6432.26
9/8/2017,6389.65,6391.41,6354.96,6360.19
9/7/2017,6402.94,6413.07,6379.81,6397.87
9/6/2017,6394.35,6407.4,6356.2,6393.31
9/5/2017,6414.82,6426.52,6334.59,6375.57
9/1/2017,6442.17,6449.65,6417.87,6435.33
8/31/2017,6385.8,6435.27,6383.58,6428.66
8/30/2017,6308.68,6374.48,6303.57,6368.31
8/29/2017,6228.9,6311.26,6228.73,6301.89
8/28/2017,6286.01,6292.26,6267.85,6283.02
8/25/2017,6293.81,6308.72,6257.1,6265.64
8/24/2017,6294.82,6302.84,6244.57,6271.33
8/23/2017,6263.47,6291.3,6263.28,6278.41
8/22/2017,6241.21,6302.84,6241.21,6297.48
8/21/2017,6216.32,6226.93,6177.18,6213.13
8/18/2017,6222.46,6254.22,6193.38,6216.53
8/17/2017,6322.72,6334.23,6221.91,6221.91
8/16/2017,6348.11,6374.56,6330.27,6345.11
8/15/2017,6350.51,6350.74,6324.75,6333.01
8/14/2017,6306.11,6346.82,6305.55,6340.23
8/11/2017,6222.18,6266.9,6216.19,6256.56
8/10/2017,6312.65,6318.28,6214.41,6216.87
8/9/2017,6322.92,6355.04,6309.44,6352.33
8/8/2017,6373.33,6423.34,6355.88,6370.46
8/7/2017,6361.06,6386.03,6356.23,6383.77
8/4/2017,6350.79,6361.49,6329.73,6351.56
8/3/2017,6366.24,6368.53,6331.14,6340.34
8/2/2017,6393.1,6394.21,6313.43,6362.65
8/1/2017,6372.16,6375.75,6345.75,6362.94
7/31/2017,6394.69,6396.59,6338.78,6348.12
7/28/2017,6350.27,6379.69,6337.22,6374.68
7/27/2017,6459.76,6460.84,6318.62,6382.19
7/26/2017,6425.93,6432.38,6416.3,6422.75
7/25/2017,6407.59,6425.44,6396.88,6412.17
7/24/2017,6387.82,6417.7,6380.6,6410.81
7/21/2017,6383.05,6388.78,6365.12,6387.75
7/20/2017,6396.46,6398.26,6365.68,6390
7/19/2017,6363.24,6387.73,6362.18,6385.04
7/18/2017,6304.82,6344.55,6291.07,6344.31
7/17/2017,6320.35,6330.97,6307.34,6314.43
7/14/2017,6289.08,6321.76,6278.7,6312.47
7/13/2017,6269.1,6281.45,6251.26,6274.44
7/12/2017,6238.9,6265.64,6236.82,6261.17
7/11/2017,6171.25,6200.58,6149.87,6193.3
7/10/2017,6156.03,6191.27,6141.83,6176.39
7/7/2017,6111.21,6164.94,6111.22,6153.08
7/6/2017,6109.6,6127.98,6081.96,6089.46
7/5/2017,6122.06,6163.62,6100.42,6150.86
7/3/2017,6173.29,6177.36,6106.12,6110.06
6/30/2017,6166.84,6170.63,6129.03,6140.42
6/29/2017,6215.49,6216.6,6087.81,6144.35
6/28/2017,6173.1,6238.29,6144.8,6234.41
6/27/2017,6227.9,6234.32,6146.62,6146.62
6/26/2017,6292.73,6303.44,6233.43,6247.15
6/23/2017,6234.35,6269.37,6218.78,6265.25
6/22/2017,6239.15,6257.68,6221.97,6236.69
6/21/2017,6202.75,6236.66,6200.86,6233.95
6/20/2017,6229.62,6234.01,6186.94,6188.03
6/19/2017,6196.85,6243.31,6194,6239.01
6/16/2017,6154.28,6161.56,6125.5,6151.76
6/15/2017,6127.05,6170.15,6107.85,6165.5
6/14/2017,6237.46,6237.53,6153.55,6194.89
6/13/2017,6206.11,6226.41,6180.03,6220.37
6/12/2017,6153.56,6183.81,6110.66,6175.46
6/9/2017,6330.25,6341.69,6137.68,6207.92
6/8/2017,6311.73,6324.06,6282.93,6321.76
6/7/2017,6290.44,6302.78,6267.18,6297.38
6/6/2017,6281.88,6304.21,6269.86,6275.06
6/5/2017,6305.47,6310.62,6292.15,6295.68
6/2/2017,6261.59,6308.76,6253.77,6305.8
6/1/2017,6215.91,6247.07,6200.45,6246.83
5/31/2017,6221.63,6221.98,6164.07,6198.52
5/30/2017,6204.18,6217.13,6200.41,6203.19
5/26/2017,6207.04,6211.52,6196.66,6210.19
5/25/2017,6183.02,6217.34,6174.52,6205.26
5/24/2017,6154.18,6166.09,6139.34,6163.02
5/23/2017,6149.55,6150.91,6121.79,6138.71
5/22/2017,6098.25,6135.92,6097.24,6133.62
5/19/2017,6070.23,6106.55,6070.23,6083.7
5/18/2017,5998.46,6073.45,5996.82,6055.13
5/17/2017,6108.62,6122.87,6009.48,6011.24
5/16/2017,6160.52,6170.16,6139.1,6169.87
5/15/2017,6128.11,6153.04,6124.79,6149.67
5/12/2017,6119.27,6122.84,6105.42,6121.23
5/11/2017,6110.05,6120.2,6075.68,6115.96
5/10/2017,6121.64,6131.64,6103.87,6129.14
5/9/2017,6111.82,6133,6107.59,6120.59
5/8/2017,6100.66,6106.12,6083.06,6102.66
5/5/2017,6091.69,6100.76,6067.16,6100.76
5/4/2017,6075.06,6080.82,6054.32,6075.34
5/3/2017,6075.04,6076.96,6053.28,6072.55
5/2/2017,6102.51,6102.72,6081.56,6095.37
5/1/2017,6067.56,6100.73,6061.35,6091.6
4/28/2017,6072.87,6074.04,6040.71,6047.61
4/27/2017,6038.47,6050.7,6031.59,6048.94
4/26/2017,6028.12,6040.9,6021.72,6025.23
4/25/2017,6004.16,6036.02,6002.65,6025.49
4/24/2017,5979.96,5989.91,5970.25,5983.82
4/21/2017,5919.02,5919.23,5899.43,5910.52
4/20/2017,5887.87,5926.23,5880.19,5916.78
4/19/2017,5874.43,5894.68,5856.34,5863.03
4/18/2017,5838.59,5860.04,5828.57,5849.47
4/17/2017,5821.55,5856.79,5818.2,5856.79
4/13/2017,5828.37,5856.54,5805.15,5805.15
4/12/2017,5863.59,5868.09,5830.44,5836.16
4/11/2017,5871.16,5878.94,5819.28,5866.77
4/10/2017,5883.44,5907.85,5865.56,5880.93
4/7/2017,5873.94,5892.07,5855.51,5877.81
4/6/2017,5870.52,5889.58,5856.22,5878.95
4/5/2017,5911.92,5936.39,5856.26,5864.48
4/4/2017,5878.76,5901.39,5878.77,5898.61
4/3/2017,5917.31,5928.93,5867.73,5894.68
3/31/2017,5905.63,5927.81,5901.77,5911.74
3/30/2017,5896.15,5916.77,5894,5914.34
3/29/2017,5875.35,5900.87,5870.93,5897.55
3/28/2017,5836.5,5888.69,5828.86,5875.14
3/27/2017,5776.33,5849.2,5769.39,5840.37
3/24/2017,5839.33,5858.95,5807.84,5828.74
3/23/2017,5812.31,5842.82,5806.98,5817.69
3/22/2017,5790.59,5825.68,5781.81,5821.64
3/21/2017,5923.43,5928.06,5790.73,5793.83
3/20/2017,5898.81,5915.12,5888.12,5901.53
3/17/2017,5898.58,5912.61,5890.42,5901
3/16/2017,5907.86,5911.48,5887.24,5900.76
3/15/2017,5869.97,5911.2,5858.16,5900.05
3/14/2017,5860.07,5860.5,5831.88,5856.82
3/13/2017,5863.48,5877.43,5860.84,5875.78
3/10/2017,5867.16,5872.6,5835.44,5861.73
3/9/2017,5834.67,5852.54,5812.08,5838.81
3/8/2017,5838.44,5860.63,5832.63,5837.55
3/7/2017,5836.12,5859.77,5826.32,5833.93
3/6/2017,5846.42,5857.74,5827.46,5849.17
3/3/2017,5854.27,5870.75,5841.47,5870.75
3/2/2017,5897.01,5897.01,5856.31,5861.22
3/1/2017,5874.86,5911.79,5865.79,5904.03
2/28/2017,5852.79,5855.07,5817.22,5825.44
2/27/2017,5835.04,5861.9,5827,5861.9
2/24/2017,5802.33,5845.31,5800.55,5845.31
2/23/2017,5866.82,5866.96,5809.55,5835.51
2/22/2017,5857.56,5864.41,5848.28,5860.63
2/21/2017,5850.2,5867.89,5847.5,5865.95
2/17/2017,5807.31,5838.58,5800.8,5838.58
2/16/2017,5823.01,5835.15,5796.71,5814.9
2/15/2017,5777.9,5821.95,5776.69,5819.44
2/14/2017,5756.51,5783.09,5748.73,5782.57
2/13/2017,5753.19,5770.98,5751.92,5763.96
2/10/2017,5726.18,5743.43,5717.42,5734.13
2/9/2017,5688.02,5722.71,5685.15,5715.18
2/8/2017,5662.95,5686.96,5649.39,5682.45
2/7/2017,5674.86,5689.6,5664.82,5674.22
2/6/2017,5656.95,5668.2,5650.26,5663.55
2/3/2017,5650.73,5666.84,5647.58,5666.77
2/2/2017,5627.15,5656.01,5616.41,5636.2
2/1/2017,5654.51,5662.11,5621.03,5642.65
1/31/2017,5592.87,5615.15,5576.09,5614.79
1/30/2017,5635.86,5636.09,5578.76,5613.71
1/27/2017,5664.88,5667.44,5643.9,5660.78
1/26/2017,5666.28,5669.61,5647.65,5655.18
1/25/2017,5635.86,5658.59,5634.33,5656.34
1/24/2017,5568.27,5606.53,5558.49,5600.96
1/23/2017,5546.64,5564.14,5522.69,5552.94
1/20/2017,5556.87,5574.35,5542.23,5555.33
1/19/2017,5560.61,5571.53,5528.37,5540.08
1/18/2017,5546.94,5555.98,5534.77,5555.65
1/17/2017,5555.16,5557.05,5527.22,5538.73
1/13/2017,5557.57,5584.26,5557.2,5574.12
1/12/2017,5542.56,5550.67,5496.82,5547.49
1/11/2017,5550.72,5564.08,5524.03,5563.65
1/10/2017,5536.54,5564.25,5528.11,5551.82
1/9/2017,5527.57,5541.08,5517.14,5531.82
1/6/2017,5499.08,5536.52,5482.81,5521.06
1/5/2017,5474.39,5495.85,5464.36,5487.94
1/4/2017,5440.91,5482.35,5440.24,5477
1/3/2017,5425.62,5452.57,5397.99,5429.08
12/30/2016,5440.17,5441.9,5371.89,5383.12
12/29/2016,5437.51,5450.63,5415.18,5432.09
12/28/2016,5497.44,5498.91,5434.7,5438.56
12/27/2016,5470.76,5512.37,5469.6,5487.44
12/23/2016,5441.76,5462.69,5441.76,5462.69
12/22/2016,5472.01,5472.01,5432.77,5447.42
12/21/2016,5482.63,5486.26,5465.31,5471.43
12/20/2016,5473.53,5489.47,5471.71,5483.94
12/19/2016,5441.2,5483.42,5436.54,5457.44
12/16/2016,5467.82,5474.59,5426.01,5437.16
12/15/2016,5443.51,5485.12,5439.39,5456.85
12/14/2016,5465.69,5476.25,5425.73,5436.67
12/13/2016,5433.57,5486.75,5430.72,5463.83
12/12/2016,5428.22,5434.9,5394.42,5412.54
12/9/2016,5436.11,5450.16,5427.13,5444.5
12/8/2016,5394.15,5425.52,5389.09,5417.36
12/7/2016,5322.67,5397.93,5307.31,5393.76
12/6/2016,5317.74,5333.99,5299.94,5333
12/5/2016,5283.58,5321.09,5269.57,5308.89
12/2/2016,5249.02,5274.54,5239.27,5255.65
12/1/2016,5323.88,5326.34,5238.21,5251.11
11/30/2016,5391.35,5393.15,5323.68,5323.68
11/29/2016,5370.98,5403.86,5360.56,5379.92
11/28/2016,5387.92,5396.27,5364.91,5368.81
11/25/2016,5388.49,5398.92,5379.28,5398.92
11/23/2016,5366.55,5380.68,5350.68,5380.68
11/22/2016,5384.75,5392.26,5365.6,5386.35
11/21/2016,5336.78,5369.82,5334.16,5368.86
11/18/2016,5340.97,5346.8,5315.53,5321.51
11/17/2016,5295.07,5334.05,5288.16,5333.97
11/16/2016,5253.73,5299.63,5251.88,5294.58
11/15/2016,5241.35,5287.06,5236.25,5275.62
11/14/2016,5246.33,5247.17,5192.05,5218.4
11/11/2016,5191.82,5241.08,5179.64,5237.11
11/10/2016,5283.48,5302.68,5145.32,5208.8
11/9/2016,5143.86,5258.99,5143.86,5251.07
11/8/2016,5154.99,5214.16,5145.3,5193.49
11/7/2016,5128.99,5169.41,5122.77,5166.17
11/4/2016,5034.41,5087.51,5034.41,5046.37
11/3/2016,5104.7,5115.06,5053.52,5058.41
11/2/2016,5147.27,5156.7,5097.56,5105.57
11/1/2016,5199.77,5201.13,5112.32,5153.58
10/31/2016,5205.09,5206.7,5186.56,5189.13
10/28/2016,5203.7,5232.35,5178.76,5190.1
10/27/2016,5272.19,5274.12,5211.75,5215.97
10/26/2016,5256.4,5280.85,5237.05,5250.27
10/25/2016,5306.47,5310.27,5278.57,5283.4
10/24/2016,5290.31,5311.5,5289.23,5309.83
10/21/2016,5238.65,5259.13,5225.76,5257.4
10/20/2016,5238.2,5252.1,5216.05,5241.83
10/19/2016,5240.33,5253.83,5234.25,5246.41
10/18/2016,5255.32,5264.27,5239.44,5243.84
10/17/2016,5213.69,5219.98,5196.03,5199.82
10/14/2016,5241.26,5258.88,5213.37,5214.16
10/13/2016,5200.3,5228.26,5169.76,5213.33
10/12/2016,5247.91,5257.18,5228.77,5239.02
10/11/2016,5321.82,5321.82,5227.43,5246.79
10/10/2016,5318.46,5340.52,5317.73,5328.67
10/7/2016,5314.92,5315.65,5266.81,5292.4
10/6/2016,5306.59,5315.73,5281.47,5306.85
10/5/2016,5305.28,5330.81,5304.06,5316.02
10/4/2016,5313.49,5323.6,5271.7,5289.66
10/3/2016,5300.29,5308.6,5281.95,5300.87
9/30/2016,5288.87,5325.88,5277.88,5312
9/29/2016,5311.31,5317,5254.52,5269.15
9/28/2016,5312.73,5320.62,5284.84,5318.55
9/27/2016,5254.18,5306.81,5251.32,5305.71
9/26/2016,5275.73,5282.27,5254.96,5257.49
9/23/2016,5327.43,5329.72,5301.63,5305.75
9/22/2016,5323.26,5342.88,5320.93,5339.52
9/21/2016,5263.65,5299.4,5233.94,5295.18
9/20/2016,5256.19,5265.18,5235.43,5241.35
9/19/2016,5263.55,5281.07,5222.91,5235.03
9/16/2016,5238.71,5248.6,5218.97,5244.57
9/15/2016,5178.1,5254.78,5176.25,5249.69
9/14/2016,5160.21,5201.34,5159.55,5173.77
9/13/2016,5181.14,5195.02,5131.27,5155.25
9/12/2016,5098.03,5217.88,5097.8,5211.89
9/9/2016,5217.95,5225.93,5125.91,5125.91
9/8/2016,5269.96,5271.01,5248.41,5259.48
9/7/2016,5274.23,5287.61,5261.91,5283.93
9/6/2016,5259.99,5275.91,5244,5275.91
9/2/2016,5249.66,5263.39,5231.02,5249.9
9/1/2016,5218.28,5229.94,5189.35,5227.21
8/31/2016,5216.42,5219.89,5191.18,5213.22
8/30/2016,5229.88,5241.63,5205.61,5222.99
8/29/2016,5223.8,5245.12,5222.34,5232.33
8/26/2016,5219.05,5253.39,5191.86,5218.92
8/25/2016,5207.61,5230.59,5201.65,5212.2
8/24/2016,5254.42,5262.99,5205.64,5217.69
8/23/2016,5265.78,5275.74,5257.9,5260.08
8/22/2016,5231.46,5252.13,5224.63,5244.6
8/19/2016,5229.87,5245.81,5217.65,5238.38
8/18/2016,5226.45,5243.17,5221.84,5240.15
8/17/2016,5228.44,5230.09,5197.23,5228.66
8/16/2016,5247.96,5248.26,5226.78,5227.11
8/15/2016,5242.18,5271.35,5241.15,5262.02
8/12/2016,5219.66,5233.34,5215.55,5232.89
8/11/2016,5222.15,5235.29,5211.25,5228.4
8/10/2016,5227.95,5227.96,5193.8,5204.58
8/9/2016,5216.21,5238.54,5214.95,5225.48
8/8/2016,5223.54,5228.4,5202.18,5213.14
8/5/2016,5190.71,5227.23,5186.25,5221.12
8/4/2016,5158.02,5174,5145.4,5166.25
8/3/2016,5133.24,5159.74,5128.44,5159.74
8/2/2016,5177.53,5181.02,5109.81,5137.73
8/1/2016,5167.42,5199.13,5158.93,5184.2
7/29/2016,5162.15,5175.81,5140.05,5162.13
7/28/2016,5144.82,5160.16,5130.75,5154.98
7/27/2016,5143.84,5151.06,5120.66,5139.81
7/26/2016,5095.61,5122.31,5084.18,5110.05
7/25/2016,5096.99,5100.72,5082.66,5097.63
7/22/2016,5078.12,5103.52,5064.11,5100.16
7/21/2016,5093.97,5102.78,5061.1,5073.9
7/20/2016,5061.6,5098.25,5053.92,5089.93
7/19/2016,5038.22,5052.24,5028.24,5036.37
7/18/2016,5034.99,5063.53,5030.13,5055.78
7/15/2016,5041.19,5044.81,5018.52,5029.59
7/14/2016,5041.95,5045.18,5025.15,5034.06
7/13/2016,5036.32,5036.39,5002.82,5005.73
7/12/2016,5017.99,5032.1,5009.68,5022.82
7/11/2016,4976.54,5002.5,4976.54,4988.64
7/8/2016,4906.66,4959,4901.27,4956.76
7/7/2016,4867.47,4889.01,4853.68,4876.81
7/6/2016,4799.32,4861.05,4786.01,4859.16
7/5/2016,4837.06,4839.13,4797.29,4822.9
7/1/2016,4837.18,4880.17,4837.17,4862.57
6/30/2016,4793.75,4843.11,4774.52,4842.67
6/29/2016,4732.93,4787.59,4732.34,4779.25
6/28/2016,4643.93,4692.98,4643.93,4691.87
6/27/2016,4664.43,4665.04,4574.25,4594.44
6/24/2016,4715.8,4798.22,4698.42,4707.98
6/23/2016,4872.19,4910.04,4859.4,4910.04
6/22/2016,4846.68,4875.93,4830,4833.32
6/21/2016,4845.09,4852.19,4826.59,4843.76
6/20/2016,4856.69,4882.15,4834.52,4837.21
6/17/2016,4835.02,4835.02,4792.34,4800.34
6/16/2016,4809.69,4847.86,4778.78,4844.91
6/15/2016,4855.08,4868.16,4830.33,4834.93
6/14/2016,4836.67,4863,4811.93,4843.55
6/13/2016,4868.51,4894.85,4844.94,4848.44
6/10/2016,4915.15,4917.92,4880.61,4894.55
6/9/2016,4954.15,4965.49,4940.55,4958.62
6/8/2016,4970.01,4979.66,4956.79,4974.64
6/7/2016,4972.14,4979.38,4960.28,4961.75
6/6/2016,4950.46,4980.14,4944.87,4968.71
6/3/2016,4958.1,4958.66,4909.21,4942.52
6/2/2016,4941.25,4971.36,4924.23,4971.36
6/1/2016,4928.97,4958.98,4923.2,4952.25
5/31/2016,4938.48,4951.45,4923.03,4948.05
5/27/2016,4904.05,4933.5,4902.5,4933.5
5/26/2016,4897.78,4909.38,4887.27,4901.77
5/25/2016,4877.18,4905.44,4872.42,4894.89
5/24/2016,4792.85,4865.99,4792.63,4861.06
5/23/2016,4771.57,4792.65,4763.91,4765.78
5/20/2016,4729.44,4781.69,4729,4769.56
5/19/2016,4717.36,4735.27,4678.38,4712.53
5/18/2016,4705.78,4762.28,4704.49,4739.12
5/17/2016,4768.85,4776.15,4703.39,4715.73
5/16/2016,4728.86,4791.25,4724.73,4775.46
5/13/2016,4731.07,4759.29,4708.26,4717.68
5/12/2016,4778.19,4779.46,4710.16,4737.33
5/11/2016,4799.3,4812.19,4760.36,4760.69
5/10/2016,4768.91,4811.3,4758.19,4809.88
5/9/2016,4736.35,4771.94,4735.06,4750.21
5/6/2016,4695.9,4736.16,4684.28,4736.16
5/5/2016,4742.42,4744.55,4709.75,4717.09
5/4/2016,4735.28,4751.65,4713.91,4725.64
5/3/2016,4780.88,4791.43,4749.71,4763.22
5/2/2016,4786.55,4821.57,4768.28,4817.59
4/29/2016,4805.79,4807.9,4740.84,4775.36
4/28/2016,4857.6,4889.16,4796.32,4805.29
4/27/2016,4855.38,4872.91,4826.38,4863.14
4/26/2016,4903.81,4915,4875.43,4888.28
4/25/2016,4891.48,4904.87,4878.37,4895.79
4/22/2016,4898.24,4921.66,4872.02,4906.23
4/21/2016,4949.12,4966.61,4932.65,4945.89
4/20/2016,4941.99,4969.32,4928.29,4948.13
4/19/2016,4968.3,4968.67,4915.52,4940.33
4/18/2016,4919.36,4960.78,4915.63,4960.02
4/15/2016,4938.83,4950.43,4925.47,4938.22
4/14/2016,4947.62,4961.3,4931.81,4945.89
4/13/2016,4904.79,4951.91,4903.6,4947.42
4/12/2016,4838.81,4879.6,4808.91,4872.09
4/11/2016,4873.39,4897.56,4833.4,4833.4
4/8/2016,4883.99,4892.6,4835.36,4850.69
4/7/2016,4893.57,4901.49,4831.49,4848.37
4/6/2016,4849.57,4921.51,4849.28,4920.72
4/5/2016,4855.9,4872.7,4838.62,4843.93
4/4/2016,4911.22,4917.75,4885.17,4891.8
4/1/2016,4842.55,4917.09,4832.06,4914.54
3/31/2016,4869.57,4891.3,4864.41,4869.85
3/30/2016,4875.46,4899.14,4859.35,4869.29
3/29/2016,4756.55,4849.31,4749.78,4846.62
3/28/2016,4785.25,4787.39,4760.02,4766.79
3/24/2016,4743.36,4773.5,4734.77,4773.5
3/23/2016,4813.87,4816.67,4765.37,4768.86
3/22/2016,4783.6,4835.6,4781.71,4821.66
3/21/2016,4787.31,4814.85,4785.38,4808.87
3/18/2016,4784.63,4804.58,4772.41,4795.65
3/17/2016,4752.62,4788.09,4737.97,4774.99
3/16/2016,4717.88,4774.78,4716.45,4763.97
3/15/2016,4731.14,4735.27,4712.07,4728.67
3/14/2016,4733.39,4762.27,4731.5,4750.28
3/11/2016,4712.38,4748.79,4700.91,4748.47
3/10/2016,4691.2,4716.14,4607.99,4662.16
3/9/2016,4666.42,4676.47,4642.42,4674.38
3/8/2016,4676.22,4695.03,4642.86,4648.82
3/7/2016,4690.88,4731.19,4674.82,4708.25
3/4/2016,4715.77,4746.65,4687.94,4717.02
3/3/2016,4698.38,4707.72,4674.46,4707.42
3/2/2016,4683.8,4703.57,4665.93,4703.42
3/1/2016,4596.01,4689.59,4581.75,4689.6
2/29/2016,4585.3,4619.9,4557.46,4557.95
2/26/2016,4615.14,4618.85,4580.78,4590.47
2/25/2016,4554.73,4582.2,4516.89,4582.2
2/24/2016,4453.93,4547.65,4425.72,4542.61
2/23/2016,4550.05,4558.06,4500.94,4503.58
2/22/2016,4548.31,4576.47,4546.55,4570.61
2/19/2016,4464.67,4513.15,4455.1,4504.43
2/18/2016,4548.1,4548.47,4482.77,4487.54
2/17/2016,4471.66,4540.78,4463.51,4534.06
2/16/2016,4397.95,4435.95,4376.52,4435.96
2/12/2016,4307.29,4340.13,4274.15,4337.51
2/11/2016,4218.81,4293.22,4209.76,4266.84
2/10/2016,4318.28,4369.62,4280.73,4283.59
2/9/2016,4224.87,4329.6,4222.48,4268.76
2/8/2016,4288.02,4301.53,4212.81,4283.75
2/5/2016,4491.48,4493.19,4350.38,4363.14
2/4/2016,4492.48,4545.52,4463.99,4509.56
2/3/2016,4543.82,4547.32,4424.47,4504.24
2/2/2016,4588.69,4589.9,4503.13,4516.95
2/1/2016,4587.59,4636.93,4565.38,4620.37
1/29/2016,4512.09,4613.95,4511.31,4613.95
1/28/2016,4533.81,4533.81,4447.5,4506.68
1/27/2016,4548.87,4568.85,4450.83,4468.17
1/26/2016,4537.04,4583.22,4503.52,4567.67
1/25/2016,4574.6,4590.44,4514.78,4518.49
1/22/2016,4557.39,4591.18,4540.27,4591.18
1/21/2016,4480.7,4537.15,4432.02,4472.06
1/20/2016,4405.22,4514.92,4313.39,4471.69
1/19/2016,4548.05,4550.57,4430.77,4476.95
1/15/2016,4464.37,4520.45,4419.41,4488.42
1/14/2016,4545.37,4650.55,4470.59,4615
1/13/2016,4706.02,4713.98,4517.56,4526.06
1/12/2016,4681.54,4714.8,4618.03,4685.92
1/11/2016,4673.44,4683.02,4573.77,4637.99
1/8/2016,4722.02,4742.57,4637.85,4643.63
1/7/2016,4736.4,4788.02,4688.17,4689.43
1/6/2016,4813.76,4866.04,4804.69,4835.76
1/5/2016,4917.84,4926.73,4872.74,4891.43
1/4/2016,4897.65,4903.09,4846.98,4903.09
12/31/2015,5047.04,5058.06,5007.01,5007.41
12/30/2015,5101.18,5102.35,5065.68,5065.85
12/29/2015,5066.52,5116.99,5065.9,5107.94
12/28/2015,5032.29,5041.27,4999.07,5040.99
12/24/2015,5046.19,5063.28,5043.65,5048.49
12/23/2015,5025.55,5046.09,5020.44,5045.93
12/22/2015,4988.68,5007.77,4964.08,5001.11
12/21/2015,4957.53,4968.92,4928.93,4968.92
12/18/2015,4982.58,4996.49,4921.34,4923.08
12/17/2015,5087.17,5088.57,5002.56,5002.55
12/16/2015,5033.48,5078.99,4992.63,5071.13
12/15/2015,4991.21,5026.54,4986.98,4995.36
12/14/2015,4932.61,4953.6,4871.59,4952.23
12/11/2015,4979.77,4996.19,4928.67,4933.47
12/10/2015,5026.3,5075.65,5019.31,5045.17
12/9/2015,5077.21,5106.36,5000.13,5022.87
12/8/2015,5050.52,5111.73,5045.73,5098.24
12/7/2015,5139.46,5139.78,5082.23,5101.81
12/4/2015,5050.93,5147,5043.49,5142.27
12/3/2015,5143.15,5144.59,5011.72,5037.53
12/2/2015,5158.82,5176.77,5117.15,5123.22
12/1/2015,5129.64,5156.31,5120.17,5156.31
11/30/2015,5139.58,5141.35,5098.69,5108.67
11/27/2015,5121.93,5134.35,5108.51,5127.52
11/25/2015,5106.87,5124.09,5101.18,5116.14
11/24/2015,5070.66,5110.75,5050.14,5102.81
11/23/2015,5106.72,5128.08,5084.85,5102.48
11/20/2015,5096.96,5112.46,5094.32,5104.92
11/19/2015,5078.68,5092.46,5067.27,5073.64
11/18/2015,5004.6,5078.8,5001.67,5075.2
11/17/2015,4991.71,5023.45,4975.74,4986.01
11/16/2015,4916.14,4984.91,4908.66,4984.62
11/13/2015,4980.86,4989.06,4925.35,4927.88
11/12/2015,5043.1,5062.49,5004.47,5005.08
11/11/2015,5098.13,5111.19,5066.68,5067.02
11/10/2015,5068.55,5086.89,5051.22,5083.24
11/9/2015,5128.94,5133.44,5066.1,5095.3
11/6/2015,5124.04,5147.12,5092.87,5147.12
11/5/2015,5144.15,5154.85,5098.49,5127.74
11/4/2015,5155.62,5162.57,5122.78,5142.48
11/3/2015,5114.31,5163.47,5109.68,5145.13
11/2/2015,5065.64,5130.52,5061.47,5127.15
10/30/2015,5079.76,5085.22,5053.75,5053.75
10/29/2015,5071.04,5084.63,5066.89,5074.27
10/28/2015,5040.38,5095.69,5019.6,5095.69
10/27/2015,5018.99,5040.08,5009.07,5030.15
10/26/2015,5030.8,5045.16,5012.74,5034.7
10/23/2015,5024.38,5048.56,4999.53,5031.86
10/22/2015,4875.96,4926.98,4861.8,4920.05
10/21/2015,4903.98,4904.85,4836.46,4840.12
10/20/2015,4900.02,4909.37,4866.6,4880.97
10/19/2015,4873.54,4915.49,4865.83,4905.47
10/16/2015,4872.36,4886.95,4851.28,4886.69
10/15/2015,4799.43,4870.1,4795.28,4870.1
10/14/2015,4801.35,4820.09,4771.63,4782.85
10/13/2015,4809.24,4858.28,4793.91,4796.61
10/12/2015,4839.79,4846.74,4818.16,4838.64
10/9/2015,4817.28,4841.38,4804.59,4830.47
10/8/2015,4775.06,4819.07,4737.93,4810.79
10/7/2015,4775.05,4791.15,4728.71,4791.15
10/6/2015,4767.63,4783.37,4711.79,4748.36
10/5/2015,4742.13,4785.91,4740.24,4781.26
10/2/2015,4566.13,4707.77,4552.34,4707.78
10/1/2015,4624.47,4628.23,4559.22,4627.08
9/30/2015,4574.38,4620.16,4559.18,4620.16
9/29/2015,4551.04,4596.06,4487.06,4517.32
9/28/2015,4665.06,4665.21,4529.41,4543.97
9/25/2015,4782.41,4785.22,4659.48,4686.5
9/24/2015,4717.89,4746.21,4670.12,4734.48
9/23/2015,4764.69,4780.64,4735.13,4752.74
9/22/2015,4762.29,4776.28,4716.91,4756.72
9/21/2015,4851.98,4881.46,4795.91,4828.95
9/18/2015,4828.71,4878.71,4819.09,4827.23
9/17/2015,4884.11,4960.87,4880.5,4893.95
9/16/2015,4860.44,4893.44,4848.15,4889.24
9/15/2015,4819.32,4872.35,4802.09,4860.52
9/14/2015,4831.98,4832,4791.08,4805.76
9/11/2015,4770.73,4822.34,4763.15,4822.34
9/10/2015,4749.96,4826.33,4746.52,4796.25
9/9/2015,4856.27,4862.88,4746.73,4756.53
9/8/2015,4769.72,4815.04,4754.89,4811.93
9/4/2015,4670.35,4712.67,4657.82,4683.92
9/3/2015,4763.1,4800.18,4721.91,4733.5
9/2/2015,4704.42,4749.98,4659.41,4749.98
9/1/2015,4673.61,4722.13,4614.91,4636.1
8/31/2015,4798.68,4824.61,4763.42,4776.51
8/28/2015,4792.11,4836.78,4788.38,4828.32
8/27/2015,4761.05,4818.72,4721.79,4812.71
8/26/2015,4633.51,4703.97,4530.03,4697.54
8/25/2015,4687.27,4689.53,4506.1,4506.49
8/24/2015,4351.61,4694.9,4292.15,4526.25
8/21/2015,4801.04,4856.75,4706.04,4706.04
8/20/2015,4973.49,4986.51,4877.49,4877.49
8/19/2015,5039.03,5060.93,4992.84,5019.05
8/18/2015,5082.18,5085.15,5054.97,5059.35
8/17/2015,5032.34,5092.69,5022.42,5091.7
8/14/2015,5025.92,5051.9,5012.61,5048.24
8/13/2015,5050.94,5071.46,5029.61,5033.56
8/12/2015,4994.52,5055.75,4945.79,5044.39
8/11/2015,5069.16,5089.33,5013.44,5036.79
8/10/2015,5081.72,5112.47,5081.11,5101.8
8/7/2015,5043.97,5055.56,5006.15,5043.54
8/6/2015,5146.63,5149.93,5035.41,5056.44
8/5/2015,5132.77,5175.27,5131.86,5139.94
8/4/2015,5110.96,5125.9,5092.46,5105.55
8/3/2015,5134.34,5143.08,5082.32,5115.38
7/31/2015,5148.18,5155.02,5122.37,5128.28
7/30/2015,5100.3,5135.65,5070.62,5128.78
7/29/2015,5097.86,5117.84,5080.04,5111.73
7/28/2015,5063.44,5097.68,5025.6,5089.21
7/27/2015,5055.93,5072.88,5032.69,5039.78
7/24/2015,5166.91,5167.54,5084.51,5088.63
7/23/2015,5180.33,5197,5137.65,5146.41
7/22/2015,5146.03,5184.74,5145.78,5171.77
7/21/2015,5219.2,5229,5196.31,5208.12
7/20/2015,5223.18,5231.94,5201.49,5218.86
7/17/2015,5196.11,5210.16,5183.23,5210.14
7/16/2015,5138.18,5163.18,5128.56,5163.18
7/15/2015,5111.11,5125.32,5088.12,5098.94
7/14/2015,5077.12,5116.52,5075.12,5104.89
7/13/2015,5037.27,5074.81,5036.68,5071.51
7/10/2015,4981.24,5008.06,4966.51,4997.7
7/9/2015,4976.15,4982.19,4920.4,4922.4
7/8/2015,4953.98,4965.45,4901.51,4909.76
7/7/2015,4993.76,5002,4902.21,4997.46
7/6/2015,4963.8,5020.71,4960.93,4991.94
7/2/2015,5024.3,5027.47,4990.74,5009.21
7/1/2015,5029.05,5038.55,4994.47,5013.12
6/30/2015,5000.15,5008.76,4968.26,4986.87
6/29/2015,5021.21,5051.01,4956.23,4958.47
6/26/2015,5113.26,5121.47,5060.82,5080.51
6/25/2015,5139.48,5141.71,5102.16,5112.19
6/24/2015,5151.38,5164.36,5121.64,5122.41
6/23/2015,5161.68,5163.41,5139.33,5160.09
6/22/2015,5147.87,5162.13,5142.78,5153.97
6/19/2015,5139.77,5140.17,5113.94,5117
6/18/2015,5082.06,5143.32,5082.03,5132.95
6/17/2015,5067.68,5080.11,5042.25,5064.88
6/16/2015,5023.58,5063.06,5022.56,5055.55
6/15/2015,5011.79,5035.37,4985.94,5029.97
6/12/2015,5060.24,5067.96,5043.24,5051.1
6/11/2015,5088.26,5101.4,5075.05,5082.51
6/10/2015,5029.41,5086.66,5024.18,5076.69
6/9/2015,5013.13,5027.02,4974.61,5013.87
6/8/2015,5066.65,5069,5014.06,5021.63
6/5/2015,5057.04,5074.98,5025.52,5068.46
6/4/2015,5078.22,5101.11,5046.29,5059.12
6/3/2015,5098.48,5114.6,5084.99,5099.23
6/2/2015,5063.47,5100.02,5047.35,5076.52
6/1/2015,5094.94,5099.01,5045.67,5082.93
5/29/2015,5093.1,5099.4,5057.59,5070.03
5/28/2015,5096.34,5106.65,5080.25,5097.98
5/27/2015,5047.86,5111.53,5039.37,5106.59
5/26/2015,5076.91,5081.17,5016.73,5032.75
5/22/2015,5085.39,5103.84,5085.19,5089.36
5/21/2015,5065.94,5098.23,5062.52,5090.79
5/20/2015,5072.44,5097.52,5050.22,5071.74
5/19/2015,5080.44,5087.35,5062.8,5070.03
5/18/2015,5040.92,5084.5,5037.54,5078.44
5/15/2015,5059.15,5062.65,5034.84,5048.29
5/14/2015,5016.68,5051.72,4999.66,5050.8
5/13/2015,4991.42,5012.97,4977.49,4981.69
5/12/2015,4966.44,4995.5,4931.6,4976.19
5/11/2015,5003.26,5017.38,4992.02,4993.57
5/8/2015,4991.63,5014.33,4989.26,5003.55
5/7/2015,4917.75,4957.12,4914.53,4945.54
5/6/2015,4956.7,4965.1,4888.17,4919.64
5/5/2015,5000.19,5008.27,4934.34,4939.33
5/4/2015,5018.35,5043.62,5013.02,5016.93
5/1/2015,4966.32,5005.39,4962.74,5005.39
4/30/2015,4996.99,5015.96,4921.56,4941.42
4/29/2015,5028.45,5053.84,4999.83,5023.64
4/28/2015,5063.26,5075.3,5006.28,5055.42
4/27/2015,5104.36,5119.83,5053.54,5060.25
4/24/2015,5096.34,5100.37,5081.22,5092.08
4/23/2015,5020.22,5073.09,5019.3,5056.06
4/22/2015,5026.57,5040.65,4992.62,5035.17
4/21/2015,5023.96,5028.22,5009.51,5014.1
4/20/2015,4958.07,5000.2,4952.68,4994.6
4/17/2015,4966.11,4974.09,4912.32,4931.81
4/16/2015,4999.36,5016,4996,5007.79
4/15/2015,4992.62,5021.19,4989.24,5011.02
4/14/2015,4988.82,4996.82,4952.01,4977.29
4/13/2015,5001.56,5024.25,4985.97,4988.25
4/10/2015,4977.03,4996.09,4970.02,4995.98
4/9/2015,4950.84,4975.93,4928.11,4974.56
4/8/2015,4914.15,4956.72,4914.15,4950.82
4/7/2015,4917.5,4948.88,4909.77,4910.23
4/6/2015,4855.94,4929.63,4852.91,4917.32
4/2/2015,4885.41,4901.32,4872.96,4886.94
4/1/2015,4894.36,4899.38,4844.39,4880.23
3/31/2015,4925.91,4940.88,4899.31,4900.88
3/30/2015,4921.78,4948.46,4921.12,4947.44
3/27/2015,4863.74,4899.26,4859.66,4891.22
3/26/2015,4835.72,4889.22,4825.93,4863.36
3/25/2015,5002.83,5006.76,4876.52,4876.52
3/24/2015,5010.1,5032.48,4994.56,4994.73
3/23/2015,5020.6,5031.39,5010.97,5010.97
3/20/2015,5033.47,5042.14,5020.07,5026.42
3/19/2015,4982.02,5000.02,4979.94,4992.38
3/18/2015,4926.83,5001.57,4907.72,4982.83
3/17/2015,4912.65,4944.91,4907.02,4937.43
3/16/2015,4897.27,4929.94,4889.09,4929.51
3/13/2015,4885.54,4904.47,4842.8,4871.76
3/12/2015,4853.98,4895.8,4853.2,4893.29
3/11/2015,4866.94,4876.09,4846.78,4849.94
3/10/2015,4899.51,4903.44,4859.8,4859.79
3/9/2015,4936.08,4950.47,4920.82,4942.44
3/6/2015,4967.24,4982.93,4918.63,4927.37
3/5/2015,4979.95,4993.52,4963.1,4982.81
3/4/2015,4961.24,4973.32,4938.9,4967.14
3/3/2015,4990.7,4996.66,4956.07,4979.9
3/2/2015,4973.43,5008.57,4972.01,5008.1
2/27/2015,4985.03,4989.25,4960.88,4963.53
2/26/2015,4969.27,4989.1,4955.51,4987.89
2/25/2015,4960.36,4984.23,4956,4967.14
2/24/2015,4956.21,4971.18,4945.14,4968.12
2/23/2015,4953.1,4960.97,4939.56,4960.97
2/20/2015,4919.78,4957.02,4905.59,4955.97
2/19/2015,4901.51,4929.53,4900.63,4924.7
2/18/2015,4890.84,4907.5,4885.6,4906.36
2/17/2015,4889.98,4901.89,4880.64,4899.27
2/13/2015,4869.73,4893.84,4860.13,4893.84
2/12/2015,4828.08,4857.61,4823.57,4857.61
2/11/2015,4788.37,4810.36,4780.13,4801.18
2/10/2015,4754.63,4793.27,4737.12,4787.64
2/9/2015,4723.73,4749.47,4719.61,4726.01
2/6/2015,4768.85,4787.18,4731.22,4744.4
2/5/2015,4729.65,4767.38,4722.8,4765.1
2/4/2015,4699.81,4744.32,4697.79,4716.7
2/3/2015,4693.25,4727.74,4670.82,4727.74
2/2/2015,4650.6,4676.69,4580.46,4676.69
1/30/2015,4671.2,4703.82,4631.1,4635.24
1/29/2015,4635.73,4688.41,4601.77,4683.41
1/28/2015,4740.69,4742.06,4637.48,4637.99
1/27/2015,4698.23,4721.88,4659.84,4681.5
1/26/2015,4752.36,4774.18,4734.2,4771.76
1/23/2015,4748.19,4771.18,4737.95,4757.88
1/22/2015,4690.93,4752.59,4644.57,4750.4
1/21/2015,4641.95,4692.47,4629.59,4667.42
1/20/2015,4655.84,4665.65,4601.1,4654.85
1/16/2015,4566.38,4635.82,4563.1,4634.38
1/15/2015,4657.46,4663.96,4567.39,4570.82
1/14/2015,4610.76,4655.37,4595.98,4639.32
1/13/2015,4708.74,4751.34,4624.28,4661.5
1/12/2015,4714.07,4715.81,4650.66,4664.71
1/9/2015,4744.47,4744.71,4681.24,4704.07
1/8/2015,4689.54,4741.38,4688.02,4736.19
1/7/2015,4626.84,4652.72,4613.91,4650.47
1/6/2015,4666.85,4667.33,4567.59,4592.74
1/5/2015,4700.34,4702.77,4641.47,4652.57
1/2/2015,4760.24,4777.01,4698.11,4726.81
12/31/2014,4790.53,4806.43,4734.1,4736.05
12/30/2014,4793.61,4803.9,4772.89,4777.44
12/29/2014,4801.26,4813.72,4798.9,4806.91
12/26/2014,4788.06,4814.95,4787.85,4806.86
12/24/2014,4770.12,4787.57,4768.66,4773.47
12/23/2014,4798.03,4798.06,4761.39,4765.42
12/22/2014,4759.04,4781.93,4757.81,4781.42
12/19/2014,4752.6,4782.13,4738.29,4765.38
12/18/2014,4712.39,4748.4,4697.09,4748.4
12/17/2014,4556.9,4651.9,4550.7,4644.31
12/16/2014,4572.79,4645.19,4547.31,4547.83
12/15/2014,4679.67,4690.59,4592.43,4605.16
12/12/2014,4665.35,4707.91,4653.6,4653.6
12/11/2014,4704.65,4759.88,4699.43,4708.16
12/10/2014,4754.42,4766.64,4679.25,4684.03
12/9/2014,4685.2,4768.41,4674.38,4766.47
12/8/2014,4769.76,4793.24,4722.91,4740.69
12/5/2014,4776.57,4788.98,4769.64,4780.76
12/4/2014,4772,4785.41,4753.71,4769.44
12/3/2014,4761.31,4781.38,4745.14,4774.47
12/2/2014,4732.97,4761.63,4729.76,4755.81
12/1/2014,4777.73,4782.07,4724.62,4727.35
11/28/2014,4797.1,4810.86,4786.72,4791.63
11/26/2014,4760.23,4788,4757.48,4787.32
11/25/2014,4762.39,4774.52,4749.92,4758.25
11/24/2014,4725.17,4755.02,4723.62,4754.89
11/21/2014,4751.01,4751.6,4700.73,4712.97
11/20/2014,4655.2,4702.97,4653.32,4701.87
11/19/2014,4694.78,4696.2,4655.72,4675.71
11/18/2014,4674.84,4709.83,4674.3,4702.44
11/17/2014,4678.44,4689.53,4655.19,4671
11/14/2014,4679.85,4688.74,4664.31,4688.54
11/13/2014,4681.56,4703.1,4664.27,4680.14
11/12/2014,4644.63,4678.58,4643.78,4675.13
11/11/2014,4649.19,4661.22,4640.24,4660.56
11/10/2014,4635.1,4653.38,4626.49,4651.62
11/7/2014,4636.89,4638.8,4606.81,4632.53
11/6/2014,4616.78,4639.17,4604.76,4638.47
11/5/2014,4649.47,4650.39,4607.73,4620.72
11/4/2014,4623.77,4635.95,4594.91,4623.64
11/3/2014,4633.71,4654.18,4627.43,4638.91
10/31/2014,4639.45,4641.51,4616.58,4630.74
10/30/2014,4532.1,4575.5,4521.78,4566.14
10/29/2014,4551.37,4564.44,4517.02,4549.23
10/28/2014,4505.73,4564.29,4505.1,4564.29
10/27/2014,4469.02,4489.6,4450.29,4485.93
10/24/2014,4459.46,4486.26,4445.85,4483.72
10/23/2014,4427.44,4475.55,4421.56,4452.79
10/22/2014,4429.16,4435.86,4381.28,4382.85
10/21/2014,4359.17,4419.48,4356.1,4419.48
10/20/2014,4254.16,4316.87,4248.22,4316.07
10/17/2014,4275.09,4296.1,4241.67,4258.44
10/16/2014,4133.25,4246.02,4131.65,4217.39
10/15/2014,4154.1,4231.54,4116.6,4215.32
10/14/2014,4246.23,4281.34,4212.82,4227.17
10/13/2014,4274.9,4303.82,4212.86,4213.66
10/10/2014,4354.63,4380.51,4276.24,4276.24
10/9/2014,4458.29,4464.13,4377.28,4378.34
10/8/2014,4385.7,4473.73,4355.34,4468.59
10/7/2014,4433.91,4441.76,4385.15,4385.2
10/6/2014,4492.4,4496.26,4444.1,4454.8
10/3/2014,4456.81,4488.07,4445.72,4475.62
10/2/2014,4421.25,4441.94,4367.74,4430.19
10/1/2014,4486.65,4486.78,4409.3,4422.09
9/30/2014,4512.64,4522.06,4483.91,4493.39
9/29/2014,4465.84,4515.24,4464.44,4505.85
9/26/2014,4476.48,4515.75,4475.48,4512.19
9/25/2014,4540.82,4546.93,4466.64,4466.75
9/24/2014,4514.92,4557.27,4500.13,4555.22
9/23/2014,4511.32,4536.03,4508.42,4508.69
9/22/2014,4568.45,4568.87,4513.12,4527.69
9/19/2014,4606.13,4610.57,4563.44,4579.79
9/18/2014,4575.74,4593.98,4572.62,4593.43
9/17/2014,4553.96,4582.4,4539.36,4562.19
9/16/2014,4502.11,4558.23,4499.87,4552.76
9/15/2014,4567.45,4567.47,4506.73,4518.9
9/12/2014,4588.77,4590.08,4555.68,4567.6
9/11/2014,4567.64,4591.81,4559.75,4591.81
9/10/2014,4554.15,4587.1,4544.84,4586.52
9/9/2014,4588.83,4599.03,4544.44,4552.29
9/8/2014,4579.06,4600.4,4570.23,4592.29
9/5/2014,4560.63,4583,4542.74,4582.9
9/4/2014,4581.52,4603.15,4553.31,4562.29
9/3/2014,4610.14,4610.14,4565.38,4572.57
9/2/2014,4592.42,4598.64,4576.81,4598.19
8/29/2014,4571.76,4580.27,4553.78,4580.27
8/28/2014,4552.55,4565.96,4546.62,4557.69
8/27/2014,4574.35,4575.82,4561.84,4569.62
8/26/2014,4563.81,4575.59,4556.78,4570.64
8/25/2014,4563.72,4571.14,4547.78,4557.35
8/22/2014,4534.87,4547.24,4521.77,4538.55
8/21/2014,4526.72,4534,4513.81,4532.1
8/20/2014,4517.75,4533.01,4515.73,4526.48
8/19/2014,4514.26,4528.91,4513.92,4527.51
8/18/2014,4490.53,4509.16,4486.43,4508.31
8/15/2014,4479.64,4482.47,4427.13,4464.93
8/14/2014,4438.13,4453,4433.94,4453
8/13/2014,4407.86,4434.31,4403.64,4434.13
8/12/2014,4394.69,4407.08,4371.84,4389.25
8/11/2014,4387.38,4415.78,4384.15,4401.33
8/8/2014,4340.88,4373.11,4327.87,4370.9
8/7/2014,4373.24,4379.7,4321.89,4334.97
8/6/2014,4326.28,4378.99,4325.04,4355.05
8/5/2014,4364.59,4383.02,4333.58,4352.84
8/4/2014,4365.62,4395.38,4343.03,4383.89
8/1/2014,4363.39,4385.05,4324.02,4352.64
7/31/2014,4421.29,4430.8,4367.15,4369.77
7/30/2014,4468.44,4476.06,4444.51,4462.9
7/29/2014,4456.07,4470.97,4441.03,4442.7
7/28/2014,4451.12,4455.39,4413.91,4444.91
7/25/2014,4448.06,4457.95,4430.43,4449.56
7/24/2014,4481.61,4485.5,4465.93,4472.11
7/23/2014,4468.16,4480.73,4457.94,4473.7
7/22/2014,4444.94,4464.13,4443.35,4456.02
7/21/2014,4421.2,4432.41,4404.5,4424.7
7/18/2014,4379.94,4434.43,4378.22,4432.15
7/17/2014,4411.52,4425.38,4352.23,4363.45
7/16/2014,4446.17,4448.87,4419.71,4425.97
7/15/2014,4444.91,4451.93,4389.7,4416.39
7/14/2014,4441.39,4451.6,4432.95,4440.42
7/11/2014,4401.05,4417.16,4389.29,4415.49
7/10/2014,4352.03,4415.85,4351.04,4396.2
7/9/2014,4403.03,4421.93,4388.01,4419.03
7/8/2014,4442.87,4443.56,4372.04,4391.46
7/7/2014,4477.74,4478.02,4447.6,4451.53
7/3/2014,4472.89,4485.93,4463.85,4485.93
7/2/2014,4457.86,4466.92,4450.88,4457.73
7/1/2014,4424.71,4471.59,4424.43,4458.65
6/30/2014,4398.37,4417.47,4396.59,4408.18
6/27/2014,4371.8,4398.85,4371.6,4397.93
6/26/2014,4379.44,4379.81,4347.45,4379.05
6/25/2014,4341.82,4383.55,4339.41,4379.76
6/24/2014,4367.9,4399.87,4342.9,4350.36
6/23/2014,4368.95,4371.81,4358.68,4368.68
6/20/2014,4365.37,4368.8,4354.03,4368.04
6/19/2014,4370.14,4372.18,4339.61,4359.33
6/18/2014,4341.18,4365.1,4320.54,4362.84
6/17/2014,4316.01,4346.12,4311.15,4337.23
6/16/2014,4303.93,4326.9,4296.26,4321.11
6/13/2014,4315.31,4317.67,4288.41,4310.65
6/12/2014,4323.11,4328.35,4284.53,4297.63
6/11/2014,4322.92,4338.21,4315.49,4331.93
6/10/2014,4329.2,4338.87,4319.93,4338
6/9/2014,4324.35,4346.74,4320.28,4336.24
6/6/2014,4312.76,4322.51,4305.74,4321.4
6/5/2014,4259.12,4299.5,4241.68,4296.23
6/4/2014,4222.21,4256.19,4216.23,4251.64
6/3/2014,4222.04,4240.35,4215.81,4234.08
6/2/2014,4247.96,4247.96,4207.61,4237.2
5/30/2014,4251.49,4252.08,4221.95,4242.62
5/29/2014,4238.04,4247.94,4228.96,4247.95
5/28/2014,4234.96,4238.18,4216.89,4225.07
5/27/2014,4206.44,4237.07,4204.72,4237.07
5/23/2014,4159.78,4186.58,4148.31,4185.81
5/22/2014,4136.09,4164.85,4131.47,4154.34
5/21/2014,4105.96,4133.61,4103.6,4131.54
5/20/2014,4121.11,4124.86,4080.61,4096.89
5/19/2014,4080.33,4128.47,4075.7,4125.82
5/16/2014,4070.35,4091.16,4044.27,4090.59
5/15/2014,4096.53,4098.25,4035.96,4069.29
5/14/2014,4122.08,4132.33,4093.83,4100.63
5/13/2014,4144.9,4155.13,4128.01,4130.17
5/12/2014,4092.84,4146.53,4092.09,4143.86
5/9/2014,4043.44,4071.87,4025.24,4071.87
5/8/2014,4053.28,4109.19,4039.91,4051.5
5/7/2014,4085.49,4091.03,4021.05,4067.67
5/6/2014,4128.22,4132.46,4080.76,4080.76
5/5/2014,4099.25,4138.34,4086.35,4138.06
5/2/2014,4138.63,4145.06,4115.89,4123.9
5/1/2014,4121.25,4149.56,4105.61,4127.45
4/30/2014,4085.19,4116.14,4070.63,4114.56
4/29/2014,4089.51,4111.45,4070.24,4103.54
4/28/2014,4091.81,4111.59,4014.17,4074.4
4/25/2014,4125.16,4126.98,4068.1,4075.56
4/24/2014,4174.61,4177.16,4107.52,4148.34
4/23/2014,4160.9,4161.44,4125.41,4126.97
4/22/2014,4132.06,4170.72,4131.6,4161.46
4/21/2014,4105.36,4121.55,4081.91,4121.55
4/17/2014,4080.3,4110.46,4064.7,4095.52
4/16/2014,4066.82,4086.28,4038.81,4086.23
4/15/2014,4032.63,4054.8,3946.03,4034.16
4/14/2014,4038.06,4050.79,3986.5,4022.69
4/11/2014,4015.07,4067.22,3991.64,3999.73
4/10/2014,4181.21,4182.61,4042.76,4054.11
4/9/2014,4129.63,4185.19,4121.17,4183.9
4/8/2014,4085.18,4120.24,4066.11,4112.99
4/7/2014,4110.92,4133.68,4052.14,4079.75
4/4/2014,4263.94,4267.06,4118.72,4127.73
4/3/2014,4282.18,4284.68,4216.57,4237.74
4/2/2014,4281.61,4286.09,4258.85,4276.46
4/1/2014,4219.87,4268.2,4218.77,4268.04
3/31/2014,4185.63,4212.97,4180.54,4198.99
3/28/2014,4163.18,4203.49,4144.69,4155.76
3/27/2014,4169.35,4186.13,4131.81,4151.23
3/26/2014,4254.98,4263.07,4173.58,4173.58
3/25/2014,4252.65,4274.32,4203.65,4234.27
3/24/2014,4289.49,4289.48,4190.61,4226.39
3/21/2014,4339.9,4344.39,4268.34,4276.79
3/20/2014,4297.99,4329.61,4287.41,4319.29
3/19/2014,4331.46,4334.3,4283.53,4307.6
3/18/2014,4286.22,4334.66,4284.11,4333.31
3/17/2014,4274.22,4301.28,4273.01,4279.95
3/14/2014,4250.45,4272.34,4241.94,4245.4
3/13/2014,4338.26,4339.9,4242.94,4260.42
3/12/2014,4288.6,4323.33,4270.22,4323.33
3/11/2014,4342.93,4354.43,4295.47,4307.19
3/10/2014,4332.62,4339.93,4307.84,4334.45
3/7/2014,4370.98,4371.39,4319.15,4336.22
3/6/2014,4368.81,4371.71,4341,4352.13
3/5/2014,4352.76,4362.5,4344.15,4357.97
3/4/2014,4327.85,4357.21,4327.53,4351.97
3/3/2014,4261.42,4284.15,4239.65,4277.3
2/28/2014,4323.52,4342.59,4275.61,4308.12
2/27/2014,4291.47,4322.46,4284.78,4318.93
2/26/2014,4300.45,4316.82,4278.53,4292.06
2/25/2014,4298.48,4307.51,4275.8,4287.59
2/24/2014,4273.32,4311.13,4272.11,4292.97
2/21/2014,4282.17,4284.85,4261.63,4263.41
2/20/2014,4241.46,4272.34,4226.75,4267.55
2/19/2014,4260.74,4274.28,4232.38,4237.95
2/18/2014,4253.71,4277.33,4243.56,4272.78
2/14/2014,4237,4250.91,4225.75,4244.03
2/13/2014,4171.58,4240.67,4170.47,4240.67
2/12/2014,4196.85,4212.61,4190.39,4201.29
2/11/2014,4154.65,4198.52,4153.1,4191.04
2/10/2014,4125.12,4148.3,4122.61,4148.17
2/7/2014,4081.82,4126.51,4069.93,4125.86
2/6/2014,4022.66,4064.06,4022.17,4057.12
2/5/2014,4015.5,4026.28,3968.19,4011.55
2/4/2014,4019.44,4044.2,4004.58,4031.52
2/3/2014,4105.06,4113.55,3989.95,3996.96
1/31/2014,4068.63,4124.93,4067.61,4103.88
1/30/2014,4098.81,4135.84,4094.17,4123.13
1/29/2014,4060.61,4091.27,4044.76,4051.43
1/28/2014,4067.86,4099.81,4067.69,4097.96
1/27/2014,4132.22,4136.46,4052.63,4083.61
1/24/2014,4194.97,4197.93,4128.17,4128.17
1/23/2014,4224.36,4224.44,4192.28,4218.87
1/22/2014,4234.58,4246.56,4225.52,4243
1/21/2014,4222.98,4227.93,4193.17,4225.76
1/17/2014,4207.82,4217.24,4187.31,4197.58
1/16/2014,4209.59,4219.28,4204.16,4218.69
1/15/2014,4196.53,4218.8,4195.98,4214.88
1/14/2014,4129.6,4183.84,4125.81,4183.02
1/13/2014,4167.41,4179.47,4097.99,4113.3
1/10/2014,4168.94,4174.68,4142.22,4174.66
1/9/2014,4179.04,4182.74,4142.7,4156.19
1/8/2014,4154.28,4171.75,4145,4165.61
1/7/2014,4128.57,4158.18,4126.48,4153.18
1/6/2014,4137.03,4139.78,4103.75,4113.68
1/3/2014,4148.56,4152.96,4124.96,4131.91
1/2/2014,4160.03,4160.96,4131.79,4143.07
