Date, Open, High, Low, Close,Symbol
11/30/2020,1854.87,1854.87,1813.56,1819.82,RUT 2000
11/27/2020,1846.26,1855.27,1845.5,1855.27,RUT 2000
11/25/2020,1852.62,1852.62,1831.95,1845.02,RUT 2000
11/24/2020,1819.52,1862.17,1819.52,1853.53,RUT 2000
11/23/2020,1787.24,1827.6,1787.24,1818.3,RUT 2000
11/20/2020,1782.15,1787.39,1771.13,1785.34,RUT 2000
11/19/2020,1769.25,1784.64,1764.2,1784.13,RUT 2000
11/18/2020,1792.76,1805.2,1769.32,1769.32,RUT 2000
11/17/2020,1783.09,1795.89,1755.34,1791.91,RUT 2000
11/16/2020,1747.02,1785.34,1747.02,1785.34,RUT 2000
11/13/2020,1710.05,1749.36,1710.05,1744.04,RUT 2000
11/12/2020,1735.99,1735.99,1696.65,1708.47,RUT 2000
11/11/2020,1738.88,1746.31,1722.22,1736.93,RUT 2000
11/10/2020,1706.45,1741.83,1706.45,1737.01,RUT 2000
11/9/2020,1652.11,1745.69,1652.11,1705.04,RUT 2000
11/6/2020,1660.78,1667.15,1644.16,1644.16,RUT 2000
11/5/2020,1616.65,1664.12,1616.65,1660.05,RUT 2000
11/4/2020,1612.98,1631.31,1598.56,1615.08,RUT 2000
11/3/2020,1571.94,1620.77,1571.94,1614.3,RUT 2000
11/2/2020,1540.86,1568.59,1540.86,1568.59,RUT 2000
10/30/2020,1559.69,1559.69,1526.22,1538.48,RUT 2000
10/29/2020,1543.06,1566.39,1532.23,1561.58,RUT 2000
10/28/2020,1586.77,1586.77,1542.54,1543.28,RUT 2000
10/27/2020,1605.67,1609.53,1590.71,1590.48,RUT 2000
10/26/2020,1635.22,1635.22,1586.89,1605.21,RUT 2000
10/23/2020,1634.06,1641.48,1626.32,1640.5,RUT 2000
10/22/2020,1604.95,1631.97,1603.96,1630.25,RUT 2000
10/21/2020,1618.34,1621.88,1603.77,1603.78,RUT 2000
10/20/2020,1620.57,1632.76,1615.99,1617.71,RUT 2000
10/19/2020,1636.84,1647.05,1612.22,1613.63,RUT 2000
10/16/2020,1638.48,1646.25,1633.8,1633.81,RUT 2000
10/15/2020,1618.88,1641.0,1598.49,1638.88,RUT 2000
10/14/2020,1637.97,1647.99,1621.56,1621.65,RUT 2000
10/13/2020,1647.57,1647.57,1631.6,1636.85,RUT 2000
10/12/2020,1642.46,1652.05,1637.35,1649.05,RUT 2000
10/9/2020,1630.71,1645.04,1630.71,1637.55,RUT 2000
10/8/2020,1615.27,1630.33,1615.27,1628.55,RUT 2000
10/7/2020,1581.12,1614.61,1581.12,1611.04,RUT 2000
10/6/2020,1584.49,1619.21,1577.29,1577.29,RUT 2000
10/5/2020,1541.2,1582.66,1541.2,1581.96,RUT 2000
10/2/2020,1527.59,1544.5,1498.12,1539.3,RUT 2000
10/1/2020,1508.6,1531.92,1508.6,1531.2,RUT 2000
9/30/2020,1504.84,1528.01,1498.29,1507.69,RUT 2000
9/29/2020,1510.2,1512.22,1492.52,1504.73,RUT 2000
9/28/2020,1477.43,1514.33,1477.43,1510.34,RUT 2000
9/25/2020,1450.98,1478.95,1445.7,1474.91,RUT 2000
9/24/2020,1450.84,1474.02,1432.57,1451.82,RUT 2000
9/23/2020,1496.97,1503.98,1451.41,1451.46,RUT 2000
9/22/2020,1486.05,1497.81,1474.49,1496.96,RUT 2000
9/21/2020,1533.92,1533.92,1470.44,1485.25,RUT 2000
9/18/2020,1544.34,1556.38,1519.76,1536.78,RUT 2000
9/17/2020,1550.14,1550.14,1526.55,1542.6,RUT 2000
9/16/2020,1539.27,1572.06,1539.27,1552.33,RUT 2000
9/15/2020,1538.54,1551.02,1535.64,1538.15,RUT 2000
9/14/2020,1499.38,1538.5,1499.38,1536.97,RUT 2000
9/11/2020,1508.8,1515.97,1484.95,1497.27,RUT 2000
9/10/2020,1526.87,1543.43,1507.73,1507.75,RUT 2000
9/9/2020,1505.09,1532.91,1505.09,1526.48,RUT 2000
9/8/2020,1534.37,1534.37,1499.83,1504.59,RUT 2000
9/4/2020,1546.64,1563.38,1501.52,1535.3,RUT 2000
9/3/2020,1578.78,1595.04,1538.53,1544.68,RUT 2000
9/2/2020,1578.78,1595.04,1567.43,1592.29,RUT 2000
9/1/2020,1561.1,1578.58,1554.19,1578.58,RUT 2000
8/31/2020,1577.55,1577.55,1561.88,1561.88,RUT 2000
8/28/2020,1570.46,1578.34,1567.13,1578.34,RUT 2000
8/27/2020,1561.36,1573.38,1555.27,1564.56,RUT 2000
8/26/2020,1570.72,1572.57,1559.73,1560.19,RUT 2000
8/25/2020,1572.65,1574.24,1556.78,1571.21,RUT 2000
8/24/2020,1559.96,1568.73,1554.1,1568.47,RUT 2000
8/21/2020,1563.37,1563.37,1545.36,1552.48,RUT 2000
8/20/2020,1567.77,1570.38,1554.46,1564.3,RUT 2000
8/19/2020,1570.44,1585.16,1569.98,1572.07,RUT 2000
8/18/2020,1585.54,1585.54,1566.51,1569.77,RUT 2000
8/17/2020,1579.48,1586.52,1575.84,1585.47,RUT 2000
8/14/2020,1575.78,1583.48,1567.88,1577.88,RUT 2000
8/13/2020,1580.26,1590.09,1575.96,1579.79,RUT 2000
8/12/2020,1577.9,1595.12,1574.25,1583.25,RUT 2000
8/11/2020,1587.57,1603.6,1570.7,1575.1,RUT 2000
8/10/2020,1573.75,1593.83,1573.75,1584.67,RUT 2000
8/7/2020,1542.52,1569.27,1539.52,1569.18,RUT 2000
8/6/2020,1546.44,1550.47,1537.46,1544.62,RUT 2000
8/5/2020,1521.79,1546.4,1521.79,1546.24,RUT 2000
8/4/2020,1506.53,1517.22,1501.58,1517.21,RUT 2000
8/3/2020,1485.49,1507.93,1483.37,1506.8,RUT 2000
7/31/2020,1495.15,1495.15,1457.62,1480.43,RUT 2000
7/30/2020,1499.2,1499.2,1475.16,1495.1,RUT 2000
7/29/2020,1471.37,1501.86,1471.37,1500.63,RUT 2000
7/28/2020,1484.37,1485.34,1469.55,1469.76,RUT 2000
7/27/2020,1468.23,1484.66,1464.48,1484.65,RUT 2000
7/24/2020,1488.67,1488.67,1466.1,1467.56,RUT 2000
7/23/2020,1489.33,1507.24,1477.23,1490.2,RUT 2000
7/22/2020,1486.43,1493.57,1478.88,1490.14,RUT 2000
7/21/2020,1472.13,1496.73,1472.13,1487.51,RUT 2000
7/20/2020,1471.67,1474.37,1461.3,1467.95,RUT 2000
7/17/2020,1467.87,1482.4,1464.71,1473.32,RUT 2000
7/16/2020,1473.78,1473.78,1460.08,1467.56,RUT 2000
7/15/2020,1432.5,1485.05,1432.5,1478.27,RUT 2000
7/14/2020,1403.13,1428.4,1393.9,1428.26,RUT 2000
7/13/2020,1427.36,1452.32,1403.06,1403.57,RUT 2000
7/10/2020,1398.92,1422.71,1395.65,1422.68,RUT 2000
7/9/2020,1427.44,1427.83,1384.1,1398.92,RUT 2000
7/8/2020,1416.36,1431.83,1402.18,1427.4,RUT 2000
7/7/2020,1441.3,1441.3,1414.24,1416.0,RUT 2000
7/6/2020,1435.95,1461.28,1435.95,1442.88,RUT 2000
7/2/2020,1433.39,1459.41,1428.55,1431.86,RUT 2000
7/1/2020,1443.29,1451.46,1423.65,1427.31,RUT 2000
6/30/2020,1418.55,1444.12,1413.18,1441.37,RUT 2000
6/29/2020,1383.04,1427.09,1381.04,1421.21,RUT 2000
6/26/2020,1411.37,1411.37,1375.59,1378.78,RUT 2000
6/25/2020,1388.41,1413.71,1375.37,1413.32,RUT 2000
6/24/2020,1437.2,1437.2,1374.4,1389.74,RUT 2000
6/23/2020,1436.46,1454.12,1436.46,1439.34,RUT 2000
6/22/2020,1417.67,1433.53,1400.98,1433.53,RUT 2000
6/19/2020,1430.65,1443.8,1409.47,1418.63,RUT 2000
6/18/2020,1424.72,1439.74,1412.27,1427.08,RUT 2000
6/17/2020,1453.33,1456.77,1424.6,1426.53,RUT 2000
6/16/2020,1432.35,1473.74,1427.84,1452.26,RUT 2000
6/15/2020,1381.41,1425.84,1343.6,1419.61,RUT 2000
6/12/2020,1366.96,1412.91,1349.39,1387.68,RUT 2000
6/11/2020,1458.34,1458.34,1355.32,1356.22,RUT 2000
6/10/2020,1506.94,1506.94,1465.94,1467.39,RUT 2000
6/9/2020,1533.03,1533.03,1496.68,1507.05,RUT 2000
6/8/2020,1510.59,1537.62,1510.59,1536.89,RUT 2000
6/5/2020,1460.18,1525.56,1460.18,1507.15,RUT 2000
6/4/2020,1450.16,1460.09,1439.11,1452.06,RUT 2000
6/3/2020,1425.37,1463.55,1425.37,1452.09,RUT 2000
6/2/2020,1409.16,1421.12,1403.69,1418.21,RUT 2000
6/1/2020,1396.29,1419.94,1395.51,1405.37,RUT 2000
5/29/2020,1399.05,1399.05,1372.71,1394.04,RUT 2000
5/28/2020,1437.84,1450.37,1396.95,1400.67,RUT 2000
5/27/2020,1398.5,1438.96,1382.03,1436.36,RUT 2000
5/26/2020,1361.16,1406.77,1361.16,1393.07,RUT 2000
5/22/2020,1349.4,1355.77,1338.13,1355.53,RUT 2000
5/21/2020,1345.72,1354.65,1333.99,1347.56,RUT 2000
5/20/2020,1322.78,1353.38,1322.78,1346.93,RUT 2000
5/19/2020,1330.27,1339.12,1307.27,1307.72,RUT 2000
5/18/2020,1290.9,1338.35,1290.9,1333.69,RUT 2000
5/15/2020,1236.25,1259.28,1225.55,1256.99,RUT 2000
5/14/2020,1226.66,1237.56,1181.1,1237.55,RUT 2000
5/13/2020,1272.9,1272.9,1212.75,1233.25,RUT 2000
5/12/2020,1322.67,1326.89,1275.54,1275.54,RUT 2000
5/11/2020,1320.37,1333.85,1303.53,1321.24,RUT 2000
5/8/2020,1294.28,1330.11,1294.28,1329.64,RUT 2000
5/7/2020,1268.35,1290.92,1268.35,1282.93,RUT 2000
5/6/2020,1278.9,1284.92,1262.56,1263.01,RUT 2000
5/5/2020,1271.22,1302.45,1269.99,1273.51,RUT 2000
5/4/2020,1254.88,1263.97,1234.01,1263.97,RUT 2000
5/1/2020,1280.58,1281.09,1241.91,1260.48,RUT 2000
4/30/2020,1354.8,1354.8,1310.45,1310.66,RUT 2000
4/29/2020,1314.04,1373.39,1314.04,1360.76,RUT 2000
4/28/2020,1301.22,1316.71,1282.77,1298.08,RUT 2000
4/27/2020,1243.47,1289.18,1243.47,1281.88,RUT 2000
4/24/2020,1216.68,1238.31,1210.62,1233.05,RUT 2000
4/23/2020,1203.66,1232.59,1203.66,1214.07,RUT 2000
4/22/2020,1203.02,1213.34,1196.54,1201.52,RUT 2000
4/21/2020,1192.22,1195.88,1173.91,1185.09,RUT 2000
4/20/2020,1220.63,1233.86,1202.21,1213.35,RUT 2000
4/17/2020,1191.86,1231.93,1191.85,1229.1,RUT 2000
4/16/2020,1185.1,1187.84,1154.52,1178.09,RUT 2000
4/15/2020,1221.71,1221.71,1176.03,1183.98,RUT 2000
4/14/2020,1232.32,1251.88,1224.15,1237.33,RUT 2000
4/13/2020,1240.91,1240.93,1200.92,1212.04,RUT 2000
4/9/2020,1212.66,1250.13,1212.66,1246.73,RUT 2000
4/8/2020,1151.01,1197.17,1147.26,1191.66,RUT 2000
4/7/2020,1158.17,1190.98,1133.55,1139.17,RUT 2000
4/6/2020,1085.88,1139.93,1085.88,1138.78,RUT 2000
4/3/2020,1082.9,1082.9,1035.39,1052.05,RUT 2000
4/2/2020,1071.46,1102.36,1055.6,1085.81,RUT 2000
4/1/2020,1127.73,1127.73,1064.6,1071.99,RUT 2000
3/31/2020,1155.68,1164.63,1130.35,1153.1,RUT 2000
3/30/2020,1134.14,1158.64,1119.95,1158.32,RUT 2000
3/27/2020,1163.92,1163.92,1125.68,1131.99,RUT 2000
3/26/2020,1116.31,1180.32,1116.31,1180.32,RUT 2000
3/25/2020,1100.14,1146.81,1075.85,1110.37,RUT 2000
3/24/2020,1041.07,1096.54,1041.07,1096.54,RUT 2000
3/23/2020,1014.08,1017.89,966.42,1002.4,RUT 2000
3/20/2020,1064.72,1087.72,1009.53,1013.89,RUT 2000
3/19/2020,988.71,1069.15,968.86,1058.75,RUT 2000
3/18/2020,1057.65,1062.88,966.22,991.16,RUT 2000
3/17/2020,1043.87,1106.68,1011.96,1106.51,RUT 2000
3/16/2020,1174.97,1209.45,1035.19,1037.42,RUT 2000
3/13/2020,1153.76,1210.13,1109.39,1210.13,RUT 2000
3/12/2020,1253.87,1253.87,1121.72,1122.93,RUT 2000
3/11/2020,1349.24,1349.24,1249.28,1264.3,RUT 2000
3/10/2020,1329.88,1351.48,1288.93,1350.9,RUT 2000
3/9/2020,1396.24,1396.24,1310.76,1313.44,RUT 2000
3/6/2020,1476.63,1476.63,1417.27,1449.22,RUT 2000
3/5/2020,1522.85,1522.85,1462.92,1478.82,RUT 2000
3/4/2020,1500.15,1531.2,1494.58,1531.2,RUT 2000
3/3/2020,1518.52,1539.74,1472.74,1486.08,RUT 2000
3/2/2020,1476.6,1518.53,1463.06,1518.49,RUT 2000
2/28/2020,1496.83,1496.83,1448.21,1476.43,RUT 2000
2/27/2020,1545.25,1553.97,1495.89,1497.87,RUT 2000
2/26/2020,1572.27,1588.32,1551.39,1552.76,RUT 2000
2/25/2020,1630.87,1633.11,1568.97,1571.9,RUT 2000
2/24/2020,1676.65,1676.65,1620.14,1628.1,RUT 2000
2/21/2020,1694.73,1694.73,1673.2,1678.61,RUT 2000
2/20/2020,1689.42,1698.91,1677.62,1696.07,RUT 2000
2/19/2020,1685.33,1698.16,1685.33,1692.57,RUT 2000
2/18/2020,1686.03,1687.38,1674.6,1683.52,RUT 2000
2/14/2020,1694.87,1695.17,1683.47,1687.58,RUT 2000
2/13/2020,1684.58,1696.54,1680.38,1693.74,RUT 2000
2/12/2020,1684.39,1690.06,1683.02,1689.38,RUT 2000
2/11/2020,1654.92,1686.01,1653.67,1677.52,RUT 2000
2/10/2020,1654.92,1667.7,1653.67,1667.67,RUT 2000
2/7/2020,1673.53,1673.53,1654.31,1656.78,RUT 2000
2/6/2020,1685.44,1689.17,1677.29,1677.46,RUT 2000
2/5/2020,1644.42,1682.96,1644.42,1681.92,RUT 2000
2/4/2020,1644.42,1661.0,1644.42,1656.77,RUT 2000
2/3/2020,1618.8,1636.88,1618.8,1632.2,RUT 2000
1/31/2020,1643.69,1643.69,1610.64,1614.06,RUT 2000
1/30/2020,1641.47,1648.43,1630.94,1648.22,RUT 2000
1/29/2020,1661.08,1663.77,1649.0,1649.22,RUT 2000
1/28/2020,1651.13,1661.19,1651.13,1658.31,RUT 2000
1/27/2020,1660.82,1660.82,1632.26,1644.14,RUT 2000
1/24/2020,1687.81,1689.15,1653.19,1662.23,RUT 2000
1/23/2020,1680.54,1687.85,1666.47,1685.01,RUT 2000
1/22/2020,1691.07,1694.37,1682.94,1684.46,RUT 2000
1/21/2020,1695.45,1695.45,1684.26,1685.9,RUT 2000
1/17/2020,1712.93,1715.08,1697.69,1699.64,RUT 2000
1/16/2020,1691.82,1706.17,1691.82,1705.21,RUT 2000
1/15/2020,1673.69,1688.12,1673.4,1682.4,RUT 2000
1/14/2020,1668.39,1684.34,1662.86,1675.74,RUT 2000
1/13/2020,1658.98,1669.61,1652.32,1669.61,RUT 2000
1/10/2020,1665.47,1666.75,1654.01,1657.64,RUT 2000
1/9/2020,1669.86,1671.82,1663.78,1664.99,RUT 2000
1/8/2020,1658.47,1669.29,1658.23,1663.59,RUT 2000
1/7/2020,1659.73,1662.1,1653.33,1658.31,RUT 2000
1/6/2020,1650.66,1664.85,1645.51,1663.26,RUT 2000
1/3/2020,1675.9,1678.14,1648.54,1660.87,RUT 2000
1/2/2020,1675.9,1678.14,1653.52,1666.77,RUT 2000
12/31/2019,1660.05,1673.34,1659.83,1668.47,RUT 2000
12/30/2019,1669.88,1670.22,1658.05,1664.15,RUT 2000
12/27/2019,1681.25,1681.68,1666.43,1669.03,RUT 2000
12/26/2019,1680.22,1680.36,1675.1,1677.67,RUT 2000
12/24/2019,1676.23,1678.09,1673.74,1678.01,RUT 2000
12/23/2019,1673.98,1675.31,1666.19,1674.14,RUT 2000
12/20/2019,1670.6,1674.43,1668.86,1671.9,RUT 2000
12/19/2019,1662.52,1667.23,1660.62,1667.09,RUT 2000
12/18/2019,1660.48,1663.38,1654.73,1661.73,RUT 2000
12/17/2019,1650.6,1657.7,1649.63,1657.56,RUT 2000
12/16/2019,1647.2,1658.62,1647.2,1649.94,RUT 2000
12/13/2019,1643.83,1650.18,1632.65,1637.98,RUT 2000
12/12/2019,1631.8,1654.07,1629.86,1644.81,RUT 2000
12/11/2019,1633.43,1634.43,1626.74,1631.93,RUT 2000
12/10/2019,1629.1,1633.74,1626.37,1631.71,RUT 2000
12/9/2019,1631.46,1636.44,1629.62,1629.62,RUT 2000
12/6/2019,1620.92,1637.9,1620.92,1633.84,RUT 2000
12/5/2019,1617.17,1620.84,1611.8,1614.83,RUT 2000
12/4/2019,1607.68,1618.38,1607.68,1613.9,RUT 2000
12/3/2019,1602.76,1603.08,1589.73,1602.63,RUT 2000
12/2/2019,1626.56,1627.34,1606.63,1607.58,RUT 2000
11/29/2019,1630.16,1633.59,1623.92,1624.5,RUT 2000
11/27/2019,1626.8,1634.77,1626.8,1634.1,RUT 2000
11/26/2019,1621.9,1630.28,1619.95,1624.23,RUT 2000
11/25/2019,1594.49,1623.99,1594.49,1621.9,RUT 2000
11/22/2019,1588.89,1591.31,1581.81,1588.94,RUT 2000
11/21/2019,1594.1,1595.61,1581.04,1583.96,RUT 2000
11/20/2019,1593.44,1602.71,1581.98,1591.61,RUT 2000
11/19/2019,1594.96,1602.96,1592.04,1598.29,RUT 2000
11/18/2019,1594.11,1594.11,1588.55,1592.34,RUT 2000
11/15/2019,1594.06,1598.2,1591.04,1596.45,RUT 2000
11/14/2019,1587.35,1594.71,1586.68,1588.79,RUT 2000
11/13/2019,1588.29,1591.85,1581.06,1589.18,RUT 2000
11/12/2019,1595.62,1604.64,1593.41,1595.12,RUT 2000
11/11/2019,1592.75,1595.44,1588.31,1594.77,RUT 2000
11/8/2019,1590.96,1598.93,1587.49,1598.86,RUT 2000
11/7/2019,1598.25,1607.41,1590.33,1593.99,RUT 2000
11/6/2019,1598.42,1598.42,1587.02,1589.54,RUT 2000
11/5/2019,1598.93,1608.8,1597.93,1599.61,RUT 2000
11/4/2019,1597.1,1602.06,1593.74,1597.4,RUT 2000
11/1/2019,1569.2,1589.33,1569.2,1589.33,RUT 2000
10/31/2019,1570.19,1570.47,1552.87,1562.45,RUT 2000
10/30/2019,1575.61,1575.61,1562.05,1572.85,RUT 2000
10/29/2019,1571.76,1581.13,1569.46,1577.07,RUT 2000
10/28/2019,1563.5,1576.99,1563.5,1571.93,RUT 2000
10/25/2019,1548.99,1562.56,1547.79,1558.71,RUT 2000
10/24/2019,1556.61,1557.33,1544.89,1550.18,RUT 2000
10/23/2019,1550.6,1554.68,1545.89,1552.86,RUT 2000
10/22/2019,1550.77,1557.89,1547.31,1550.87,RUT 2000
10/21/2019,1541.73,1557.02,1541.73,1550.14,RUT 2000
10/18/2019,1539.24,1540.72,1525.47,1535.48,RUT 2000
10/17/2019,1530.18,1542.66,1530.18,1541.84,RUT 2000
10/16/2019,1521.48,1529.6,1520.4,1525.06,RUT 2000
10/15/2019,1508.54,1528.42,1507.8,1523.3,RUT 2000
10/14/2019,1507.33,1508.62,1499.98,1505.43,RUT 2000
10/11/2019,1486.96,1525.83,1486.96,1511.9,RUT 2000
10/10/2019,1480.7,1491.57,1480.7,1485.36,RUT 2000
10/9/2019,1480.0,1484.83,1476.51,1479.46,RUT 2000
10/8/2019,1494.62,1494.62,1472.55,1472.6,RUT 2000
10/7/2019,1498.71,1507.33,1492.61,1497.79,RUT 2000
10/4/2019,1486.57,1500.77,1482.02,1500.7,RUT 2000
10/3/2019,1476.44,1487.35,1462.22,1486.35,RUT 2000
10/2/2019,1493.07,1493.07,1469.08,1479.63,RUT 2000
10/1/2019,1523.85,1539.09,1491.55,1493.43,RUT 2000
9/30/2019,1521.49,1530.66,1518.34,1523.37,RUT 2000
9/27/2019,1534.12,1539.37,1515.64,1520.48,RUT 2000
9/26/2019,1549.54,1549.54,1531.04,1533.33,RUT 2000
9/25/2019,1533.14,1552.94,1530.7,1550.65,RUT 2000
9/24/2019,1559.48,1562.63,1530.33,1533.59,RUT 2000
9/23/2019,1556.91,1563.64,1552.45,1558.25,RUT 2000
9/20/2019,1561.63,1570.02,1554.25,1559.77,RUT 2000
9/19/2019,1570.76,1581.35,1560.92,1561.47,RUT 2000
9/18/2019,1577.55,1577.55,1557.15,1568.34,RUT 2000
9/17/2019,1582.37,1582.37,1569.41,1578.29,RUT 2000
9/16/2019,1574.73,1590.49,1570.5,1584.6,RUT 2000
9/13/2019,1579.23,1589.45,1577.11,1578.14,RUT 2000
9/12/2019,1575.8,1580.72,1562.82,1575.07,RUT 2000
9/11/2019,1543.87,1575.83,1541.88,1575.71,RUT 2000
9/10/2019,1523.57,1543.63,1516.56,1542.99,RUT 2000
9/9/2019,1507.53,1526.1,1506.77,1524.23,RUT 2000
9/6/2019,1511.51,1517.01,1504.91,1505.17,RUT 2000
9/5/2019,1491.27,1521.79,1491.27,1510.74,RUT 2000
9/4/2019,1475.36,1487.94,1475.36,1484.76,RUT 2000
9/3/2019,1494.03,1494.03,1467.47,1472.28,RUT 2000
8/30/2019,1499.07,1504.45,1488.34,1494.84,RUT 2000
8/29/2019,1478.48,1498.78,1478.48,1496.72,RUT 2000
8/28/2019,1455.9,1478.03,1450.32,1472.71,RUT 2000
8/27/2019,1479.46,1485.67,1454.91,1456.04,RUT 2000
8/26/2019,1461.59,1476.34,1461.59,1476.0,RUT 2000
8/23/2019,1504.3,1505.68,1456.89,1459.48,RUT 2000
8/22/2019,1510.81,1516.47,1500.37,1506.0,RUT 2000
8/21/2019,1498.54,1512.08,1498.54,1509.85,RUT 2000
8/20/2019,1508.63,1508.63,1497.77,1498.01,RUT 2000
8/19/2019,1496.62,1515.34,1496.62,1508.85,RUT 2000
8/16/2019,1462.13,1494.68,1462.13,1493.64,RUT 2000
8/15/2019,1467.58,1470.94,1456.28,1461.65,RUT 2000
8/14/2019,1509.58,1509.58,1465.46,1467.52,RUT 2000
8/13/2019,1512.76,1522.77,1490.0,1510.58,RUT 2000
8/12/2019,1512.76,1512.76,1491.61,1494.27,RUT 2000
8/9/2019,1530.96,1530.96,1509.96,1513.04,RUT 2000
8/8/2019,1502.32,1533.5,1502.32,1532.13,RUT 2000
8/7/2019,1501.53,1504.59,1478.45,1500.69,RUT 2000
8/6/2019,1487.68,1502.86,1483.4,1502.09,RUT 2000
8/5/2019,1532.39,1532.39,1472.66,1487.41,RUT 2000
8/2/2019,1550.46,1550.46,1522.37,1533.66,RUT 2000
8/1/2019,1574.93,1587.82,1546.55,1550.76,RUT 2000
7/31/2019,1586.76,1599.4,1568.4,1574.61,RUT 2000
7/30/2019,1567.65,1586.32,1557.97,1585.6,RUT 2000
7/29/2019,1578.9,1580.02,1565.63,1569.03,RUT 2000
7/26/2019,1561.93,1581.53,1561.93,1578.97,RUT 2000
7/25/2019,1580.21,1580.21,1560.65,1561.45,RUT 2000
7/24/2019,1554.09,1581.63,1550.57,1580.42,RUT 2000
7/23/2019,1546.12,1555.2,1544.76,1554.96,RUT 2000
7/22/2019,1549.73,1554.3,1543.56,1544.78,RUT 2000
7/19/2019,1554.92,1561.56,1547.64,1547.9,RUT 2000
7/18/2019,1550.33,1557.4,1546.02,1555.62,RUT 2000
7/17/2019,1561.75,1561.75,1547.76,1550.78,RUT 2000
7/16/2019,1561.49,1569.62,1558.24,1561.99,RUT 2000
7/15/2019,1570.73,1573.88,1558.78,1561.82,RUT 2000
7/12/2019,1558.65,1574.48,1558.65,1570.0,RUT 2000
7/11/2019,1565.46,1567.95,1552.4,1557.92,RUT 2000
7/10/2019,1564.65,1572.82,1558.8,1565.05,RUT 2000
7/9/2019,1559.01,1562.73,1554.12,1562.59,RUT 2000
7/8/2019,1574.23,1574.23,1559.02,1561.39,RUT 2000
7/5/2019,1571.11,1575.79,1559.58,1575.63,RUT 2000
7/3/2019,1562.19,1572.12,1562.19,1572.12,RUT 2000
7/2/2019,1569.53,1569.53,1552.93,1560.54,RUT 2000
7/1/2019,1574.65,1586.78,1562.78,1569.66,RUT 2000
6/28/2019,1548.12,1568.6,1548.12,1566.57,RUT 2000
6/27/2019,1518.88,1546.55,1518.88,1546.55,RUT 2000
6/26/2019,1523.26,1530.13,1517.78,1517.78,RUT 2000
6/25/2019,1530.99,1533.24,1520.5,1521.04,RUT 2000
6/24/2019,1550.1,1551.65,1530.08,1530.08,RUT 2000
6/21/2019,1561.88,1561.88,1546.13,1549.63,RUT 2000
6/20/2019,1560.31,1570.74,1556.08,1563.49,RUT 2000
6/19/2019,1550.46,1556.45,1547.59,1555.58,RUT 2000
6/18/2019,1532.87,1560.18,1532.87,1550.23,RUT 2000
6/17/2019,1523.25,1538.58,1523.25,1532.75,RUT 2000
6/14/2019,1535.32,1535.32,1522.42,1522.5,RUT 2000
6/13/2019,1520.52,1536.02,1520.52,1535.8,RUT 2000
6/12/2019,1518.64,1522.0,1512.4,1519.79,RUT 2000
6/11/2019,1525.03,1536.16,1513.21,1519.11,RUT 2000
6/10/2019,1516.62,1535.64,1516.62,1523.56,RUT 2000
6/7/2019,1504.68,1518.92,1504.68,1514.39,RUT 2000
6/6/2019,1506.35,1508.54,1490.77,1503.54,RUT 2000
6/5/2019,1510.1,1514.25,1494.08,1506.79,RUT 2000
6/4/2019,1475.32,1508.65,1475.32,1508.56,RUT 2000
6/3/2019,1465.88,1476.85,1460.49,1469.98,RUT 2000
5/31/2019,1478.53,1478.53,1461.47,1465.49,RUT 2000
5/30/2019,1491.85,1500.63,1477.99,1485.53,RUT 2000
5/29/2019,1503.53,1503.53,1481.42,1489.95,RUT 2000
5/28/2019,1514.99,1520.22,1503.57,1504.02,RUT 2000
5/24/2019,1505.87,1516.66,1505.76,1514.11,RUT 2000
5/23/2019,1525.07,1525.07,1493.48,1501.38,RUT 2000
5/22/2019,1542.58,1542.58,1528.37,1531.63,RUT 2000
5/21/2019,1529.82,1545.98,1529.82,1545.25,RUT 2000
5/20/2019,1530.25,1533.36,1521.63,1524.96,RUT 2000
5/17/2019,1555.02,1557.55,1534.69,1535.76,RUT 2000
5/16/2019,1548.46,1567.17,1548.46,1557.24,RUT 2000
5/15/2019,1541.55,1550.02,1529.44,1548.27,RUT 2000
5/14/2019,1523.81,1547.84,1523.81,1543.06,RUT 2000
5/13/2019,1571.51,1571.51,1520.28,1523.0,RUT 2000
5/10/2019,1570.0,1575.08,1546.14,1572.99,RUT 2000
5/9/2019,1573.34,1573.34,1546.85,1570.06,RUT 2000
5/8/2019,1581.59,1587.35,1574.85,1574.97,RUT 2000
5/7/2019,1611.46,1611.46,1571.49,1582.31,RUT 2000
5/6/2019,1611.68,1618.37,1588.84,1614.98,RUT 2000
5/3/2019,1584.02,1614.02,1584.02,1614.02,RUT 2000
5/2/2019,1576.0,1587.92,1566.45,1582.65,RUT 2000
5/1/2019,1593.48,1595.85,1576.13,1576.38,RUT 2000
4/30/2019,1598.55,1600.29,1580.9,1591.21,RUT 2000
4/29/2019,1591.93,1603.08,1591.93,1598.36,RUT 2000
4/26/2019,1575.66,1592.21,1574.06,1591.82,RUT 2000
4/25/2019,1587.05,1587.05,1565.45,1575.61,RUT 2000
4/24/2019,1585.11,1594.03,1583.36,1588.13,RUT 2000
4/23/2019,1560.53,1587.58,1560.53,1585.09,RUT 2000
4/22/2019,1565.22,1565.22,1554.46,1560.05,RUT 2000
4/18/2019,1567.09,1569.2,1556.11,1565.75,RUT 2000
4/17/2019,1584.13,1588.6,1561.57,1567.6,RUT 2000
4/16/2019,1580.26,1585.43,1579.49,1582.79,RUT 2000
4/15/2019,1585.17,1587.98,1574.73,1579.17,RUT 2000
4/12/2019,1581.38,1589.73,1580.23,1584.8,RUT 2000
4/11/2019,1581.93,1583.73,1577.37,1579.14,RUT 2000
4/10/2019,1560.02,1581.65,1560.02,1581.55,RUT 2000
4/9/2019,1577.51,1577.51,1558.39,1559.68,RUT 2000
4/8/2019,1581.35,1581.35,1571.21,1579.01,RUT 2000
4/5/2019,1568.22,1582.61,1568.23,1582.56,RUT 2000
4/4/2019,1561.07,1567.5,1558.36,1567.49,RUT 2000
4/3/2019,1554.88,1568.4,1554.88,1560.91,RUT 2000
4/2/2019,1556.08,1556.13,1545.55,1553.33,RUT 2000
4/1/2019,1542.89,1556.4,1542.89,1556.06,RUT 2000
3/29/2019,1536.61,1546.97,1532.22,1539.74,RUT 2000
3/28/2019,1522.89,1536.44,1520.12,1535.1,RUT 2000
3/27/2019,1527.97,1530.05,1505.76,1522.23,RUT 2000
3/26/2019,1513.76,1535.87,1513.76,1528.17,RUT 2000
3/25/2019,1505.87,1520.49,1494.99,1512.86,RUT 2000
3/22/2019,1561.97,1561.97,1505.88,1505.92,RUT 2000
3/21/2019,1541.83,1569.35,1538.36,1562.41,RUT 2000
3/20/2019,1554.72,1561.74,1535.41,1543.16,RUT 2000
3/19/2019,1565.53,1570.89,1552.66,1554.98,RUT 2000
3/18/2019,1553.66,1569.06,1552.68,1563.93,RUT 2000
3/15/2019,1550.5,1563.59,1550.13,1553.54,RUT 2000
3/14/2019,1555.87,1555.87,1549.21,1549.63,RUT 2000
3/13/2019,1550.27,1562.67,1550.27,1555.88,RUT 2000
3/12/2019,1549.03,1555.3,1545.51,1549.84,RUT 2000
3/11/2019,1522.8,1548.93,1522.8,1548.88,RUT 2000
3/8/2019,1522.54,1523.24,1510.64,1521.88,RUT 2000
3/7/2019,1536.76,1536.97,1521.61,1523.63,RUT 2000
3/6/2019,1568.31,1568.44,1536.82,1536.82,RUT 2000
3/5/2019,1575.69,1575.85,1567.67,1568.28,RUT 2000
3/4/2019,1590.15,1594.24,1564.48,1575.44,RUT 2000
3/1/2019,1577.49,1590.29,1576.13,1589.64,RUT 2000
2/28/2019,1580.76,1581.99,1571.32,1575.55,RUT 2000
2/27/2019,1577.2,1582.06,1570.6,1581.05,RUT 2000
2/26/2019,1588.56,1589.26,1577.43,1577.48,RUT 2000
2/25/2019,1591.62,1602.1,1588.81,1588.81,RUT 2000
2/22/2019,1576.31,1590.1,1576.31,1590.06,RUT 2000
2/21/2019,1581.31,1581.31,1569.42,1575.55,RUT 2000
2/20/2019,1574.55,1583.34,1573.96,1581.66,RUT 2000
2/19/2019,1568.54,1578.23,1564.85,1574.47,RUT 2000
2/15/2019,1547.12,1570.16,1547.12,1569.25,RUT 2000
2/14/2019,1540.99,1551.39,1534.59,1545.11,RUT 2000
2/13/2019,1538.3,1545.74,1536.25,1542.94,RUT 2000
2/12/2019,1520.14,1538.89,1520.14,1538.23,RUT 2000
2/11/2019,1506.82,1519.21,1505.67,1518.98,RUT 2000
2/8/2019,1504.17,1506.6,1495.12,1506.39,RUT 2000
2/7/2019,1516.7,1516.7,1494.37,1505.63,RUT 2000
2/6/2019,1520.17,1520.89,1511.18,1518.02,RUT 2000
2/5/2019,1517.92,1524.21,1512.72,1520.22,RUT 2000
2/4/2019,1501.97,1517.55,1500.13,1517.54,RUT 2000
2/1/2019,1499.53,1504.51,1495.47,1502.05,RUT 2000
1/31/2019,1486.64,1500.74,1484.82,1499.42,RUT 2000
1/30/2019,1473.38,1490.51,1467.57,1486.94,RUT 2000
1/29/2019,1476.09,1477.01,1469.31,1471.45,RUT 2000
1/28/2019,1480.28,1480.28,1464.77,1473.54,RUT 2000
1/25/2019,1466.79,1484.6,1466.79,1482.85,RUT 2000
1/24/2019,1454.23,1465.34,1453.73,1464.41,RUT 2000
1/23/2019,1457.73,1468.48,1444.97,1454.26,RUT 2000
1/22/2019,1479.82,1479.82,1451.01,1457.45,RUT 2000
1/18/2019,1466.69,1487.21,1466.69,1482.5,RUT 2000
1/17/2019,1453.83,1470.84,1448.55,1467.25,RUT 2000
1/16/2019,1445.91,1460.31,1445.91,1454.7,RUT 2000
1/15/2019,1432.85,1445.22,1432.13,1445.22,RUT 2000
1/14/2019,1446.5,1446.5,1431.31,1432.81,RUT 2000
1/11/2019,1444.44,1448.28,1437.45,1447.38,RUT 2000
1/10/2019,1436.98,1445.78,1424.54,1445.43,RUT 2000
1/9/2019,1427.0,1442.42,1427.0,1438.81,RUT 2000
1/8/2019,1405.87,1426.55,1404.01,1426.55,RUT 2000
1/7/2019,1380.84,1411.9,1380.84,1405.37,RUT 2000
1/4/2019,1333.1,1383.16,1333.1,1380.75,RUT 2000
1/3/2019,1346.11,1357.77,1325.18,1330.83,RUT 2000
1/2/2019,1346.11,1357.77,1325.18,1355.91,RUT 2000
12/31/2018,1338.52,1348.56,1329.17,1348.56,RUT 2000
12/28/2018,1332.06,1356.23,1326.44,1337.92,RUT 2000
12/27/2018,1329.79,1331.98,1289.32,1331.82,RUT 2000
12/26/2018,1268.19,1330.42,1268.19,1329.81,RUT 2000
12/24/2018,1290.54,1290.92,1266.92,1266.92,RUT 2000
12/21/2018,1325.87,1334.76,1289.49,1292.09,RUT 2000
12/20/2018,1348.65,1350.89,1313.02,1326.0,RUT 2000
12/19/2018,1377.21,1392.92,1344.14,1349.23,RUT 2000
12/18/2018,1379.49,1399.43,1373.72,1377.18,RUT 2000
12/17/2018,1410.77,1417.1,1372.73,1378.14,RUT 2000
12/14/2018,1431.82,1435.39,1407.11,1410.81,RUT 2000
12/13/2018,1455.68,1460.55,1431.68,1432.7,RUT 2000
12/12/2018,1440.7,1471.96,1440.7,1455.32,RUT 2000
12/11/2018,1444.29,1465.76,1431.88,1440.13,RUT 2000
12/10/2018,1448.01,1449.92,1422.98,1443.1,RUT 2000
12/7/2018,1477.51,1485.63,1440.85,1448.09,RUT 2000
12/6/2018,1479.16,1479.16,1442.83,1477.41,RUT 2000
12/4/2018,1548.11,1548.11,1479.91,1480.75,RUT 2000
12/3/2018,1536.33,1553.34,1529.53,1548.96,RUT 2000
11/30/2018,1524.87,1535.13,1519.98,1533.27,RUT 2000
11/29/2018,1529.7,1534.62,1514.57,1525.39,RUT 2000
11/28/2018,1493.67,1530.71,1486.34,1530.38,RUT 2000
11/27/2018,1505.45,1505.45,1491.27,1492.86,RUT 2000
11/26/2018,1489.1,1510.29,1489.1,1505.96,RUT 2000
11/23/2018,1485.73,1498.65,1476.81,1488.68,RUT 2000
11/21/2018,1469.45,1499.37,1469.45,1488.28,RUT 2000
11/20/2018,1496.14,1496.14,1465.25,1469.01,RUT 2000
11/19/2018,1527.33,1527.33,1492.95,1496.54,RUT 2000
11/16/2018,1523.75,1530.01,1510.41,1527.53,RUT 2000
11/15/2018,1502.33,1524.29,1491.66,1524.12,RUT 2000
11/14/2018,1516.08,1530.62,1494.92,1502.51,RUT 2000
11/13/2018,1519.99,1536.71,1513.3,1514.8,RUT 2000
11/12/2018,1549.01,1549.01,1518.04,1518.79,RUT 2000
11/9/2018,1577.04,1577.04,1539.92,1549.49,RUT 2000
11/8/2018,1581.62,1586.17,1573.15,1578.21,RUT 2000
11/7/2018,1556.27,1582.16,1556.27,1582.16,RUT 2000
11/6/2018,1547.1,1558.86,1544.65,1556.1,RUT 2000
11/5/2018,1548.34,1554.77,1534.76,1547.51,RUT 2000
11/2/2018,1546.13,1557.18,1535.96,1547.98,RUT 2000
11/1/2018,1512.68,1547.14,1512.68,1544.98,RUT 2000
10/31/2018,1508.82,1526.33,1508.82,1511.41,RUT 2000
10/30/2018,1476.97,1507.16,1474.8,1506.64,RUT 2000
10/29/2018,1485.2,1513.28,1461.65,1477.31,RUT 2000
10/26/2018,1500.15,1501.3,1459.16,1483.82,RUT 2000
10/25/2018,1470.53,1506.78,1470.53,1500.4,RUT 2000
10/24/2018,1526.56,1527.71,1468.46,1468.7,RUT 2000
10/23/2018,1536.93,1537.16,1501.04,1526.59,RUT 2000
10/22/2018,1542.42,1551.36,1535.78,1539.5,RUT 2000
10/19/2018,1560.64,1569.81,1538.74,1542.04,RUT 2000
10/18/2018,1588.74,1588.74,1555.57,1560.75,RUT 2000
10/17/2018,1596.38,1596.38,1571.51,1589.6,RUT 2000
10/16/2018,1554.49,1598.01,1554.11,1596.84,RUT 2000
10/15/2018,1546.68,1562.3,1537.55,1553.1,RUT 2000
10/12/2018,1546.85,1567.64,1530.98,1546.68,RUT 2000
10/11/2018,1575.1,1580.89,1545.38,1545.38,RUT 2000
10/10/2018,1621.41,1621.41,1575.25,1575.41,RUT 2000
10/9/2018,1628.06,1635.99,1621.25,1621.87,RUT 2000
10/8/2018,1631.2,1633.86,1616.66,1629.52,RUT 2000
10/5/2018,1647.25,1651.53,1618.14,1632.11,RUT 2000
10/4/2018,1671.0,1671.0,1643.66,1646.91,RUT 2000
10/3/2018,1656.31,1677.17,1656.31,1671.29,RUT 2000
10/2/2018,1672.98,1674.87,1653.34,1656.04,RUT 2000
10/1/2018,1697.83,1703.81,1669.83,1672.99,RUT 2000
9/28/2018,1689.84,1699.78,1686.99,1696.57,RUT 2000
9/27/2018,1691.73,1697.17,1689.74,1690.53,RUT 2000
9/26/2018,1709.07,1710.84,1690.92,1691.61,RUT 2000
9/25/2018,1705.49,1712.08,1705.49,1708.81,RUT 2000
9/24/2018,1711.67,1711.74,1697.76,1705.32,RUT 2000
9/21/2018,1720.15,1724.38,1710.97,1712.32,RUT 2000
9/20/2018,1704.7,1720.21,1704.71,1720.18,RUT 2000
9/19/2018,1710.88,1717.09,1700.51,1702.93,RUT 2000
9/18/2018,1704.22,1714.92,1704.22,1710.97,RUT 2000
9/17/2018,1721.66,1722.29,1702.71,1703.55,RUT 2000
9/14/2018,1714.49,1726.0,1712.81,1721.72,RUT 2000
9/13/2018,1716.95,1722.62,1711.94,1714.32,RUT 2000
9/12/2018,1718.25,1718.95,1704.07,1715.7,RUT 2000
9/11/2018,1717.14,1723.46,1710.31,1718.4,RUT 2000
9/10/2018,1714.89,1723.81,1714.49,1717.47,RUT 2000
9/7/2018,1713.83,1722.62,1706.64,1713.18,RUT 2000
9/6/2018,1728.25,1731.42,1713.81,1714.47,RUT 2000
9/5/2018,1732.73,1732.73,1713.69,1727.64,RUT 2000
9/4/2018,1740.8,1740.8,1722.2,1733.38,RUT 2000
8/31/2018,1731.49,1742.09,1728.41,1740.75,RUT 2000
8/30/2018,1734.35,1740.65,1728.85,1732.35,RUT 2000
8/29/2018,1729.05,1737.02,1724.73,1734.75,RUT 2000
8/28/2018,1729.07,1733.45,1722.36,1728.42,RUT 2000
8/27/2018,1727.34,1737.63,1727.34,1728.41,RUT 2000
8/24/2018,1718.36,1726.97,1718.36,1725.67,RUT 2000
8/23/2018,1722.3,1723.41,1712.92,1717.05,RUT 2000
8/22/2018,1717.75,1723.01,1715.8,1722.54,RUT 2000
8/21/2018,1698.91,1722.29,1698.91,1718.05,RUT 2000
8/20/2018,1693.79,1701.13,1690.18,1698.69,RUT 2000
8/17/2018,1685.45,1693.71,1679.97,1692.95,RUT 2000
8/16/2018,1691.6,1691.6,1663.53,1685.75,RUT 2000
8/15/2018,1691.6,1691.6,1663.53,1670.67,RUT 2000
8/14/2018,1676.19,1694.96,1676.19,1692.58,RUT 2000
8/13/2018,1686.81,1689.1,1670.62,1675.32,RUT 2000
8/10/2018,1689.32,1695.79,1680.77,1686.8,RUT 2000
8/9/2018,1687.05,1696.75,1686.43,1690.89,RUT 2000
8/8/2018,1688.68,1689.34,1677.67,1686.88,RUT 2000
8/7/2018,1684.86,1694.36,1684.86,1688.3,RUT 2000
8/6/2018,1673.25,1684.8,1671.99,1684.31,RUT 2000
8/3/2018,1682.08,1687.3,1668.35,1673.37,RUT 2000
8/2/2018,1668.98,1682.3,1662.33,1682.1,RUT 2000
8/1/2018,1670.87,1673.22,1657.54,1669.26,RUT 2000
7/31/2018,1653.57,1675.65,1653.57,1670.81,RUT 2000
7/30/2018,1663.39,1669.5,1652.72,1653.13,RUT 2000
7/27/2018,1695.25,1697.3,1660.43,1663.34,RUT 2000
7/26/2018,1685.24,1702.93,1684.75,1695.36,RUT 2000
7/25/2018,1680.34,1685.42,1675.05,1685.2,RUT 2000
7/24/2018,1700.1,1706.83,1675.01,1680.19,RUT 2000
7/23/2018,1696.42,1701.97,1690.53,1698.41,RUT 2000
7/20/2018,1701.15,1703.43,1696.04,1696.81,RUT 2000
7/19/2018,1691.2,1702.89,1686.26,1701.31,RUT 2000
7/18/2018,1687.14,1692.03,1679.22,1691.87,RUT 2000
7/17/2018,1678.0,1690.04,1676.1,1687.26,RUT 2000
7/16/2018,1687.06,1688.4,1672.42,1678.54,RUT 2000
7/13/2018,1690.29,1697.4,1686.88,1687.08,RUT 2000
7/12/2018,1685.17,1692.43,1679.26,1690.28,RUT 2000
7/11/2018,1694.06,1696.02,1683.1,1683.66,RUT 2000
7/10/2018,1704.83,1708.56,1689.35,1695.62,RUT 2000
7/9/2018,1694.66,1704.84,1694.66,1704.6,RUT 2000
7/6/2018,1679.45,1695.18,1678.57,1694.05,RUT 2000
7/5/2018,1660.64,1679.66,1660.64,1679.48,RUT 2000
7/3/2018,1655.4,1667.52,1655.4,1660.42,RUT 2000
7/2/2018,1641.73,1655.09,1631.06,1655.09,RUT 2000
6/29/2018,1645.9,1656.05,1642.96,1643.07,RUT 2000
6/28/2018,1640.37,1647.94,1630.06,1645.02,RUT 2000
6/27/2018,1668.94,1671.47,1640.42,1640.45,RUT 2000
6/26/2018,1657.71,1672.16,1656.12,1668.53,RUT 2000
6/25/2018,1684.76,1684.76,1649.81,1657.51,RUT 2000
6/22/2018,1690.28,1696.37,1680.91,1685.58,RUT 2000
6/21/2018,1706.99,1708.02,1685.59,1688.95,RUT 2000
6/20/2018,1694.04,1708.1,1694.04,1706.98,RUT 2000
6/19/2018,1692.01,1694.0,1672.66,1693.45,RUT 2000
6/18/2018,1683.51,1692.46,1674.41,1692.46,RUT 2000
6/15/2018,1684.24,1684.63,1672.99,1683.91,RUT 2000
6/14/2018,1677.03,1684.72,1674.53,1684.72,RUT 2000
6/13/2018,1682.72,1684.84,1673.92,1676.54,RUT 2000
6/12/2018,1674.94,1686.38,1674.94,1682.3,RUT 2000
6/11/2018,1672.5,1677.68,1671.26,1674.68,RUT 2000
6/8/2018,1667.61,1674.07,1665.73,1672.49,RUT 2000
6/7/2018,1676.52,1679.99,1660.89,1667.78,RUT 2000
6/6/2018,1665.2,1676.18,1664.45,1675.95,RUT 2000
6/5/2018,1653.69,1664.69,1652.76,1664.63,RUT 2000
6/4/2018,1649.2,1655.7,1641.22,1653.37,RUT 2000
6/1/2018,1635.4,1650.5,1635.4,1647.98,RUT 2000
5/31/2018,1647.97,1649.73,1632.25,1633.61,RUT 2000
5/30/2018,1624.03,1651.11,1624.03,1647.99,RUT 2000
5/29/2018,1625.57,1628.48,1611.32,1623.65,RUT 2000
5/25/2018,1627.93,1628.73,1623.33,1626.93,RUT 2000
5/24/2018,1627.22,1630.31,1616.59,1628.22,RUT 2000
5/23/2018,1624.92,1629.4,1618.56,1627.61,RUT 2000
5/22/2018,1637.65,1639.89,1625.24,1625.24,RUT 2000
5/21/2018,1627.77,1639.04,1627.77,1637.44,RUT 2000
5/18/2018,1626.06,1630.33,1624.23,1626.63,RUT 2000
5/17/2018,1616.22,1627.32,1615.46,1625.29,RUT 2000
5/16/2018,1601.03,1620.64,1601.03,1616.37,RUT 2000
5/15/2018,1599.6,1603.16,1592.1,1600.34,RUT 2000
5/14/2018,1607.38,1614.24,1599.73,1600.34,RUT 2000
5/11/2018,1603.87,1609.36,1599.91,1606.79,RUT 2000
5/10/2018,1596.54,1609.44,1596.54,1603.71,RUT 2000
5/9/2018,1586.74,1598.76,1584.17,1596.05,RUT 2000
5/8/2018,1578.67,1586.59,1576.89,1586.39,RUT 2000
5/7/2018,1565.72,1586.41,1565.72,1578.95,RUT 2000
5/4/2018,1545.83,1572.77,1540.37,1565.6,RUT 2000
5/3/2018,1554.34,1554.34,1532.31,1546.56,RUT 2000
5/2/2018,1550.45,1565.37,1548.92,1554.91,RUT 2000
5/1/2018,1541.77,1550.86,1527.71,1550.34,RUT 2000
4/30/2018,1556.67,1563.65,1541.88,1541.88,RUT 2000
4/27/2018,1557.95,1562.98,1549.48,1556.24,RUT 2000
4/26/2018,1550.92,1562.5,1550.31,1557.89,RUT 2000
4/25/2018,1553.0,1556.09,1539.95,1550.47,RUT 2000
4/24/2018,1562.39,1574.48,1542.3,1553.28,RUT 2000
4/23/2018,1564.42,1571.47,1556.27,1562.12,RUT 2000
4/20/2018,1573.53,1574.24,1561.72,1564.12,RUT 2000
4/19/2018,1582.82,1582.94,1569.15,1573.82,RUT 2000
4/18/2018,1580.18,1592.04,1580.18,1583.56,RUT 2000
4/17/2018,1564.87,1582.99,1564.87,1579.8,RUT 2000
4/16/2018,1550.56,1566.4,1550.51,1563.03,RUT 2000
4/13/2018,1558.11,1563.74,1545.06,1549.51,RUT 2000
4/12/2018,1548.03,1562.46,1548.03,1557.33,RUT 2000
4/11/2018,1542.46,1551.37,1535.76,1546.81,RUT 2000
4/10/2018,1517.05,1548.08,1517.05,1543.43,RUT 2000
4/9/2018,1513.9,1533.94,1513.9,1514.46,RUT 2000
4/6/2018,1540.01,1541.07,1502.63,1513.3,RUT 2000
4/5/2018,1532.95,1545.28,1532.95,1542.93,RUT 2000
4/4/2018,1508.6,1534.57,1491.69,1531.66,RUT 2000
4/3/2018,1493.87,1514.56,1493.87,1512.15,RUT 2000
4/2/2018,1529.14,1529.14,1482.9,1492.53,RUT 2000
3/29/2018,1513.31,1540.02,1513.31,1529.43,RUT 2000
3/28/2018,1513.8,1521.35,1505.64,1513.03,RUT 2000
3/27/2018,1544.45,1547.71,1508.94,1513.57,RUT 2000
3/26/2018,1513.54,1543.81,1513.54,1543.72,RUT 2000
3/23/2018,1544.31,1548.73,1510.08,1510.08,RUT 2000
3/22/2018,1576.59,1576.59,1543.87,1543.87,RUT 2000
3/21/2018,1570.4,1587.74,1570.4,1579.3,RUT 2000
3/20/2018,1570.85,1575.78,1566.75,1570.4,RUT 2000
3/19/2018,1585.83,1585.83,1553.9,1570.56,RUT 2000
3/16/2018,1576.58,1588.92,1575.41,1586.05,RUT 2000
3/15/2018,1584.4,1588.02,1572.16,1576.62,RUT 2000
3/14/2018,1592.45,1598.33,1582.64,1584.31,RUT 2000
3/13/2018,1601.65,1609.05,1590.11,1592.05,RUT 2000
3/12/2018,1597.29,1603.79,1594.11,1601.06,RUT 2000
3/9/2018,1573.19,1597.3,1573.19,1597.14,RUT 2000
3/8/2018,1575.65,1580.49,1564.59,1571.96,RUT 2000
3/7/2018,1560.97,1576.73,1550.46,1574.53,RUT 2000
3/6/2018,1546.72,1562.2,1538.63,1562.2,RUT 2000
3/5/2018,1531.99,1550.76,1525.08,1546.05,RUT 2000
3/2/2018,1506.81,1535.2,1494.0,1533.17,RUT 2000
3/1/2018,1512.07,1522.46,1494.29,1507.39,RUT 2000
2/28/2018,1536.8,1543.75,1512.45,1512.45,RUT 2000
2/27/2018,1559.27,1564.63,1536.47,1536.47,RUT 2000
2/26/2018,1550.09,1560.74,1544.99,1559.33,RUT 2000
2/23/2018,1531.35,1549.19,1531.35,1549.19,RUT 2000
2/22/2018,1532.79,1548.29,1529.2,1529.99,RUT 2000
2/21/2018,1530.48,1555.28,1530.48,1531.84,RUT 2000
2/20/2018,1542.38,1546.43,1527.56,1529.99,RUT 2000
2/16/2018,1536.32,1551.51,1532.22,1543.55,RUT 2000
2/15/2018,1524.18,1537.77,1516.88,1537.2,RUT 2000
2/14/2018,1492.76,1523.89,1483.29,1522.1,RUT 2000
2/13/2018,1489.66,1497.02,1481.94,1494.95,RUT 2000
2/12/2018,1479.11,1498.11,1466.88,1490.98,RUT 2000
2/9/2018,1467.72,1487.58,1436.43,1477.84,RUT 2000
2/8/2018,1508.45,1511.21,1463.74,1463.79,RUT 2000
2/7/2018,1506.66,1517.0,1503.32,1507.97,RUT 2000
2/6/2018,1486.85,1512.97,1461.45,1507.17,RUT 2000
2/5/2018,1544.94,1547.03,1491.06,1491.09,RUT 2000
2/2/2018,1577.03,1577.03,1547.06,1547.27,RUT 2000
2/1/2018,1574.73,1582.28,1568.85,1579.87,RUT 2000
1/31/2018,1584.71,1594.27,1571.26,1574.98,RUT 2000
1/30/2018,1595.64,1595.64,1579.49,1582.82,RUT 2000
1/29/2018,1607.81,1607.95,1597.88,1598.11,RUT 2000
1/26/2018,1602.97,1608.06,1599.5,1608.06,RUT 2000
1/25/2018,1601.59,1607.79,1594.42,1601.67,RUT 2000
1/24/2018,1611.69,1615.52,1595.94,1599.61,RUT 2000
1/23/2018,1604.94,1612.55,1599.21,1610.71,RUT 2000
1/22/2018,1598.14,1605.17,1595.56,1605.16,RUT 2000
1/19/2018,1576.5,1597.63,1575.32,1597.63,RUT 2000
1/18/2018,1586.31,1586.31,1576.41,1576.73,RUT 2000
1/17/2018,1573.73,1589.13,1573.73,1586.66,RUT 2000
1/16/2018,1592.91,1604.02,1570.75,1572.97,RUT 2000
1/12/2018,1587.12,1598.18,1587.12,1591.97,RUT 2000
1/11/2018,1560.22,1586.79,1560.22,1586.79,RUT 2000
1/10/2018,1559.01,1561.91,1551.52,1559.8,RUT 2000
1/9/2018,1562.22,1565.58,1558.86,1560.1,RUT 2000
1/8/2018,1559.8,1562.99,1548.23,1561.81,RUT 2000
1/5/2018,1555.87,1560.07,1552.13,1560.01,RUT 2000
1/4/2018,1552.97,1560.84,1552.37,1555.72,RUT 2000
1/3/2018,1536.12,1555.08,1536.12,1552.58,RUT 2000
1/2/2018,1536.12,1550.3,1536.12,1550.01,RUT 2000
12/29/2017,1549.06,1551.94,1535.51,1535.51,RUT 2000
12/28/2017,1544.05,1549.04,1542.52,1548.93,RUT 2000
12/27/2017,1544.39,1550.62,1541.95,1543.94,RUT 2000
12/26/2017,1542.74,1546.59,1541.21,1544.23,RUT 2000
12/22/2017,1547.24,1548.25,1541.7,1542.92,RUT 2000
12/21/2017,1540.46,1551.21,1540.46,1547.11,RUT 2000
12/20/2017,1538.74,1544.35,1536.23,1540.08,RUT 2000
12/19/2017,1549.32,1552.21,1535.91,1536.75,RUT 2000
12/18/2017,1530.81,1552.32,1530.81,1548.92,RUT 2000
12/15/2017,1507.68,1538.06,1507.68,1530.42,RUT 2000
12/14/2017,1524.54,1527.0,1504.89,1506.95,RUT 2000
12/13/2017,1516.19,1532.38,1516.08,1524.45,RUT 2000
12/12/2017,1520.06,1525.11,1515.95,1516.12,RUT 2000
12/11/2017,1522.1,1527.47,1518.3,1519.84,RUT 2000
12/8/2017,1521.78,1529.01,1520.88,1521.72,RUT 2000
12/7/2017,1508.93,1524.0,1508.15,1520.47,RUT 2000
12/6/2017,1516.36,1516.54,1508.13,1508.88,RUT 2000
12/5/2017,1532.72,1534.01,1516.75,1516.76,RUT 2000
12/4/2017,1539.27,1559.61,1531.73,1532.41,RUT 2000
12/1/2017,1544.11,1544.92,1498.78,1537.02,RUT 2000
11/30/2017,1542.62,1551.69,1541.21,1544.14,RUT 2000
11/29/2017,1536.82,1547.27,1536.82,1542.3,RUT 2000
11/28/2017,1514.15,1536.63,1514.15,1536.43,RUT 2000
11/27/2017,1519.17,1522.03,1513.19,1513.31,RUT 2000
11/24/2017,1517.41,1521.38,1516.52,1519.16,RUT 2000
11/22/2017,1518.98,1524.18,1516.76,1516.76,RUT 2000
11/21/2017,1503.45,1519.53,1503.45,1518.89,RUT 2000
11/20/2017,1492.93,1503.4,1492.93,1503.4,RUT 2000
11/17/2017,1485.7,1496.86,1481.09,1492.82,RUT 2000
11/16/2017,1464.97,1490.97,1464.97,1486.88,RUT 2000
11/15/2017,1470.9,1470.9,1454.16,1464.1,RUT 2000
11/14/2017,1474.27,1474.27,1465.38,1471.26,RUT 2000
11/13/2017,1474.44,1476.68,1466.09,1475.07,RUT 2000
11/10/2017,1474.92,1479.11,1473.14,1475.28,RUT 2000
11/9/2017,1481.29,1481.63,1463.49,1475.02,RUT 2000
11/8/2017,1477.95,1482.86,1469.34,1481.73,RUT 2000
11/7/2017,1497.98,1498.0,1476.72,1479.09,RUT 2000
11/6/2017,1495.03,1501.49,1494.74,1497.96,RUT 2000
11/3/2017,1496.32,1497.14,1490.66,1494.91,RUT 2000
11/2/2017,1492.9,1499.94,1487.73,1496.55,RUT 2000
11/1/2017,1491.44,1512.4,1485.13,1492.78,RUT 2000
10/31/2017,1491.44,1506.78,1491.44,1502.53,RUT 2000
10/30/2017,1507.48,1507.48,1484.82,1490.9,RUT 2000
10/27/2017,1497.54,1508.32,1493.49,1508.32,RUT 2000
10/26/2017,1494.11,1501.36,1494.11,1497.46,RUT 2000
10/25/2017,1500.25,1500.42,1482.53,1493.48,RUT 2000
10/24/2017,1498.19,1505.57,1498.19,1500.42,RUT 2000
10/23/2017,1509.67,1511.48,1497.34,1497.49,RUT 2000
10/20/2017,1504.72,1512.75,1504.72,1509.25,RUT 2000
10/19/2017,1497.98,1507.84,1491.38,1502.04,RUT 2000
10/18/2017,1497.98,1507.84,1497.98,1505.14,RUT 2000
10/17/2017,1502.53,1505.8,1495.9,1497.5,RUT 2000
10/16/2017,1502.97,1511.29,1499.64,1502.68,RUT 2000
10/13/2017,1505.46,1508.22,1502.23,1502.66,RUT 2000
10/12/2017,1506.45,1508.43,1501.14,1505.16,RUT 2000
10/11/2017,1507.91,1510.62,1505.14,1506.92,RUT 2000
10/10/2017,1504.11,1511.33,1503.92,1508.01,RUT 2000
10/9/2017,1510.41,1513.3,1501.77,1503.56,RUT 2000
10/6/2017,1511.41,1511.41,1506.41,1510.22,RUT 2000
10/5/2017,1508.34,1514.94,1508.34,1512.09,RUT 2000
10/4/2017,1512.0,1514.78,1505.07,1507.77,RUT 2000
10/3/2017,1509.94,1512.26,1503.52,1511.97,RUT 2000
10/2/2017,1491.05,1509.48,1491.05,1509.47,RUT 2000
9/29/2017,1488.8,1493.56,1488.8,1490.86,RUT 2000
9/28/2017,1484.8,1489.35,1478.2,1488.79,RUT 2000
9/27/2017,1457.27,1487.95,1457.27,1484.81,RUT 2000
9/26/2017,1452.25,1460.95,1452.25,1456.86,RUT 2000
9/25/2017,1450.63,1455.22,1445.02,1451.96,RUT 2000
9/22/2017,1443.47,1451.51,1441.87,1450.78,RUT 2000
9/21/2017,1445.2,1448.84,1441.69,1444.18,RUT 2000
9/20/2017,1440.48,1446.48,1440.0,1445.42,RUT 2000
9/19/2017,1441.18,1442.58,1438.29,1440.4,RUT 2000
9/18/2017,1431.75,1444.27,1431.75,1441.08,RUT 2000
9/15/2017,1425.35,1431.99,1422.25,1431.71,RUT 2000
9/14/2017,1426.57,1427.92,1421.63,1425.02,RUT 2000
9/13/2017,1423.3,1428.74,1421.88,1426.89,RUT 2000
9/12/2017,1415.34,1423.93,1415.18,1423.46,RUT 2000
9/11/2017,1400.56,1415.75,1400.56,1414.83,RUT 2000
9/8/2017,1398.19,1403.53,1394.43,1399.43,RUT 2000
9/7/2017,1402.46,1404.31,1393.88,1398.67,RUT 2000
9/6/2017,1400.01,1406.02,1399.27,1402.2,RUT 2000
9/5/2017,1413.3,1414.55,1394.51,1399.66,RUT 2000
9/1/2017,1405.83,1413.87,1405.83,1413.57,RUT 2000
8/31/2017,1392.04,1406.44,1392.04,1405.28,RUT 2000
8/30/2017,1383.21,1392.77,1381.2,1391.32,RUT 2000
8/29/2017,1381.31,1385.19,1371.8,1383.68,RUT 2000
8/28/2017,1377.76,1382.53,1377.06,1382.23,RUT 2000
8/25/2017,1374.38,1380.6,1373.53,1377.45,RUT 2000
8/24/2017,1370.15,1377.05,1370.15,1373.88,RUT 2000
8/23/2017,1370.68,1373.28,1363.17,1369.74,RUT 2000
8/22/2017,1357.89,1372.33,1357.89,1371.54,RUT 2000
8/21/2017,1357.74,1358.09,1351.2,1356.9,RUT 2000
8/18/2017,1357.01,1362.34,1349.35,1357.79,RUT 2000
8/17/2017,1383.07,1384.74,1358.8,1358.94,RUT 2000
8/16/2017,1384.18,1391.68,1381.9,1383.53,RUT 2000
8/15/2017,1394.7,1395.88,1382.95,1383.24,RUT 2000
8/14/2017,1375.13,1394.53,1375.13,1394.31,RUT 2000
8/11/2017,1372.26,1376.37,1368.33,1374.23,RUT 2000
8/10/2017,1396.6,1396.6,1372.54,1372.54,RUT 2000
8/9/2017,1409.78,1409.78,1393.24,1396.95,RUT 2000
8/8/2017,1413.93,1426.29,1407.57,1410.15,RUT 2000
8/7/2017,1412.4,1417.42,1408.62,1414.17,RUT 2000
8/4/2017,1405.14,1413.05,1405.14,1412.32,RUT 2000
8/3/2017,1413.09,1414.72,1402.39,1405.23,RUT 2000
8/2/2017,1428.03,1428.03,1408.52,1412.9,RUT 2000
8/1/2017,1426.03,1430.66,1420.82,1428.33,RUT 2000
7/31/2017,1429.46,1432.46,1420.66,1425.14,RUT 2000
7/28/2017,1432.59,1432.59,1425.8,1429.26,RUT 2000
7/27/2017,1442.26,1446.63,1427.69,1433.62,RUT 2000
7/26/2017,1450.58,1452.02,1441.25,1442.28,RUT 2000
7/25/2017,1438.86,1452.09,1438.86,1450.39,RUT 2000
7/24/2017,1435.82,1438.6,1431.35,1438.06,RUT 2000
7/21/2017,1443.38,1452.05,1433.83,1435.84,RUT 2000
7/20/2017,1442.16,1445.06,1438.96,1442.35,RUT 2000
7/19/2017,1428.28,1441.77,1428.28,1441.77,RUT 2000
7/18/2017,1431.11,1431.11,1422.49,1427.61,RUT 2000
7/17/2017,1428.78,1434.45,1425.97,1431.6,RUT 2000
7/14/2017,1425.47,1432.97,1424.1,1428.82,RUT 2000
7/13/2017,1424.53,1425.74,1416.27,1425.66,RUT 2000
7/12/2017,1414.34,1431.34,1414.34,1424.32,RUT 2000
7/11/2017,1408.61,1413.47,1402.63,1413.05,RUT 2000
7/10/2017,1415.28,1418.05,1405.75,1408.47,RUT 2000
7/7/2017,1401.35,1416.68,1401.35,1415.84,RUT 2000
7/6/2017,1418.86,1418.86,1398.83,1400.82,RUT 2000
7/5/2017,1426.54,1426.54,1412.62,1420.15,RUT 2000
7/3/2017,1416.47,1429.37,1416.47,1426.68,RUT 2000
6/30/2017,1416.72,1420.99,1413.29,1415.36,RUT 2000
6/29/2017,1425.49,1428.03,1403.02,1416.2,RUT 2000
6/28/2017,1404.46,1426.33,1404.46,1425.27,RUT 2000
6/27/2017,1416.35,1420.61,1403.38,1403.52,RUT 2000
6/26/2017,1415.12,1420.77,1409.15,1416.64,RUT 2000
6/23/2017,1404.78,1415.77,1402.77,1414.78,RUT 2000
6/22/2017,1399.37,1408.34,1396.87,1404.54,RUT 2000
6/21/2017,1403.33,1411.88,1398.46,1399.25,RUT 2000
6/20/2017,1417.76,1417.76,1402.79,1402.97,RUT 2000
6/19/2017,1407.07,1420.19,1407.07,1418.08,RUT 2000
6/16/2017,1407.22,1407.22,1399.26,1406.73,RUT 2000
6/15/2017,1415.47,1415.47,1402.52,1410.08,RUT 2000
6/14/2017,1426.03,1426.13,1411.39,1417.57,RUT 2000
6/13/2017,1420.06,1427.55,1420.06,1425.98,RUT 2000
6/12/2017,1421.1,1426.1,1415.59,1419.21,RUT 2000
6/9/2017,1416.15,1433.79,1413.61,1421.71,RUT 2000
6/8/2017,1396.78,1419.32,1394.69,1415.61,RUT 2000
6/7/2017,1395.53,1400.41,1392.19,1396.67,RUT 2000
6/6/2017,1395.05,1401.79,1386.7,1394.9,RUT 2000
6/5/2017,1405.13,1405.13,1396.44,1396.45,RUT 2000
6/2/2017,1396.08,1414.96,1396.04,1405.39,RUT 2000
6/1/2017,1370.33,1396.19,1370.33,1396.06,RUT 2000
5/31/2017,1372.2,1374.43,1354.86,1370.21,RUT 2000
5/30/2017,1381.17,1381.17,1370.96,1371.19,RUT 2000
5/26/2017,1383.14,1383.68,1376.15,1382.24,RUT 2000
5/25/2017,1384.81,1391.42,1380.33,1383.39,RUT 2000
5/24/2017,1381.16,1386.07,1376.55,1382.51,RUT 2000
5/23/2017,1378.23,1383.08,1372.05,1380.98,RUT 2000
5/22/2017,1367.88,1378.3,1367.88,1377.14,RUT 2000
5/19/2017,1361.53,1374.42,1361.53,1367.33,RUT 2000
5/18/2017,1354.93,1365.01,1351.01,1361.08,RUT 2000
5/17/2017,1388.3,1388.3,1355.85,1355.89,RUT 2000
5/16/2017,1394.58,1396.36,1384.82,1394.68,RUT 2000
5/15/2017,1383.27,1398.99,1383.27,1393.92,RUT 2000
5/12/2017,1389.39,1389.39,1380.02,1382.77,RUT 2000
5/11/2017,1399.2,1399.2,1379.14,1390.2,RUT 2000
5/10/2017,1392.03,1400.81,1390.44,1399.59,RUT 2000
5/9/2017,1392.31,1395.48,1386.73,1391.86,RUT 2000
5/8/2017,1396.4,1397.43,1386.42,1391.64,RUT 2000
5/5/2017,1389.21,1397.21,1385.2,1396.99,RUT 2000
5/4/2017,1391.17,1394.16,1380.49,1388.85,RUT 2000
5/3/2017,1399.13,1399.13,1386.32,1390.92,RUT 2000
5/2/2017,1407.54,1409.05,1395.63,1399.36,RUT 2000
5/1/2017,1401.01,1411.04,1397.08,1407.36,RUT 2000
4/28/2017,1417.75,1419.21,1399.75,1400.43,RUT 2000
4/27/2017,1419.57,1423.52,1413.68,1417.13,RUT 2000
4/26/2017,1411.05,1425.7,1409.83,1419.43,RUT 2000
4/25/2017,1400.1,1415.55,1400.1,1411.08,RUT 2000
4/24/2017,1380.53,1399.96,1380.53,1397.94,RUT 2000
4/21/2017,1368.39,1384.58,1368.39,1379.85,RUT 2000
4/20/2017,1368.39,1384.58,1368.39,1384.15,RUT 2000
4/19/2017,1362.32,1376.69,1362.32,1367.13,RUT 2000
4/18/2017,1359.89,1362.49,1351.42,1361.89,RUT 2000
4/17/2017,1345.36,1361.25,1345.36,1361.18,RUT 2000
4/13/2017,1358.61,1361.32,1345.24,1345.24,RUT 2000
4/12/2017,1376.86,1376.86,1358.15,1359.2,RUT 2000
4/11/2017,1366.47,1377.23,1360.54,1376.95,RUT 2000
4/10/2017,1364.76,1376.56,1361.54,1367.09,RUT 2000
4/7/2017,1363.84,1367.5,1358.01,1364.56,RUT 2000
4/6/2017,1351.96,1364.52,1349.34,1364.43,RUT 2000
4/5/2017,1369.79,1381.34,1350.96,1352.14,RUT 2000
4/4/2017,1368.58,1374.05,1363.3,1368.17,RUT 2000
4/3/2017,1386.43,1388.74,1366.53,1369.67,RUT 2000
3/31/2017,1382.2,1389.95,1380.12,1385.92,RUT 2000
3/30/2017,1371.99,1382.93,1371.99,1382.35,RUT 2000
3/29/2017,1366.68,1373.13,1363.35,1371.64,RUT 2000
3/28/2017,1356.7,1367.94,1352.53,1367.26,RUT 2000
3/27/2017,1352.7,1359.33,1335.04,1357.32,RUT 2000
3/24/2017,1354.52,1362.79,1349.17,1354.64,RUT 2000
3/23/2017,1345.42,1361.22,1343.29,1353.42,RUT 2000
3/22/2017,1346.21,1348.64,1335.22,1345.6,RUT 2000
3/21/2017,1385.53,1390.2,1346.03,1346.55,RUT 2000
3/20/2017,1391.46,1391.48,1381.12,1384.1,RUT 2000
3/17/2017,1385.27,1393.18,1380.69,1391.52,RUT 2000
3/16/2017,1383.76,1389.79,1382.47,1386.03,RUT 2000
3/15/2017,1363.36,1385.69,1363.36,1382.83,RUT 2000
3/14/2017,1369.16,1369.16,1353.46,1362.38,RUT 2000
3/13/2017,1365.16,1373.25,1365.05,1370.29,RUT 2000
3/10/2017,1361.15,1369.05,1356.69,1365.27,RUT 2000
3/9/2017,1366.23,1371.04,1357.38,1360.12,RUT 2000
3/8/2017,1375.66,1381.96,1365.84,1366.04,RUT 2000
3/7/2017,1383.32,1383.66,1374.2,1374.88,RUT 2000
3/6/2017,1392.34,1392.34,1378.45,1384.24,RUT 2000
3/3/2017,1395.55,1399.08,1387.97,1394.13,RUT 2000
3/2/2017,1413.16,1413.16,1395.15,1395.67,RUT 2000
3/1/2017,1389.12,1414.82,1389.12,1413.64,RUT 2000
2/28/2017,1406.87,1406.87,1386.53,1386.68,RUT 2000
2/27/2017,1394.53,1407.97,1392.24,1407.97,RUT 2000
2/24/2017,1393.62,1394.53,1382.21,1394.53,RUT 2000
2/23/2017,1404.38,1406.56,1385.63,1394.62,RUT 2000
2/22/2017,1410.11,1410.11,1401.3,1403.86,RUT 2000
2/21/2017,1400.66,1410.4,1400.66,1410.34,RUT 2000
2/17/2017,1399.07,1399.86,1392.67,1399.86,RUT 2000
2/16/2017,1403.6,1404.84,1391.87,1399.13,RUT 2000
2/15/2017,1396.34,1405.21,1392.04,1404.21,RUT 2000
2/14/2017,1391.8,1397.14,1386.35,1396.65,RUT 2000
2/13/2017,1390.41,1398.6,1389.94,1392.38,RUT 2000
2/10/2017,1380.07,1391.18,1380.07,1388.84,RUT 2000
2/9/2017,1359.3,1379.73,1359.3,1378.53,RUT 2000
2/8/2017,1360.47,1360.47,1349.43,1358.74,RUT 2000
2/7/2017,1366.82,1371.88,1357.61,1361.06,RUT 2000
2/6/2017,1377.33,1377.33,1364.63,1366.66,RUT 2000
2/3/2017,1358.05,1377.93,1358.05,1377.84,RUT 2000
2/2/2017,1360.54,1364.1,1354.86,1357.43,RUT 2000
2/1/2017,1364.07,1374.19,1357.49,1361.23,RUT 2000
1/31/2017,1351.72,1363.6,1345.65,1361.82,RUT 2000
1/30/2017,1369.49,1369.49,1342.66,1352.33,RUT 2000
1/27/2017,1375.68,1375.93,1366.36,1370.7,RUT 2000
1/26/2017,1382.43,1384.13,1374.62,1375.6,RUT 2000
1/25/2017,1371.11,1383.36,1371.11,1382.44,RUT 2000
1/24/2017,1348.12,1370.97,1348.12,1369.21,RUT 2000
1/23/2017,1351.41,1353.13,1341.46,1347.84,RUT 2000
1/20/2017,1345.96,1355.21,1345.96,1351.85,RUT 2000
1/19/2017,1358.83,1360.76,1342.14,1345.74,RUT 2000
1/18/2017,1352.74,1358.84,1350.81,1358.56,RUT 2000
1/17/2017,1371.51,1371.51,1351.5,1352.32,RUT 2000
1/13/2017,1361.38,1376.17,1361.38,1372.05,RUT 2000
1/12/2017,1372.84,1372.84,1346.82,1361.07,RUT 2000
1/11/2017,1370.89,1375.54,1365.14,1373.3,RUT 2000
1/10/2017,1357.74,1371.5,1357.74,1370.9,RUT 2000
1/9/2017,1367.13,1367.13,1356.54,1357.49,RUT 2000
1/6/2017,1372.49,1375.06,1366.82,1367.28,RUT 2000
1/5/2017,1387.7,1387.7,1366.57,1371.94,RUT 2000
1/4/2017,1357.98,1388.6,1355.39,1387.95,RUT 2000
1/3/2017,1357.98,1375.09,1355.39,1365.49,RUT 2000
12/30/2016,1363.59,1364.98,1353.92,1357.13,RUT 2000
12/29/2016,1360.92,1367.45,1357.39,1363.18,RUT 2000
12/28/2016,1377.78,1379.27,1359.22,1360.83,RUT 2000
12/27/2016,1371.59,1381.98,1371.59,1377.71,RUT 2000
12/23/2016,1362.63,1371.51,1362.56,1371.51,RUT 2000
12/22/2016,1374.95,1375.46,1360.25,1362.66,RUT 2000
12/21/2016,1383.63,1384.36,1375.19,1375.19,RUT 2000
12/20/2016,1372.07,1385.06,1372.07,1383.96,RUT 2000
12/19/2016,1364.79,1375.59,1364.79,1371.68,RUT 2000
12/16/2016,1366.93,1379.03,1362.07,1364.4,RUT 2000
12/15/2016,1356.44,1374.83,1354.47,1366.41,RUT 2000
12/14/2016,1372.08,1374.54,1354.07,1356.02,RUT 2000
12/13/2016,1373.34,1382.44,1367.92,1373.53,RUT 2000
12/12/2016,1387.78,1388.53,1370.79,1373.14,RUT 2000
12/9/2016,1386.66,1392.71,1383.24,1388.07,RUT 2000
12/8/2016,1364.43,1386.45,1363.7,1386.37,RUT 2000
12/7/2016,1352.1,1366.61,1347.84,1364.51,RUT 2000
12/6/2016,1338.05,1353.57,1334.3,1352.67,RUT 2000
12/5/2016,1314.98,1338.23,1314.98,1337.79,RUT 2000
12/2/2016,1313.58,1319.35,1311.52,1314.25,RUT 2000
12/1/2016,1322.76,1331.73,1308.85,1313.8,RUT 2000
11/30/2016,1329.76,1337.33,1320.95,1322.34,RUT 2000
11/29/2016,1329.91,1335.44,1327.02,1328.22,RUT 2000
11/28/2016,1346.88,1346.88,1328.58,1329.83,RUT 2000
11/25/2016,1342.2,1347.2,1340.66,1347.2,RUT 2000
11/23/2016,1333.76,1342.35,1326.95,1342.09,RUT 2000
11/22/2016,1322.46,1334.83,1322.46,1334.34,RUT 2000
11/21/2016,1317.41,1323.72,1313.67,1322.23,RUT 2000
11/18/2016,1309.73,1316.21,1308.44,1315.64,RUT 2000
11/17/2016,1302.86,1313.06,1302.86,1309.48,RUT 2000
11/16/2016,1300.69,1304.98,1296.11,1302.2,RUT 2000
11/15/2016,1298.52,1304.38,1290.44,1302.14,RUT 2000
11/14/2016,1283.03,1306.56,1283.03,1298.6,RUT 2000
11/11/2016,1251.52,1282.82,1250.83,1282.38,RUT 2000
11/10/2016,1235.86,1258.48,1234.02,1251.61,RUT 2000
11/9/2016,1194.34,1233.66,1188.43,1232.16,RUT 2000
11/8/2016,1192.04,1200.21,1184.85,1195.14,RUT 2000
11/7/2016,1164.58,1193.39,1164.58,1192.25,RUT 2000
11/4/2016,1157.19,1174.78,1156.92,1163.44,RUT 2000
11/3/2016,1164.47,1168.13,1156.09,1156.88,RUT 2000
11/2/2016,1177.77,1177.77,1161.85,1162.53,RUT 2000
11/1/2016,1191.77,1194.48,1170.87,1177.94,RUT 2000
10/31/2016,1187.87,1192.98,1185.17,1191.39,RUT 2000
10/28/2016,1190.06,1196.24,1185.48,1187.61,RUT 2000
10/27/2016,1205.74,1208.18,1188.75,1189.95,RUT 2000
10/26/2016,1214.49,1216.08,1203.12,1204.75,RUT 2000
10/25/2016,1225.89,1226.16,1214.81,1216.1,RUT 2000
10/24/2016,1219.73,1231.93,1219.73,1226.45,RUT 2000
10/21/2016,1217.89,1220.03,1208.99,1218.1,RUT 2000
10/20/2016,1221.99,1222.61,1213.16,1219.79,RUT 2000
10/19/2016,1217.34,1226.35,1214.05,1222.64,RUT 2000
10/18/2016,1211.3,1222.2,1211.3,1217.3,RUT 2000
10/17/2016,1212.42,1215.42,1209.83,1210.14,RUT 2000
10/14/2016,1217.63,1226.01,1212.26,1212.41,RUT 2000
10/13/2016,1225.14,1225.14,1209.32,1215.75,RUT 2000
10/12/2016,1227.67,1232.61,1224.29,1227.23,RUT 2000
10/11/2016,1249.96,1249.96,1222.57,1227.62,RUT 2000
10/10/2016,1239.21,1253.81,1239.21,1250.76,RUT 2000
10/7/2016,1246.37,1247.58,1231.35,1236.56,RUT 2000
10/6/2016,1247.77,1247.77,1237.41,1246.24,RUT 2000
10/5/2016,1240.52,1254.09,1240.52,1248.37,RUT 2000
10/4/2016,1246.02,1249.93,1235.75,1239.78,RUT 2000
10/3/2016,1251.28,1251.28,1240.97,1245.78,RUT 2000
9/30/2016,1239.93,1255.71,1238.06,1251.65,RUT 2000
9/29/2016,1255.59,1255.59,1236.86,1237.75,RUT 2000
9/28/2016,1246.7,1255.94,1240.59,1255.67,RUT 2000
9/27/2016,1240.91,1247.12,1238.31,1246.38,RUT 2000
9/26/2016,1253.95,1253.95,1240.77,1240.94,RUT 2000
9/23/2016,1262.94,1262.94,1254.56,1254.62,RUT 2000
9/22/2016,1246.43,1263.46,1246.43,1263.44,RUT 2000
9/21/2016,1229.62,1245.24,1228.13,1245.04,RUT 2000
9/20/2016,1233.24,1238.25,1228.13,1228.33,RUT 2000
9/19/2016,1225.64,1239.98,1225.64,1232.53,RUT 2000
9/16/2016,1226.96,1227.09,1218.28,1224.78,RUT 2000
9/15/2016,1211.97,1227.36,1211.11,1227.02,RUT 2000
9/14/2016,1212.68,1219.93,1209.71,1211.59,RUT 2000
9/13/2016,1234.55,1234.55,1206.07,1212.32,RUT 2000
9/12/2016,1218.63,1235.87,1211.66,1235.87,RUT 2000
9/9/2016,1256.3,1256.3,1219.2,1219.21,RUT 2000
9/8/2016,1260.48,1260.48,1254.93,1258.36,RUT 2000
9/7/2016,1253.21,1261.12,1252.41,1261.01,RUT 2000
9/6/2016,1252.45,1254.41,1246.46,1253.37,RUT 2000
9/2/2016,1241.43,1251.83,1241.43,1251.83,RUT 2000
9/1/2016,1240.07,1242.09,1228.78,1239.8,RUT 2000
8/31/2016,1245.64,1245.64,1233.12,1239.91,RUT 2000
8/30/2016,1245.08,1248.43,1241.54,1246.03,RUT 2000
8/29/2016,1238.32,1248.22,1238.32,1244.94,RUT 2000
8/26/2016,1240.14,1250.18,1231.27,1238.03,RUT 2000
8/25/2016,1236.4,1243.3,1234.41,1240.01,RUT 2000
8/24/2016,1248.47,1248.91,1235.47,1237.25,RUT 2000
8/23/2016,1240.6,1251.33,1240.6,1248.58,RUT 2000
8/22/2016,1236.6,1239.74,1232.0,1239.74,RUT 2000
8/19/2016,1236.49,1237.39,1231.76,1236.77,RUT 2000
8/18/2016,1227.42,1236.85,1227.42,1236.85,RUT 2000
8/17/2016,1230.98,1230.98,1221.72,1227.68,RUT 2000
8/16/2016,1241.68,1241.68,1230.74,1231.13,RUT 2000
8/15/2016,1230.53,1243.83,1230.53,1241.86,RUT 2000
8/12/2016,1228.85,1231.65,1225.04,1229.82,RUT 2000
8/11/2016,1224.0,1231.0,1223.75,1229.12,RUT 2000
8/10/2016,1231.7,1232.84,1220.75,1223.27,RUT 2000
8/9/2016,1230.53,1233.29,1229.43,1231.74,RUT 2000
8/8/2016,1231.32,1235.78,1228.89,1230.42,RUT 2000
8/5/2016,1215.7,1232.87,1215.7,1231.3,RUT 2000
8/4/2016,1212.78,1219.09,1211.98,1213.76,RUT 2000
8/3/2016,1201.87,1212.74,1198.73,1212.72,RUT 2000
8/2/2016,1219.01,1219.05,1199.6,1202.35,RUT 2000
8/1/2016,1220.3,1224.46,1214.64,1219.13,RUT 2000
7/29/2016,1217.09,1224.77,1210.25,1219.94,RUT 2000
7/28/2016,1218.73,1219.49,1214.26,1217.33,RUT 2000
7/27/2016,1217.46,1222.26,1212.83,1218.93,RUT 2000
7/26/2016,1209.51,1217.13,1208.76,1216.86,RUT 2000
7/25/2016,1212.84,1212.84,1207.2,1209.82,RUT 2000
7/22/2016,1204.12,1214.16,1202.23,1212.89,RUT 2000
7/21/2016,1209.57,1213.52,1201.41,1203.86,RUT 2000
7/20/2016,1201.43,1212.08,1198.4,1209.74,RUT 2000
7/19/2016,1207.24,1207.24,1198.78,1200.44,RUT 2000
7/18/2016,1205.29,1210.64,1202.49,1207.91,RUT 2000
7/15/2016,1203.52,1208.24,1201.67,1205.31,RUT 2000
7/14/2016,1203.36,1209.91,1201.9,1202.17,RUT 2000
7/13/2016,1206.86,1210.38,1197.87,1201.16,RUT 2000
7/12/2016,1191.98,1211.77,1191.98,1205.89,RUT 2000
7/11/2016,1179.19,1192.04,1179.19,1190.03,RUT 2000
7/8/2016,1152.24,1178.12,1152.24,1177.36,RUT 2000
7/7/2016,1147.63,1156.89,1143.42,1149.76,RUT 2000
7/6/2016,1138.92,1147.91,1131.71,1147.33,RUT 2000
7/5/2016,1155.46,1155.46,1133.63,1139.45,RUT 2000
7/1/2016,1151.75,1161.05,1151.25,1156.77,RUT 2000
6/30/2016,1132.14,1152.03,1128.91,1151.92,RUT 2000
6/29/2016,1110.79,1132.62,1110.79,1131.62,RUT 2000
6/28/2016,1092.17,1110.5,1092.17,1107.3,RUT 2000
6/27/2016,1123.81,1123.81,1085.88,1089.65,RUT 2000
6/24/2016,1162.92,1162.92,1123.49,1127.54,RUT 2000
6/23/2016,1151.51,1172.22,1151.51,1172.22,RUT 2000
6/22/2016,1154.15,1161.28,1148.7,1148.97,RUT 2000
6/21/2016,1158.12,1158.85,1147.77,1153.87,RUT 2000
6/20/2016,1146.39,1167.12,1146.39,1157.7,RUT 2000
6/17/2016,1148.96,1151.69,1141.49,1144.7,RUT 2000
6/16/2016,1147.86,1148.86,1133.1,1148.19,RUT 2000
6/15/2016,1148.09,1157.96,1148.09,1149.3,RUT 2000
6/14/2016,1149.59,1153.22,1141.23,1147.82,RUT 2000
6/13/2016,1162.53,1164.9,1149.48,1150.7,RUT 2000
6/10/2016,1178.38,1178.38,1161.27,1163.93,RUT 2000
6/9/2016,1188.23,1188.23,1177.86,1181.2,RUT 2000
6/8/2016,1180.2,1190.17,1180.2,1188.95,RUT 2000
6/7/2016,1177.19,1183.75,1175.05,1179.97,RUT 2000
6/6/2016,1164.26,1179.34,1163.68,1176.87,RUT 2000
6/3/2016,1170.39,1170.39,1155.84,1164.13,RUT 2000
6/2/2016,1162.74,1170.77,1159.36,1170.58,RUT 2000
6/1/2016,1154.51,1163.43,1148.6,1163.04,RUT 2000
5/31/2016,1150.6,1158.97,1150.34,1154.79,RUT 2000
5/27/2016,1139.98,1150.45,1139.98,1150.45,RUT 2000
5/26/2016,1141.1,1143.19,1137.59,1139.75,RUT 2000
5/25/2016,1136.37,1142.85,1136.37,1141.02,RUT 2000
5/24/2016,1112.51,1136.29,1112.51,1135.31,RUT 2000
5/23/2016,1112.47,1117.32,1110.87,1111.37,RUT 2000
5/20/2016,1095.16,1112.32,1095.16,1112.28,RUT 2000
5/19/2016,1100.68,1103.72,1085.94,1094.76,RUT 2000
5/18/2016,1097.19,1110.73,1093.95,1102.95,RUT 2000
5/17/2016,1115.41,1118.34,1094.06,1097.68,RUT 2000
5/16/2016,1103.23,1119.68,1103.23,1116.21,RUT 2000
5/13/2016,1108.37,1112.96,1099.44,1102.44,RUT 2000
5/12/2016,1114.87,1119.89,1101.26,1108.6,RUT 2000
5/11/2016,1128.47,1128.47,1114.61,1114.74,RUT 2000
5/10/2016,1118.73,1129.04,1117.94,1128.83,RUT 2000
5/9/2016,1114.72,1123.65,1113.08,1118.25,RUT 2000
5/6/2016,1107.8,1114.77,1101.57,1114.72,RUT 2000
5/5/2016,1114.35,1118.38,1107.64,1107.95,RUT 2000
5/4/2016,1121.16,1123.69,1110.39,1113.13,RUT 2000
5/3/2016,1138.87,1138.87,1116.53,1121.76,RUT 2000
5/2/2016,1131.21,1140.92,1129.24,1140.92,RUT 2000
4/29/2016,1140.11,1140.11,1124.26,1130.85,RUT 2000
4/28/2016,1153.11,1155.55,1138.7,1140.4,RUT 2000
4/27/2016,1150.92,1156.07,1145.85,1154.15,RUT 2000
4/26/2016,1138.7,1150.82,1138.7,1150.73,RUT 2000
4/25/2016,1146.26,1146.26,1134.85,1138.1,RUT 2000
4/22/2016,1135.66,1147.41,1135.51,1146.69,RUT 2000
4/21/2016,1142.37,1144.54,1133.44,1135.77,RUT 2000
4/20/2016,1140.14,1147.72,1137.32,1142.29,RUT 2000
4/19/2016,1139.83,1146.5,1135.85,1140.23,RUT 2000
4/18/2016,1129.71,1139.48,1125.15,1139.28,RUT 2000
4/15/2016,1128.08,1132.14,1125.06,1130.92,RUT 2000
4/14/2016,1130.08,1132.09,1125.13,1128.59,RUT 2000
4/13/2016,1106.48,1129.93,1106.48,1129.93,RUT 2000
4/12/2016,1094.46,1107.36,1091.65,1105.71,RUT 2000
4/11/2016,1097.96,1110.43,1094.31,1094.34,RUT 2000
4/8/2016,1093.86,1106.05,1093.77,1097.31,RUT 2000
4/7/2016,1107.89,1107.89,1088.56,1092.79,RUT 2000
4/6/2016,1095.99,1109.02,1094.24,1108.81,RUT 2000
4/5/2016,1106.22,1106.22,1095.25,1095.85,RUT 2000
4/4/2016,1117.69,1119.41,1108.17,1108.54,RUT 2000
4/1/2016,1112.9,1118.39,1102.12,1117.68,RUT 2000
3/31/2016,1110.43,1117.79,1109.53,1114.03,RUT 2000
3/30/2016,1110.19,1117.35,1107.73,1110.44,RUT 2000
3/29/2016,1079.82,1109.21,1075.43,1109.08,RUT 2000
3/28/2016,1079.94,1084.47,1073.46,1080.23,RUT 2000
3/24/2016,1074.7,1079.54,1065.62,1079.54,RUT 2000
3/23/2016,1097.05,1097.05,1075.7,1075.7,RUT 2000
3/22/2016,1096.68,1100.77,1090.0,1097.34,RUT 2000
3/21/2016,1101.46,1103.63,1096.16,1098.58,RUT 2000
3/18/2016,1092.01,1102.98,1092.01,1101.67,RUT 2000
3/17/2016,1074.4,1094.69,1069.89,1091.25,RUT 2000
3/16/2016,1066.08,1076.51,1063.66,1074.51,RUT 2000
3/15/2016,1082.68,1082.68,1065.51,1066.67,RUT 2000
3/14/2016,1086.97,1087.46,1079.9,1084.25,RUT 2000
3/11/2016,1066.11,1087.87,1066.11,1087.56,RUT 2000
3/10/2016,1073.41,1078.98,1054.56,1063.99,RUT 2000
3/9/2016,1068.45,1074.2,1067.13,1072.77,RUT 2000
3/8/2016,1092.71,1092.71,1067.24,1067.88,RUT 2000
3/7/2016,1081.28,1094.5,1077.94,1094.15,RUT 2000
3/4/2016,1076.34,1088.24,1073.82,1081.93,RUT 2000
3/3/2016,1065.64,1076.09,1064.6,1076.05,RUT 2000
3/2/2016,1054.24,1065.68,1052.15,1065.67,RUT 2000
3/1/2016,1035.52,1054.49,1035.52,1054.49,RUT 2000
2/29/2016,1037.21,1044.91,1033.67,1033.9,RUT 2000
2/26/2016,1031.59,1039.71,1031.59,1037.18,RUT 2000
2/25/2016,1022.96,1031.58,1020.46,1031.58,RUT 2000
2/24/2016,1010.1,1023.06,996.7,1022.08,RUT 2000
2/23/2016,1021.25,1021.25,1012.15,1012.15,RUT 2000
2/22/2016,1010.39,1025.28,1010.39,1021.74,RUT 2000
2/19/2016,1003.72,1010.72,998.27,1010.01,RUT 2000
2/18/2016,1011.98,1013.6,1002.41,1004.71,RUT 2000
2/17/2016,997.83,1016.28,997.83,1011.13,RUT 2000
2/16/2016,972.45,996.39,972.45,995.8,RUT 2000
2/12/2016,955.35,972.87,955.34,971.99,RUT 2000
2/11/2016,958.89,958.89,943.1,953.72,RUT 2000
2/10/2016,965.52,983.45,963.32,963.48,RUT 2000
2/9/2016,967.85,975.14,957.09,963.9,RUT 2000
2/8/2016,982.15,982.15,955.71,969.34,RUT 2000
2/5/2016,1014.31,1014.31,985.62,985.62,RUT 2000
2/4/2016,1009.93,1025.11,1008.59,1014.79,RUT 2000
2/3/2016,1009.5,1016.92,989.25,1010.3,RUT 2000
2/2/2016,1030.56,1030.56,1005.4,1008.84,RUT 2000
2/1/2016,1033.53,1037.27,1020.59,1032.39,RUT 2000
1/29/2016,1003.52,1035.38,1003.52,1035.38,RUT 2000
1/28/2016,1004.15,1014.48,1000.38,1003.27,RUT 2000
1/27/2016,1016.9,1021.85,998.81,1002.75,RUT 2000
1/26/2016,998.19,1019.51,998.19,1017.97,RUT 2000
1/25/2016,1019.43,1019.43,996.04,997.37,RUT 2000
1/22/2016,999.81,1021.84,999.81,1020.66,RUT 2000
1/21/2016,999.53,1014.5,992.12,997.34,RUT 2000
1/20/2016,991.79,1008.68,958.48,999.32,RUT 2000
1/19/2016,1010.3,1017.83,985.22,994.87,RUT 2000
1/15/2016,1023.92,1023.92,983.98,1007.73,RUT 2000
1/14/2016,1010.64,1033.58,999.62,1025.67,RUT 2000
1/13/2016,1045.74,1050.66,1005.69,1010.19,RUT 2000
1/12/2016,1044.98,1056.92,1028.14,1044.7,RUT 2000
1/11/2016,1046.64,1052.59,1031.67,1041.9,RUT 2000
1/8/2016,1065.85,1072.09,1045.11,1046.2,RUT 2000
1/7/2016,1090.94,1090.94,1063.84,1064.57,RUT 2000
1/6/2016,1109.46,1109.46,1088.77,1094.37,RUT 2000
1/5/2016,1134.08,1134.08,1100.53,1110.44,RUT 2000
1/4/2016,1134.08,1134.08,1100.53,1108.63,RUT 2000
12/31/2015,1149.33,1149.33,1135.57,1135.89,RUT 2000
12/30/2015,1159.97,1160.38,1149.16,1149.64,RUT 2000
12/29/2015,1148.95,1160.94,1148.74,1160.52,RUT 2000
12/28/2015,1153.98,1153.99,1140.02,1148.21,RUT 2000
12/24/2015,1152.75,1159.7,1151.61,1154.76,RUT 2000
12/23/2015,1139.04,1152.91,1139.04,1152.82,RUT 2000
12/22/2015,1128.48,1138.65,1123.67,1137.69,RUT 2000
12/21/2015,1122.16,1130.4,1120.61,1127.74,RUT 2000
12/18/2015,1134.95,1134.95,1120.47,1121.02,RUT 2000
12/17/2015,1149.21,1151.4,1135.35,1135.36,RUT 2000
12/16/2015,1133.82,1150.27,1133.82,1148.97,RUT 2000
12/15/2015,1117.02,1133.32,1117.02,1131.55,RUT 2000
12/14/2015,1123.63,1126.49,1108.76,1115.86,RUT 2000
12/11/2015,1146.23,1146.23,1121.27,1123.61,RUT 2000
12/10/2015,1145.66,1154.84,1144.03,1149.02,RUT 2000
12/9/2015,1158.98,1165.56,1142.75,1145.87,RUT 2000
12/8/2015,1162.25,1163.73,1151.27,1159.4,RUT 2000
12/7/2015,1183.07,1183.07,1161.58,1164.3,RUT 2000
12/4/2015,1170.64,1183.82,1170.49,1183.4,RUT 2000
12/3/2015,1192.7,1196.68,1168.15,1170.57,RUT 2000
12/2/2015,1203.89,1205.08,1190.85,1191.69,RUT 2000
12/1/2015,1198.93,1204.4,1195.68,1204.16,RUT 2000
11/30/2015,1202.77,1204.87,1197.2,1198.11,RUT 2000
11/27/2015,1197.91,1203.69,1195.84,1202.38,RUT 2000
11/25/2015,1188.9,1198.53,1188.51,1198.02,RUT 2000
11/24/2015,1179.23,1189.66,1172.88,1188.81,RUT 2000
11/23/2015,1174.89,1184.41,1173.75,1180.36,RUT 2000
11/20/2015,1168.35,1178.74,1168.35,1175.15,RUT 2000
11/19/2015,1171.7,1172.29,1164.19,1166.73,RUT 2000
11/18/2015,1153.39,1172.02,1153.39,1171.75,RUT 2000
11/17/2015,1156.16,1166.34,1152.49,1153.21,RUT 2000
11/16/2015,1146.37,1156.21,1140.76,1156.08,RUT 2000
11/13/2015,1154.09,1158.43,1144.34,1146.55,RUT 2000
11/12/2015,1177.35,1177.35,1154.38,1154.81,RUT 2000
11/11/2015,1188.27,1189.85,1178.06,1178.07,RUT 2000
11/10/2015,1183.69,1187.72,1177.43,1187.7,RUT 2000
11/9/2015,1199.58,1199.58,1180.56,1184.43,RUT 2000
11/6/2015,1190.03,1199.96,1181.78,1199.75,RUT 2000
11/5/2015,1190.31,1191.93,1179.74,1190.69,RUT 2000
11/4/2015,1192.28,1196.14,1185.39,1190.38,RUT 2000
11/3/2015,1185.78,1196.56,1182.37,1191.58,RUT 2000
11/2/2015,1161.95,1187.62,1161.95,1186.09,RUT 2000
10/30/2015,1165.48,1167.65,1159.66,1161.86,RUT 2000
10/29/2015,1178.36,1178.36,1164.24,1165.63,RUT 2000
10/28/2015,1145.48,1178.79,1145.48,1178.72,RUT 2000
10/27/2015,1158.53,1158.53,1139.92,1145.29,RUT 2000
10/26/2015,1165.77,1165.77,1157.52,1159.5,RUT 2000
10/23/2015,1157.04,1166.42,1155.65,1166.06,RUT 2000
10/22/2015,1147.09,1160.08,1145.8,1154.52,RUT 2000
10/21/2015,1164.02,1167.01,1144.9,1144.95,RUT 2000
10/20/2015,1164.37,1169.61,1159.08,1163.27,RUT 2000
10/19/2015,1161.8,1168.92,1155.57,1164.3,RUT 2000
10/16/2015,1163.59,1165.23,1152.57,1162.31,RUT 2000
10/15/2015,1137.98,1162.82,1135.67,1162.77,RUT 2000
10/14/2015,1147.88,1153.47,1136.06,1136.97,RUT 2000
10/13/2015,1163.25,1169.71,1147.84,1147.84,RUT 2000
10/12/2015,1165.45,1166.51,1159.54,1164.4,RUT 2000
10/9/2015,1163.64,1168.76,1162.91,1165.36,RUT 2000
10/8/2015,1152.42,1164.58,1149.3,1163.24,RUT 2000
10/7/2015,1134.49,1152.61,1134.49,1152.6,RUT 2000
10/6/2015,1141.43,1143.63,1127.12,1133.69,RUT 2000
10/5/2015,1115.82,1142.17,1115.82,1141.64,RUT 2000
10/2/2015,1095.58,1114.12,1080.61,1114.12,RUT 2000
10/1/2015,1100.89,1103.7,1083.9,1097.55,RUT 2000
9/30/2015,1087.08,1101.93,1087.08,1100.69,RUT 2000
9/29/2015,1090.95,1098.02,1078.63,1083.91,RUT 2000
9/28/2015,1121.87,1121.87,1087.47,1090.57,RUT 2000
9/25/2015,1140.24,1146.72,1119.3,1122.79,RUT 2000
9/24/2015,1137.88,1138.96,1124.75,1137.54,RUT 2000
9/23/2015,1143.41,1149.22,1137.41,1140.05,RUT 2000
9/22/2015,1158.42,1158.42,1137.7,1143.03,RUT 2000
9/21/2015,1165.04,1177.96,1158.1,1161.09,RUT 2000
9/18/2015,1175.34,1175.34,1160.66,1163.37,RUT 2000
9/17/2015,1175.09,1193.99,1173.7,1180.69,RUT 2000
9/16/2015,1166.17,1175.89,1165.41,1175.2,RUT 2000
9/15/2015,1153.93,1167.28,1153.93,1165.99,RUT 2000
9/14/2015,1158.03,1159.17,1151.31,1153.5,RUT 2000
9/11/2015,1152.51,1157.91,1143.73,1157.79,RUT 2000
9/10/2015,1147.99,1158.26,1146.47,1153.03,RUT 2000
9/9/2015,1162.72,1170.2,1147.33,1148.22,RUT 2000
9/8/2015,1139.07,1162.45,1139.07,1161.76,RUT 2000
9/4/2015,1132.95,1142.55,1130.75,1136.17,RUT 2000
9/3/2015,1148.62,1157.63,1143.79,1145.15,RUT 2000
9/2/2015,1131.73,1146.03,1128.58,1146.03,RUT 2000
9/1/2015,1148.31,1151.53,1124.46,1128.05,RUT 2000
8/31/2015,1161.01,1164.89,1156.37,1159.45,RUT 2000
8/28/2015,1149.56,1163.05,1149.47,1162.91,RUT 2000
8/27/2015,1140.92,1157.9,1133.77,1153.61,RUT 2000
8/26/2015,1119.28,1132.63,1102.58,1132.19,RUT 2000
8/25/2015,1133.13,1133.15,1104.05,1104.1,RUT 2000
8/24/2015,1119.76,1148.58,1105.93,1111.69,RUT 2000
8/21/2015,1158.0,1172.76,1152.37,1156.79,RUT 2000
8/20/2015,1193.9,1193.93,1172.52,1172.52,RUT 2000
8/19/2015,1208.55,1211.68,1196.66,1202.98,RUT 2000
8/18/2015,1224.08,1224.12,1214.26,1214.88,RUT 2000
8/17/2015,1209.24,1225.09,1206.4,1225.09,RUT 2000
8/14/2015,1202.11,1212.79,1199.46,1212.69,RUT 2000
8/13/2015,1208.57,1213.41,1203.64,1204.74,RUT 2000
8/12/2015,1203.17,1210.98,1189.42,1208.98,RUT 2000
8/11/2015,1214.14,1218.67,1205.87,1211.14,RUT 2000
8/10/2015,1212.42,1223.39,1212.42,1222.67,RUT 2000
8/7/2015,1209.48,1211.93,1200.41,1206.9,RUT 2000
8/6/2015,1232.44,1232.77,1207.77,1215.85,RUT 2000
8/5/2015,1233.72,1243.16,1229.52,1231.75,RUT 2000
8/4/2015,1232.52,1237.2,1226.37,1228.85,RUT 2000
8/3/2015,1238.32,1238.97,1224.87,1231.79,RUT 2000
7/31/2015,1235.17,1244.98,1232.95,1238.68,RUT 2000
7/30/2015,1226.04,1233.0,1220.98,1232.07,RUT 2000
7/29/2015,1223.98,1232.34,1220.93,1229.6,RUT 2000
7/28/2015,1219.47,1226.41,1205.19,1224.6,RUT 2000
7/27/2015,1219.21,1220.73,1212.33,1214.61,RUT 2000
7/24/2015,1242.39,1243.58,1225.43,1225.99,RUT 2000
7/23/2015,1260.66,1262.57,1243.69,1244.97,RUT 2000
7/22/2015,1249.37,1259.76,1248.63,1258.35,RUT 2000
7/21/2015,1259.75,1265.44,1252.09,1254.57,RUT 2000
7/20/2015,1268.82,1268.89,1258.3,1260.22,RUT 2000
7/17/2015,1273.67,1273.67,1263.87,1267.09,RUT 2000
7/16/2015,1271.1,1275.9,1269.66,1272.83,RUT 2000
7/15/2015,1273.8,1273.8,1263.01,1264.52,RUT 2000
7/14/2015,1265.3,1274.11,1264.87,1273.33,RUT 2000
7/13/2015,1258.79,1266.1,1258.79,1265.35,RUT 2000
7/10/2015,1245.0,1252.87,1244.22,1252.02,RUT 2000
7/9/2015,1240.16,1243.96,1232.81,1234.15,RUT 2000
7/8/2015,1239.08,1241.35,1226.52,1228.96,RUT 2000
7/7/2015,1247.78,1248.96,1225.98,1248.05,RUT 2000
7/6/2015,1239.23,1253.2,1236.59,1246.96,RUT 2000
7/2/2015,1259.03,1259.25,1244.63,1248.26,RUT 2000
7/1/2015,1262.12,1264.63,1250.65,1256.4,RUT 2000
6/30/2015,1255.51,1256.87,1248.81,1253.95,RUT 2000
6/29/2015,1269.36,1273.95,1246.6,1246.75,RUT 2000
6/26/2015,1285.23,1287.1,1274.03,1279.79,RUT 2000
6/25/2015,1286.97,1287.46,1278.57,1283.28,RUT 2000
6/24/2015,1293.81,1295.03,1283.2,1283.92,RUT 2000
6/23/2015,1294.37,1296.0,1289.59,1295.8,RUT 2000
6/22/2015,1290.56,1293.31,1288.49,1292.39,RUT 2000
6/19/2015,1285.47,1286.58,1281.66,1284.66,RUT 2000
6/18/2015,1271.95,1287.06,1271.95,1284.68,RUT 2000
6/17/2015,1273.36,1274.4,1266.63,1268.33,RUT 2000
6/16/2015,1259.02,1271.46,1258.93,1269.53,RUT 2000
6/15/2015,1259.38,1262.86,1247.52,1261.04,RUT 2000
6/12/2015,1265.56,1266.78,1262.22,1265.02,RUT 2000
6/11/2015,1268.67,1270.79,1266.06,1268.92,RUT 2000
6/10/2015,1254.47,1269.77,1254.47,1266.93,RUT 2000
6/9/2015,1253.5,1254.44,1242.36,1249.66,RUT 2000
6/8/2015,1259.67,1261.18,1252.73,1253.7,RUT 2000
6/5/2015,1250.4,1261.07,1242.74,1261.01,RUT 2000
6/4/2015,1258.54,1261.21,1248.43,1251.29,RUT 2000
6/3/2015,1254.98,1264.94,1252.79,1264.58,RUT 2000
6/2/2015,1245.59,1258.46,1243.3,1251.8,RUT 2000
6/1/2015,1252.02,1254.56,1238.65,1249.62,RUT 2000
5/29/2015,1251.58,1252.64,1241.15,1246.53,RUT 2000
5/28/2015,1251.78,1253.2,1246.07,1253.1,RUT 2000
5/27/2015,1241.01,1255.05,1237.61,1254.36,RUT 2000
5/26/2015,1248.11,1248.11,1233.72,1238.76,RUT 2000
5/22/2015,1255.49,1258.73,1248.37,1252.22,RUT 2000
5/21/2015,1257.49,1261.02,1252.99,1256.74,RUT 2000
5/20/2015,1257.33,1260.83,1252.36,1257.74,RUT 2000
5/19/2015,1257.86,1258.58,1251.82,1255.66,RUT 2000
5/18/2015,1242.08,1258.0,1240.84,1257.52,RUT 2000
5/15/2015,1245.42,1245.9,1238.99,1243.95,RUT 2000
5/14/2015,1236.81,1245.12,1232.53,1245.11,RUT 2000
5/13/2015,1235.74,1237.88,1228.48,1232.28,RUT 2000
5/12/2015,1230.58,1236.14,1218.37,1233.13,RUT 2000
5/11/2015,1234.59,1243.56,1234.51,1235.83,RUT 2000
5/8/2015,1234.82,1239.38,1232.59,1234.93,RUT 2000
5/7/2015,1218.95,1228.82,1215.42,1225.54,RUT 2000
5/6/2015,1221.53,1222.9,1211.13,1219.36,RUT 2000
5/5/2015,1231.77,1234.04,1211.78,1215.42,RUT 2000
5/4/2015,1230.3,1240.63,1230.1,1233.22,RUT 2000
5/1/2015,1223.06,1229.47,1218.59,1228.11,RUT 2000
4/30/2015,1241.4,1242.77,1216.1,1220.13,RUT 2000
4/29/2015,1254.5,1255.81,1245.47,1246.95,RUT 2000
4/28/2015,1252.89,1260.69,1242.57,1259.36,RUT 2000
4/27/2015,1269.87,1275.84,1250.45,1252.7,RUT 2000
4/24/2015,1272.8,1273.08,1266.22,1267.54,RUT 2000
4/23/2015,1263.66,1273.25,1262.41,1271.54,RUT 2000
4/22/2015,1265.01,1266.57,1255.04,1265.48,RUT 2000
4/21/2015,1269.32,1270.08,1263.59,1264.15,RUT 2000
4/20/2015,1257.61,1266.98,1255.75,1264.92,RUT 2000
4/17/2015,1264.22,1264.22,1248.23,1251.86,RUT 2000
4/16/2015,1273.48,1275.28,1271.11,1272.9,RUT 2000
4/15/2015,1269.65,1278.63,1268.82,1275.35,RUT 2000
4/14/2015,1266.68,1267.96,1258.53,1265.35,RUT 2000
4/13/2015,1265.49,1271.74,1265.05,1265.59,RUT 2000
4/10/2015,1263.73,1266.0,1262.32,1264.78,RUT 2000
4/9/2015,1262.54,1265.78,1248.17,1259.11,RUT 2000
4/8/2015,1254.39,1264.13,1254.36,1262.71,RUT 2000
4/7/2015,1260.3,1263.23,1253.29,1253.36,RUT 2000
4/6/2015,1250.24,1262.76,1249.35,1260.54,RUT 2000
4/2/2015,1252.18,1259.97,1251.83,1255.66,RUT 2000
4/1/2015,1250.99,1251.89,1239.6,1251.71,RUT 2000
3/31/2015,1252.64,1255.3,1248.91,1252.77,RUT 2000
3/30/2015,1246.69,1258.24,1246.69,1257.8,RUT 2000
3/27/2015,1231.67,1240.76,1229.38,1240.41,RUT 2000
3/26/2015,1228.8,1237.37,1225.47,1231.99,RUT 2000
3/25/2015,1265.58,1265.85,1233.55,1233.86,RUT 2000
3/24/2015,1264.06,1268.08,1262.4,1263.46,RUT 2000
3/23/2015,1264.17,1268.16,1262.95,1264.71,RUT 2000
3/20/2015,1259.71,1267.22,1259.71,1266.37,RUT 2000
3/19/2015,1249.26,1254.89,1248.48,1254.86,RUT 2000
3/18/2015,1239.84,1255.68,1235.49,1252.14,RUT 2000
3/17/2015,1235.9,1243.33,1234.66,1242.23,RUT 2000
3/16/2015,1237.08,1241.11,1235.7,1239.78,RUT 2000
3/13/2015,1235.59,1236.78,1220.01,1232.14,RUT 2000
3/12/2015,1221.46,1236.68,1221.26,1236.64,RUT 2000
3/11/2015,1209.99,1216.5,1206.11,1215.78,RUT 2000
3/10/2015,1213.93,1213.94,1206.32,1208.47,RUT 2000
3/9/2015,1220.48,1225.83,1218.76,1223.59,RUT 2000
3/6/2015,1227.88,1231.09,1216.22,1217.52,RUT 2000
3/5/2015,1232.89,1236.05,1228.85,1234.31,RUT 2000
3/4/2015,1232.15,1232.62,1224.63,1230.73,RUT 2000
3/3/2015,1238.79,1238.94,1230.74,1234.76,RUT 2000
3/2/2015,1233.39,1243.33,1232.67,1242.62,RUT 2000
2/27/2015,1238.14,1239.67,1233.26,1233.37,RUT 2000
2/26/2015,1234.67,1239.22,1231.7,1239.11,RUT 2000
2/25/2015,1233.23,1236.88,1230.95,1235.1,RUT 2000
2/24/2015,1232.23,1236.2,1230.07,1233.98,RUT 2000
2/23/2015,1230.22,1231.84,1222.64,1231.83,RUT 2000
2/20/2015,1228.12,1231.92,1218.29,1231.79,RUT 2000
2/19/2015,1225.09,1230.5,1222.85,1227.91,RUT 2000
2/18/2015,1222.56,1227.98,1219.84,1227.95,RUT 2000
2/17/2015,1223.1,1227.18,1221.04,1225.01,RUT 2000
2/13/2015,1218.05,1223.74,1214.93,1223.13,RUT 2000
2/12/2015,1207.6,1216.27,1206.75,1216.27,RUT 2000
2/11/2015,1201.25,1204.44,1195.28,1201.56,RUT 2000
2/10/2015,1202.61,1205.12,1190.28,1203.18,RUT 2000
2/9/2015,1202.26,1208.28,1195.38,1195.83,RUT 2000
2/6/2015,1209.74,1214.71,1202.16,1205.46,RUT 2000
2/5/2015,1195.5,1209.9,1195.41,1208.71,RUT 2000
2/4/2015,1191.56,1198.95,1189.34,1191.44,RUT 2000
2/3/2015,1180.08,1197.39,1180.06,1196.99,RUT 2000
2/2/2015,1168.58,1175.56,1153.79,1175.52,RUT 2000
1/30/2015,1183.34,1186.04,1164.9,1165.39,RUT 2000
1/29/2015,1177.15,1190.18,1170.13,1190.18,RUT 2000
1/28/2015,1200.68,1201.24,1172.73,1175.12,RUT 2000
1/27/2015,1190.34,1199.77,1186.16,1194.66,RUT 2000
1/26/2015,1188.69,1200.74,1181.77,1200.74,RUT 2000
1/23/2015,1190.26,1194.15,1185.5,1188.93,RUT 2000
1/22/2015,1172.5,1190.37,1161.3,1190.37,RUT 2000
1/21/2015,1167.52,1174.95,1162.31,1166.25,RUT 2000
1/20/2015,1179.08,1179.14,1161.33,1170.25,RUT 2000
1/16/2015,1151.34,1177.19,1151.3,1176.65,RUT 2000
1/15/2015,1179.72,1180.87,1154.64,1154.71,RUT 2000
1/14/2015,1169.75,1177.98,1165.06,1177.06,RUT 2000
1/13/2015,1187.52,1200.52,1168.41,1180.64,RUT 2000
1/12/2015,1186.94,1187.63,1173.22,1180.09,RUT 2000
1/9/2015,1196.01,1196.06,1183.09,1185.68,RUT 2000
1/8/2015,1184.17,1196.13,1184.08,1196.12,RUT 2000
1/7/2015,1169.3,1175.98,1164.95,1175.97,RUT 2000
1/6/2015,1183.47,1183.91,1153.4,1161.31,RUT 2000
1/5/2015,1192.36,1194.22,1177.46,1181.35,RUT 2000
1/2/2015,1209.98,1212.8,1189.16,1198.8,RUT 2000
12/31/2014,1215.57,1221.44,1204.69,1204.7,RUT 2000
12/30/2014,1215.93,1219.45,1212.34,1213.06,RUT 2000
12/29/2014,1214.44,1220.81,1214.44,1219.11,RUT 2000
12/26/2014,1210.88,1217.01,1210.88,1215.21,RUT 2000
12/24/2014,1203.79,1208.78,1202.55,1206.79,RUT 2000
12/23/2014,1205.77,1207.17,1200.38,1202.44,RUT 2000
12/22/2014,1196.01,1201.88,1193.57,1201.86,RUT 2000
12/19/2014,1191.48,1198.97,1187.94,1195.94,RUT 2000
12/18/2014,1185.94,1192.16,1180.61,1192.16,RUT 2000
12/17/2014,1141.87,1174.84,1141.34,1174.83,RUT 2000
12/16/2014,1136.87,1156.94,1134.51,1139.38,RUT 2000
12/15/2014,1157.72,1160.53,1138.13,1140.3,RUT 2000
12/12/2014,1156.69,1163.61,1152.44,1152.45,RUT 2000
12/11/2014,1166.68,1180.99,1165.13,1166.96,RUT 2000
12/10/2014,1183.9,1185.03,1161.86,1161.87,RUT 2000
12/9/2014,1157.38,1188.08,1153.53,1188.06,RUT 2000
12/8/2014,1179.96,1188.23,1165.96,1167.21,RUT 2000
12/5/2014,1172.75,1184.49,1172.75,1182.43,RUT 2000
12/4/2014,1177.78,1178.01,1169.23,1173.01,RUT 2000
12/3/2014,1168.55,1181.89,1168.03,1179.01,RUT 2000
12/2/2014,1156.27,1171.44,1156.26,1168.45,RUT 2000
12/1/2014,1170.55,1170.55,1154.05,1154.05,RUT 2000
11/28/2014,1190.58,1190.61,1172.44,1173.23,RUT 2000
11/26/2014,1186.33,1190.7,1185.37,1190.62,RUT 2000
11/25/2014,1188.93,1191.77,1182.66,1186.33,RUT 2000
11/24/2014,1174.83,1186.96,1174.83,1186.94,RUT 2000
11/21/2014,1182.31,1184.5,1169.65,1172.42,RUT 2000
11/20/2014,1153.53,1170.86,1153.21,1170.75,RUT 2000
11/19/2014,1169.04,1169.08,1151.98,1157.69,RUT 2000
11/18/2014,1165.15,1176.21,1165.16,1170.28,RUT 2000
11/17/2014,1171.86,1175.18,1164.18,1164.23,RUT 2000
11/14/2014,1175.46,1177.3,1171.97,1173.81,RUT 2000
11/13/2014,1186.76,1188.67,1173.97,1175.41,RUT 2000
11/12/2014,1175.33,1187.2,1174.85,1186.47,RUT 2000
11/11/2014,1179.01,1180.8,1176.77,1179.96,RUT 2000
11/10/2014,1173.85,1179.58,1172.61,1179.57,RUT 2000
11/7/2014,1170.07,1173.4,1165.04,1173.32,RUT 2000
11/6/2014,1166.02,1171.9,1163.54,1171.86,RUT 2000
11/5/2014,1171.23,1172.03,1163.68,1167.07,RUT 2000
11/4/2014,1166.73,1170.87,1160.89,1165.42,RUT 2000
11/3/2014,1174.5,1178.4,1166.79,1170.2,RUT 2000
10/31/2014,1169.17,1174.33,1166.66,1173.51,RUT 2000
10/30/2014,1142.45,1159.15,1140.51,1155.77,RUT 2000
10/29/2014,1149.46,1153.41,1138.32,1146.37,RUT 2000
10/28/2014,1121.8,1149.45,1121.34,1149.45,RUT 2000
10/27/2014,1113.56,1117.71,1104.05,1117.48,RUT 2000
10/24/2014,1117.95,1119.13,1113.05,1118.82,RUT 2000
10/23/2014,1105.45,1122.42,1105.45,1116.49,RUT 2000
10/22/2014,1114.96,1117.18,1096.24,1096.87,RUT 2000
10/21/2014,1099.88,1112.87,1099.88,1112.85,RUT 2000
10/20/2014,1078.68,1094.97,1078.5,1094.97,RUT 2000
10/17/2014,1085.85,1099.44,1079.23,1082.33,RUT 2000
10/16/2014,1060.69,1091.27,1058.82,1086.11,RUT 2000
10/15/2014,1051.5,1075.64,1040.47,1072.45,RUT 2000
10/14/2014,1056.8,1075.27,1056.29,1061.6,RUT 2000
10/13/2014,1054.27,1066.98,1046.14,1049.3,RUT 2000
10/10/2014,1063.25,1074.25,1053.32,1053.32,RUT 2000
10/9/2014,1095.75,1095.94,1067.83,1067.99,RUT 2000
10/8/2014,1075.21,1097.7,1065.75,1097.12,RUT 2000
10/7/2014,1089.3,1090.96,1076.31,1076.31,RUT 2000
10/6/2014,1107.36,1108.0,1093.77,1094.65,RUT 2000
10/3/2014,1105.12,1109.87,1101.51,1104.74,RUT 2000
10/2/2014,1085.14,1099.46,1077.96,1096.38,RUT 2000
10/1/2014,1101.08,1101.18,1083.0,1085.41,RUT 2000
9/30/2014,1118.22,1118.7,1101.67,1101.68,RUT 2000
9/29/2014,1110.43,1120.55,1107.81,1117.91,RUT 2000
9/26/2014,1111.63,1119.73,1111.04,1119.33,RUT 2000
9/25/2014,1126.1,1126.1,1107.51,1110.24,RUT 2000
9/24/2014,1120.66,1129.59,1116.13,1128.31,RUT 2000
9/23/2014,1126.51,1131.63,1118.71,1118.71,RUT 2000
9/22/2014,1141.99,1141.99,1127.42,1129.36,RUT 2000
9/19/2014,1161.65,1163.86,1143.47,1146.92,RUT 2000
9/18/2014,1157.08,1160.3,1156.07,1159.27,RUT 2000
9/17/2014,1151.96,1159.85,1149.93,1153.89,RUT 2000
9/16/2014,1144.25,1152.86,1141.45,1150.97,RUT 2000
9/15/2014,1159.98,1160.06,1144.41,1146.52,RUT 2000
9/12/2014,1172.93,1172.95,1157.44,1160.61,RUT 2000
9/11/2014,1159.5,1172.65,1158.6,1172.34,RUT 2000
9/10/2014,1158.77,1165.11,1155.11,1164.99,RUT 2000
9/9/2014,1170.94,1171.24,1157.85,1158.5,RUT 2000
9/8/2014,1169.32,1174.22,1166.12,1172.31,RUT 2000
9/5/2014,1164.34,1170.37,1160.02,1170.13,RUT 2000
9/4/2014,1174.17,1180.68,1165.27,1167.21,RUT 2000
9/3/2014,1183.29,1183.85,1170.84,1172.2,RUT 2000
9/2/2014,1177.29,1181.37,1173.06,1179.47,RUT 2000
8/29/2014,1167.59,1174.82,1164.78,1174.35,RUT 2000
8/28/2014,1168.26,1169.09,1164.11,1165.95,RUT 2000
8/27/2014,1176.4,1177.07,1171.14,1172.71,RUT 2000
8/26/2014,1166.19,1176.12,1166.19,1175.17,RUT 2000
8/25/2014,1167.13,1170.69,1161.8,1165.22,RUT 2000
8/22/2014,1159.38,1163.22,1154.96,1160.34,RUT 2000
8/21/2014,1157.22,1160.97,1147.45,1160.03,RUT 2000
8/20/2014,1158.75,1159.22,1152.77,1157.51,RUT 2000
8/19/2014,1159.83,1164.06,1159.83,1162.47,RUT 2000
8/18/2014,1149.4,1158.4,1149.4,1158.4,RUT 2000
8/15/2014,1151.31,1151.61,1131.83,1141.65,RUT 2000
8/14/2014,1142.13,1144.15,1140.82,1143.34,RUT 2000
8/13/2014,1136.17,1143.23,1135.61,1141.78,RUT 2000
8/12/2014,1138.63,1141.28,1129.11,1133.03,RUT 2000
8/11/2014,1136.48,1148.89,1135.24,1141.93,RUT 2000
8/8/2014,1119.88,1131.86,1118.49,1131.35,RUT 2000
8/7/2014,1127.97,1131.41,1116.43,1119.76,RUT 2000
8/6/2014,1116.08,1131.64,1114.29,1125.55,RUT 2000
8/5/2014,1119.69,1129.42,1114.87,1121.56,RUT 2000
8/4/2014,1118.46,1125.54,1108.27,1124.82,RUT 2000
8/1/2014,1120.54,1123.94,1107.31,1114.86,RUT 2000
7/31/2014,1137.26,1137.26,1120.06,1120.07,RUT 2000
7/30/2014,1147.96,1150.61,1142.54,1146.57,RUT 2000
7/29/2014,1141.65,1149.08,1140.32,1141.64,RUT 2000
7/28/2014,1145.18,1145.18,1132.16,1139.5,RUT 2000
7/25/2014,1149.78,1149.78,1141.84,1144.72,RUT 2000
7/24/2014,1159.7,1163.66,1153.59,1156.26,RUT 2000
7/23/2014,1157.44,1161.99,1155.76,1158.11,RUT 2000
7/22/2014,1151.46,1160.24,1151.46,1156.15,RUT 2000
7/21/2014,1146.39,1148.08,1140.05,1146.66,RUT 2000
7/18/2014,1131.92,1152.02,1131.83,1151.61,RUT 2000
7/17/2014,1146.96,1150.48,1131.42,1133.6,RUT 2000
7/16/2014,1159.3,1159.96,1148.18,1151.55,RUT 2000
7/15/2014,1165.54,1167.45,1148.73,1153.81,RUT 2000
7/14/2014,1168.0,1169.55,1163.85,1165.62,RUT 2000
7/11/2014,1160.12,1161.76,1155.2,1159.93,RUT 2000
7/10/2014,1158.59,1168.22,1151.12,1161.86,RUT 2000
7/9/2014,1174.87,1177.37,1170.13,1173.81,RUT 2000
7/8/2014,1184.72,1184.72,1166.97,1172.15,RUT 2000
7/7/2014,1204.64,1204.65,1186.57,1186.74,RUT 2000
7/3/2014,1203.47,1208.15,1203.43,1208.15,RUT 2000
7/2/2014,1204.78,1207.37,1198.58,1199.5,RUT 2000
7/1/2014,1196.23,1213.55,1196.13,1205.95,RUT 2000
6/30/2014,1188.41,1193.4,1185.24,1192.96,RUT 2000
6/27/2014,1175.25,1189.5,1175.02,1189.5,RUT 2000
6/26/2014,1182.61,1182.79,1172.91,1180.71,RUT 2000
6/25/2014,1168.74,1182.75,1168.53,1182.68,RUT 2000
6/24/2014,1182.96,1193.6,1172.98,1173.24,RUT 2000
6/23/2014,1189.47,1190.31,1183.16,1184.95,RUT 2000
6/20/2014,1186.13,1188.52,1182.05,1188.43,RUT 2000
6/19/2014,1185.88,1186.78,1177.8,1184.03,RUT 2000
6/18/2014,1176.64,1183.38,1172.03,1183.13,RUT 2000
6/17/2014,1165.64,1179.29,1163.67,1176.62,RUT 2000
6/16/2014,1162.02,1166.93,1158.1,1166.82,RUT 2000
6/13/2014,1162.59,1164.09,1154.33,1162.68,RUT 2000
6/12/2014,1165.27,1165.37,1156.07,1159.4,RUT 2000
6/11/2014,1167.69,1168.99,1161.43,1166.71,RUT 2000
6/10/2014,1173.12,1173.84,1166.9,1172.71,RUT 2000
6/9/2014,1166.28,1179.84,1166.14,1175.88,RUT 2000
6/6/2014,1158.69,1167.54,1158.39,1165.21,RUT 2000
6/5/2014,1133.78,1153.94,1128.4,1153.94,RUT 2000
6/4/2014,1122.91,1131.75,1119.86,1131.22,RUT 2000
6/3/2014,1128.9,1129.26,1118.66,1126.15,RUT 2000
6/2/2014,1136.37,1136.82,1121.05,1128.9,RUT 2000
5/30/2014,1141.73,1141.73,1130.8,1134.5,RUT 2000
5/29/2014,1140.09,1141.35,1134.78,1140.07,RUT 2000
5/28/2014,1140.84,1140.84,1132.95,1136.68,RUT 2000
5/27/2014,1132.43,1144.11,1132.43,1142.2,RUT 2000
5/23/2014,1115.3,1126.2,1113.75,1126.19,RUT 2000
5/22/2014,1105.45,1116.62,1105.14,1113.87,RUT 2000
5/21/2014,1101.37,1107.26,1093.66,1103.63,RUT 2000
5/20/2014,1112.08,1112.08,1092.0,1097.89,RUT 2000
5/19/2014,1100.58,1116.04,1099.62,1114.43,RUT 2000
5/16/2014,1095.18,1102.9,1088.56,1102.9,RUT 2000
5/15/2014,1099.19,1099.19,1082.53,1095.99,RUT 2000
5/14/2014,1120.03,1120.03,1102.06,1103.14,RUT 2000
5/13/2014,1132.77,1134.45,1121.03,1121.16,RUT 2000
5/12/2014,1111.69,1136.95,1111.69,1133.65,RUT 2000
5/9/2014,1092.4,1107.38,1091.5,1107.22,RUT 2000
5/8/2014,1107.61,1119.79,1095.51,1097.42,RUT 2000
5/7/2014,1109.61,1110.85,1093.28,1108.55,RUT 2000
5/6/2014,1121.95,1124.05,1108.01,1108.01,RUT 2000
5/5/2014,1122.22,1127.98,1115.1,1126.31,RUT 2000
5/2/2014,1127.02,1137.8,1126.39,1128.8,RUT 2000
5/1/2014,1126.04,1133.73,1114.29,1125.97,RUT 2000
4/30/2014,1118.46,1126.96,1109.37,1126.86,RUT 2000
4/29/2014,1122.04,1126.46,1118.42,1120.83,RUT 2000
4/28/2014,1127.18,1131.67,1102.26,1117.06,RUT 2000
4/25/2014,1139.01,1139.01,1120.98,1123.03,RUT 2000
4/24/2014,1152.64,1152.82,1136.43,1144.35,RUT 2000
4/23/2014,1155.05,1155.42,1146.84,1147.08,RUT 2000
4/22/2014,1143.36,1157.87,1143.36,1155.61,RUT 2000
4/21/2014,1139.6,1142.39,1132.22,1142.31,RUT 2000
4/17/2014,1130.27,1141.11,1127.05,1137.9,RUT 2000
4/16/2014,1126.46,1132.11,1121.86,1131.77,RUT 2000
4/15/2014,1117.9,1123.77,1095.8,1119.49,RUT 2000
4/14/2014,1120.81,1126.31,1105.56,1115.36,RUT 2000
4/11/2014,1119.54,1128.96,1107.93,1111.44,RUT 2000
4/10/2014,1159.27,1159.8,1123.68,1127.66,RUT 2000
4/9/2014,1148.01,1160.42,1144.77,1159.96,RUT 2000
4/8/2014,1136.87,1149.0,1131.27,1144.24,RUT 2000
4/7/2014,1150.35,1150.45,1130.04,1135.78,RUT 2000
4/4/2014,1187.66,1189.25,1150.41,1153.38,RUT 2000
4/3/2014,1193.44,1193.96,1176.7,1181.12,RUT 2000
4/2/2014,1190.79,1192.91,1187.52,1192.81,RUT 2000
4/1/2014,1175.47,1189.13,1175.47,1188.7,RUT 2000
3/31/2014,1158.11,1174.62,1156.67,1173.04,RUT 2000
3/28/2014,1151.96,1167.52,1149.61,1151.81,RUT 2000
3/27/2014,1155.05,1161.09,1146.83,1151.44,RUT 2000
3/26/2014,1184.21,1185.29,1155.49,1155.49,RUT 2000
3/25/2014,1183.84,1190.78,1171.95,1178.05,RUT 2000
3/24/2014,1196.02,1196.7,1169.51,1178.23,RUT 2000
3/21/2014,1203.16,1208.14,1192.8,1193.73,RUT 2000
3/20/2014,1193.37,1200.91,1190.08,1198.97,RUT 2000
3/19/2014,1204.81,1205.36,1189.56,1195.66,RUT 2000
3/18/2014,1189.27,1205.04,1189.27,1205.04,RUT 2000
3/17/2014,1187.12,1196.25,1186.75,1188.23,RUT 2000
3/14/2014,1173.24,1184.55,1173.23,1181.41,RUT 2000
3/13/2014,1194.93,1195.88,1171.87,1176.74,RUT 2000
3/12/2014,1181.29,1191.37,1177.48,1191.37,RUT 2000
3/11/2014,1200.54,1204.39,1183.43,1187.05,RUT 2000
3/10/2014,1203.32,1202.29,1193.23,1200.54,RUT 2000
3/7/2014,1204.55,1210.58,1199.06,1203.32,RUT 2000
3/6/2014,1205.91,1208.8,1202.07,1204.55,RUT 2000
3/5/2014,1208.65,1207.41,1203.06,1205.91,RUT 2000
3/4/2014,1187.28,1212.82,1187.28,1208.65,RUT 2000
3/3/2014,1183.03,1179.62,1164.77,1176.36,RUT 2000
2/28/2014,1189.19,1193.5,1177.2,1183.03,RUT 2000
2/27/2014,1179.28,1187.94,1176.64,1187.94,RUT 2000
2/26/2014,1176.11,1188.06,1173.91,1181.72,RUT 2000
2/25/2014,1176.0,1179.34,1171.17,1173.95,RUT 2000
2/24/2014,1166.74,1180.29,1166.74,1174.55,RUT 2000
2/21/2014,1166.24,1168.43,1163.51,1164.63,RUT 2000
2/20/2014,1149.07,1163.02,1148.66,1162.12,RUT 2000
2/19/2014,1161.48,1163.96,1148.71,1149.07,RUT 2000
2/18/2014,1151.89,1162.22,1151.14,1161.48,RUT 2000
2/14/2014,1147.79,1149.9,1142.67,1149.21,RUT 2000
2/13/2014,1132.54,1147.8,1124.4,1147.79,RUT 2000
2/12/2014,1130.18,1137.44,1129.05,1132.54,RUT 2000
2/11/2014,1119.81,1131.01,1118.15,1129.16,RUT 2000
2/10/2014,1116.58,1118.89,1109.11,1118.73,RUT 2000
2/7/2014,1107.3,1116.62,1104.9,1116.55,RUT 2000
2/6/2014,1095.65,1107.44,1095.63,1103.93,RUT 2000
2/5/2014,1097.63,1098.67,1082.72,1093.59,RUT 2000
2/4/2014,1099.69,1107.62,1094.45,1102.84,RUT 2000
2/3/2014,1127.14,1137.97,1091.17,1094.58,RUT 2000
1/31/2014,1130.88,1130.88,1124.67,1130.88,RUT 2000
1/30/2014,1130.35,1144.54,1130.35,1139.36,RUT 2000
1/29/2014,1129.5,1134.18,1119.8,1122.45,RUT 2000
1/28/2014,1128.87,1138.23,1128.65,1138.23,RUT 2000
1/27/2014,1127.73,1147.43,1121.12,1127.73,RUT 2000
1/24/2014,1164.77,1164.77,1141.8,1144.13,RUT 2000
1/23/2014,1177.57,1177.57,1166.67,1172.4,RUT 2000
1/22/2014,1181.29,1182.04,1175.3,1181.29,RUT 2000
1/21/2014,1175.23,1177.11,1168.25,1175.72,RUT 2000
1/17/2014,1168.43,1173.37,1166.76,1168.43,RUT 2000
1/16/2014,1173.13,1173.13,1168.69,1173.13,RUT 2000
1/15/2014,1171.35,1171.96,1171.35,1171.35,RUT 2000
1/14/2014,1151.78,1163.42,1150.99,1163.42,RUT 2000
1/13/2014,1163.03,1164.11,1142.38,1148.09,RUT 2000
1/10/2014,1160.17,1164.53,1154.89,1164.53,RUT 2000
1/9/2014,1161.26,1163.88,1152.17,1158.35,RUT 2000
1/8/2014,1159.18,1159.37,1151.97,1157.46,RUT 2000
1/7/2014,1150.86,1160.02,1150.86,1157.63,RUT 2000
1/6/2014,1159.27,1159.85,1146.97,1147.16,RUT 2000
1/3/2014,1151.76,1157.76,1151.22,1156.09,RUT 2000
1/2/2014,1160.5,1160.5,1146.6,1150.72,RUT 2000
